29/12/2011 12:16:44;90;13
29/12/2011 12:16:45;9;13
29/12/2011 12:16:47;6;15
29/12/2011 12:16:48;6;15
29/12/2011 12:16:51;11;19
29/12/2011 12:16:51;11;19
29/12/2011 12:16:51;13;17
29/12/2011 12:16:52;13;9
29/12/2011 12:16:54;11;9
29/12/2011 12:16:55;11;11
29/12/2011 12:16:57;11;11
29/12/2011 12:16:58;11;11
29/12/2011 12:17:00;11;11
29/12/2011 12:17:01;11;9
29/12/2011 12:17:03;11;9
29/12/2011 12:17:04;9;9
29/12/2011 12:17:05;11;9
29/12/2011 12:17:07;11;9
29/12/2011 12:17:08;11;9
29/12/2011 12:17:10;11;9
29/12/2011 12:17:11;11;9
29/12/2011 12:17:13;9;9
29/12/2011 12:17:14;11;9
29/12/2011 12:17:16;11;9
29/12/2011 12:17:17;9;9
29/12/2011 12:17:19;11;9
29/12/2011 12:17:20;9;9
29/12/2011 12:17:21;11;9
29/12/2011 12:17:23;115;32
29/12/2011 12:17:24;104;45
29/12/2011 12:17:26;90;53
29/12/2011 12:17:27;109;77
29/12/2011 12:17:29;94;87
29/12/2011 12:17:32;4;45
29/12/2011 12:17:33;4;23
29/12/2011 12:17:34;4;11
29/12/2011 12:17:36;119;23
29/12/2011 12:17:37;104;34
29/12/2011 12:17:39;113;62
29/12/2011 12:17:40;98;75
29/12/2011 12:17:42;102;85
29/12/2011 12:17:43;111;109
29/12/2011 12:17:44;107;107
29/12/2011 12:17:46;111;107
29/12/2011 12:17:47;115;107
29/12/2011 12:17:49;119;113
29/12/2011 12:17:50;124;113
29/12/2011 12:17:52;126;115
29/12/2011 12:17:53;141;122
29/12/2011 12:17:55;130;126
29/12/2011 12:17:56;11;102
29/12/2011 12:17:57;9;87
29/12/2011 12:18:00;11;45
29/12/2011 12:18:02;11;28
29/12/2011 12:18:03;6;9
29/12/2011 12:18:05;4;9
29/12/2011 12:18:06;190;43
29/12/2011 12:18:09;160;96
29/12/2011 12:18:10;154;115
29/12/2011 12:18:12;158;134
29/12/2011 12:18:15;164;156
29/12/2011 12:18:16;4;119
29/12/2011 12:18:19;4;64
29/12/2011 12:18:21;4;45
29/12/2011 12:18:22;4;23
29/12/2011 12:18:24;162;23
29/12/2011 12:18:25;188;47
29/12/2011 12:18:27;171;87
29/12/2011 12:18:29;160;107
29/12/2011 12:18:30;164;147
29/12/2011 12:18:32;168;168
29/12/2011 12:18:33;175;171
29/12/2011 12:18:35;171;166
29/12/2011 12:18:36;177;166
29/12/2011 12:18:38;175;171
29/12/2011 12:18:39;181;173
29/12/2011 12:18:41;186;175
29/12/2011 12:18:42;190;179
29/12/2011 12:18:44;196;181
29/12/2011 12:18:45;9;158
29/12/2011 12:18:47;11;136
29/12/2011 12:18:48;11;94
29/12/2011 12:18:52;4;23
29/12/2011 12:18:53;4;6
29/12/2011 12:18:55;2;6
29/12/2011 12:18:56;262;53
29/12/2011 12:18:58;211;79
29/12/2011 12:18:59;200;128
29/12/2011 12:19:01;203;154
29/12/2011 12:19:02;207;205
29/12/2011 12:19:04;211;213
29/12/2011 12:19:06;196;205
29/12/2011 12:19:07;4;154
29/12/2011 12:19:09;4;128
29/12/2011 12:19:10;2;79
29/12/2011 12:19:12;4;53
29/12/2011 12:19:13;220;124
29/12/2011 12:19:15;222;151
29/12/2011 12:19:16;215;207
29/12/2011 12:19:18;224;224
29/12/2011 12:19:21;226;222
29/12/2011 12:19:22;220;222
29/12/2011 12:19:24;228;222
29/12/2011 12:19:25;235;224
29/12/2011 12:19:27;243;226
29/12/2011 12:19:28;222;226
29/12/2011 12:19:30;232;226
29/12/2011 12:19:31;4;177
29/12/2011 12:19:33;4;149
29/12/2011 12:19:34;4;94
29/12/2011 12:19:36;2;64
29/12/2011 12:19:37;4;6
29/12/2011 12:19:39;4;2
29/12/2011 12:19:41;55;9
29/12/2011 12:19:44;232;98
29/12/2011 12:19:45;224;154
29/12/2011 12:19:47;226;181
29/12/2011 12:19:50;243;228
29/12/2011 12:19:51;109;213
29/12/2011 12:19:54;4;132
29/12/2011 12:19:56;4;77
29/12/2011 12:19:57;4;47
29/12/2011 12:19:59;249;36
29/12/2011 12:20:00;269;68
29/12/2011 12:20:02;239;98
29/12/2011 12:20:03;243;158
29/12/2011 12:20:05;245;188
29/12/2011 12:20:07;239;247
29/12/2011 12:20:08;247;247
29/12/2011 12:20:10;254;245
29/12/2011 12:20:11;249;245
29/12/2011 12:20:13;245;245
29/12/2011 12:20:14;235;243
29/12/2011 12:20:16;262;247
29/12/2011 12:20:17;256;249
29/12/2011 12:20:19;4;147
29/12/2011 12:20:20;4;83
29/12/2011 12:20:22;4;51
29/12/2011 12:20:23;4;2
29/12/2011 12:20:25;2;2
29/12/2011 12:20:26;286;62
29/12/2011 12:20:28;264;96
29/12/2011 12:20:29;237;124
29/12/2011 12:20:31;252;186
29/12/2011 12:20:32;245;215
29/12/2011 12:20:34;254;254
29/12/2011 12:20:35;222;245
29/12/2011 12:20:37;4;213
29/12/2011 12:20:38;4;154
29/12/2011 12:20:40;2;124
29/12/2011 12:20:41;4;62
29/12/2011 12:20:45;292;51
29/12/2011 12:20:46;273;85
29/12/2011 12:20:48;252;115
29/12/2011 12:20:49;254;177
29/12/2011 12:20:51;245;209
29/12/2011 12:20:52;241;256
29/12/2011 12:20:54;252;249
29/12/2011 12:20:55;256;247
29/12/2011 12:20:57;264;249
29/12/2011 12:20:58;249;247
29/12/2011 12:21:00;239;249
29/12/2011 12:21:01;264;252
29/12/2011 12:21:03;230;252
29/12/2011 12:21:04;241;249
29/12/2011 12:21:06;4;188
29/12/2011 12:21:07;2;156
29/12/2011 12:21:09;4;126
29/12/2011 12:21:10;4;62
29/12/2011 12:21:12;4;34
29/12/2011 12:21:13;4;2
29/12/2011 12:21:14;75;11
29/12/2011 12:21:16;249;79
29/12/2011 12:21:17;260;111
29/12/2011 12:21:19;245;141
29/12/2011 12:21:20;254;205
29/12/2011 12:21:22;249;235
29/12/2011 12:21:23;260;254
29/12/2011 12:21:24;83;232
29/12/2011 12:21:26;4;171
29/12/2011 12:21:27;4;139
29/12/2011 12:21:29;4;107
29/12/2011 12:21:30;4;45
29/12/2011 12:21:32;4;13
29/12/2011 12:21:33;262;38
29/12/2011 12:21:36;249;132
29/12/2011 12:21:37;245;162
29/12/2011 12:21:39;241;192
29/12/2011 12:21:40;247;249
29/12/2011 12:21:42;241;247
29/12/2011 12:21:43;243;243
29/12/2011 12:21:45;249;243
29/12/2011 12:21:46;241;241
29/12/2011 12:21:47;247;243
29/12/2011 12:21:49;243;241
29/12/2011 12:21:50;239;241
29/12/2011 12:21:52;232;239
29/12/2011 12:21:53;4;196
29/12/2011 12:21:55;4;166
29/12/2011 12:21:56;2;104
29/12/2011 12:21:57;4;75
29/12/2011 12:21:59;4;47
29/12/2011 12:22:00;4;2
29/12/2011 12:22:02;9;4
29/12/2011 12:22:03;262;64
29/12/2011 12:22:05;237;94
29/12/2011 12:22:06;247;156
29/12/2011 12:22:08;252;186
29/12/2011 12:22:09;241;215
29/12/2011 12:22:10;222;241
29/12/2011 12:22:12;181;232
29/12/2011 12:22:13;4;173
29/12/2011 12:22:15;2;141
29/12/2011 12:22:16;4;81
29/12/2011 12:22:18;4;53
29/12/2011 12:22:19;4;26
29/12/2011 12:22:21;277;53
29/12/2011 12:22:22;267;87
29/12/2011 12:22:24;237;147
29/12/2011 12:22:25;247;177
29/12/2011 12:22:26;232;235
29/12/2011 12:22:28;241;247
29/12/2011 12:22:29;245;243
29/12/2011 12:22:31;241;237
29/12/2011 12:22:32;241;239
29/12/2011 12:22:34;241;235
29/12/2011 12:22:35;237;235
29/12/2011 12:22:36;235;235
29/12/2011 12:22:38;237;237
29/12/2011 12:22:39;226;235
29/12/2011 12:22:41;4;177
29/12/2011 12:22:42;4;147
29/12/2011 12:22:46;4;2
29/12/2011 12:22:48;2;2
29/12/2011 12:22:49;98;15
29/12/2011 12:22:51;252;81
29/12/2011 12:22:52;247;111
29/12/2011 12:22:54;228;171
29/12/2011 12:22:55;237;198
29/12/2011 12:22:56;237;245
29/12/2011 12:22:58;235;239
29/12/2011 12:22:59;55;215
29/12/2011 12:23:01;4;154
29/12/2011 12:23:02;4;126
29/12/2011 12:23:04;4;68
29/12/2011 12:23:05;4;38
29/12/2011 12:23:06;262;41
29/12/2011 12:23:11;232;156
29/12/2011 12:23:12;235;186
29/12/2011 12:23:14;239;239
29/12/2011 12:23:15;239;237
29/12/2011 12:23:16;228;235
29/12/2011 12:23:18;224;235
29/12/2011 12:23:19;224;232
29/12/2011 12:23:26;4;186
29/12/2011 12:23:28;4;158
29/12/2011 12:23:31;2;73
29/12/2011 12:23:32;4;43
29/12/2011 12:23:34;4;2
29/12/2011 12:23:35;17;4
29/12/2011 12:23:36;239;64
29/12/2011 12:23:38;239;94
29/12/2011 12:23:39;237;122
29/12/2011 12:23:41;237;181
29/12/2011 12:23:42;237;211
29/12/2011 12:23:44;235;235
29/12/2011 12:23:45;141;224
29/12/2011 12:23:47;4;164
29/12/2011 12:23:48;4;134
29/12/2011 12:23:50;4;107
29/12/2011 12:23:51;4;49
29/12/2011 12:23:53;4;19
29/12/2011 12:23:54;269;58
29/12/2011 12:23:56;237;85
29/12/2011 12:23:58;239;232
29/12/2011 12:24:00;215;228
29/12/2011 12:24:01;218;228
29/12/2011 12:24:03;226;226
29/12/2011 12:24:05;222;226
29/12/2011 12:24:06;224;224
29/12/2011 12:24:08;230;222
29/12/2011 12:24:09;181;218
29/12/2011 12:24:11;4;164
29/12/2011 12:24:12;4;136
29/12/2011 12:24:14;4;109
29/12/2011 12:24:15;4;53
29/12/2011 12:24:17;4;26
29/12/2011 12:24:18;2;2
29/12/2011 12:24:20;117;17
29/12/2011 12:24:21;247;81
29/12/2011 12:24:23;222;109
29/12/2011 12:24:24;232;136
29/12/2011 12:24:26;226;192
29/12/2011 12:24:28;245;222
29/12/2011 12:24:29;239;232
29/12/2011 12:24:31;19;205
29/12/2011 12:24:32;2;149
29/12/2011 12:24:34;4;122
29/12/2011 12:24:35;4;94
29/12/2011 12:24:37;2;34
29/12/2011 12:24:38;4;4
29/12/2011 12:24:40;245;55
29/12/2011 12:24:41;241;85
29/12/2011 12:24:43;243;145
29/12/2011 12:24:45;235;175
29/12/2011 12:24:46;232;203
29/12/2011 12:24:48;226;237
29/12/2011 12:24:49;230;235
29/12/2011 12:24:54;222;228
29/12/2011 12:24:55;224;228
29/12/2011 12:24:57;220;226
29/12/2011 12:24:58;230;226
29/12/2011 12:25:03;2;23
29/12/2011 12:25:04;4;2
29/12/2011 12:25:06;132;19
29/12/2011 12:25:07;252;83
29/12/2011 12:25:08;224;111
29/12/2011 12:25:10;239;168
29/12/2011 12:25:11;232;196
29/12/2011 12:25:13;887;307
29/12/2011 12:25:14;2239;789
29/12/2011 12:25:16;2222;1036
29/12/2011 12:25:17;2175;1525
29/12/2011 12:25:18;2154;1766
29/12/2011 12:25:20;2164;2167
29/12/2011 12:25:21;2162;2184
29/12/2011 12:25:23;2147;2173
29/12/2011 12:25:24;2179;2164
29/12/2011 12:25:26;2169;2164
29/12/2011 12:25:27;2162;2167
29/12/2011 12:25:28;2143;2164
29/12/2011 12:25:30;1970;2118
29/12/2011 12:25:31;1968;2092
29/12/2011 12:25:33;1968;2066
29/12/2011 12:25:34;1964;2013
29/12/2011 12:25:36;1964;1987
29/12/2011 12:25:37;1968;1966
29/12/2011 12:25:38;1977;1966
29/12/2011 12:25:40;2209;2026
29/12/2011 12:25:42;2167;2051
29/12/2011 12:25:43;2156;2075
29/12/2011 12:25:44;2171;2126
29/12/2011 12:25:47;2171;2169
29/12/2011 12:25:49;2171;2164
29/12/2011 12:25:50;2160;2167
29/12/2011 12:25:52;2075;2156
29/12/2011 12:25:53;1962;2128
29/12/2011 12:25:54;1962;2079
29/12/2011 12:25:56;1960;2051
29/12/2011 12:25:59;1962;1975
29/12/2011 12:26:00;2209;1998
29/12/2011 12:26:02;2194;2028
29/12/2011 12:26:03;2152;2051
29/12/2011 12:26:05;2167;2098
29/12/2011 12:26:06;2156;2124
29/12/2011 12:26:07;2152;2164
29/12/2011 12:26:09;2147;2158
29/12/2011 12:26:10;2152;2152
29/12/2011 12:26:12;2160;2154
29/12/2011 12:26:13;2150;2152
29/12/2011 12:26:15;2152;2152
29/12/2011 12:26:17;2026;2137
29/12/2011 12:26:20;1960;2064
29/12/2011 12:26:21;1960;2041
29/12/2011 12:26:23;1960;1992
29/12/2011 12:26:24;1960;1966
29/12/2011 12:26:26;1962;1958
29/12/2011 12:26:27;1981;1962
29/12/2011 12:26:28;2209;2022
29/12/2011 12:26:30;2162;2047
29/12/2011 12:26:31;2160;2073
29/12/2011 12:26:33;2160;2124
29/12/2011 12:26:34;2154;2147
29/12/2011 12:26:36;2152;2164
29/12/2011 12:26:37;2147;2158
29/12/2011 12:26:38;2167;2158
29/12/2011 12:26:40;2062;2145
29/12/2011 12:26:41;1964;2122
29/12/2011 12:26:43;1968;2073
29/12/2011 12:26:44;1968;2049
29/12/2011 12:26:46;1966;2002
29/12/2011 12:26:47;1964;1977
29/12/2011 12:26:49;2233;2007
29/12/2011 12:26:50;2190;2034
29/12/2011 12:26:53;2154;2107
29/12/2011 12:26:56;2171;2175
29/12/2011 12:26:58;2177;2167
29/12/2011 12:26:59;2162;2162
29/12/2011 12:27:03;2194;2164
29/12/2011 12:27:05;2037;2147
29/12/2011 12:27:08;1981;2079
29/12/2011 12:27:09;1981;2037
29/12/2011 12:27:10;1979;2013
29/12/2011 12:27:12;1981;1987
29/12/2011 12:27:13;1983;1981
29/12/2011 12:27:15;2007;1983
29/12/2011 12:27:16;2222;2043
29/12/2011 12:27:18;2175;2069
29/12/2011 12:27:19;2164;2115
29/12/2011 12:27:20;2162;2137
29/12/2011 12:27:23;2164;2173
29/12/2011 12:27:25;2171;2167
29/12/2011 12:27:26;2169;2164
29/12/2011 12:27:28;2069;2152
29/12/2011 12:27:29;1977;2105
29/12/2011 12:27:30;1975;2083
29/12/2011 12:27:32;1973;2058
29/12/2011 12:27:33;1975;2011
29/12/2011 12:27:35;1973;1985
29/12/2011 12:27:36;2231;2013
29/12/2011 12:27:38;2199;2041
29/12/2011 12:27:41;2167;2113
29/12/2011 12:27:42;2171;2139
29/12/2011 12:27:44;2171;2177
29/12/2011 12:27:45;2156;2169
29/12/2011 12:27:46;2158;2164
29/12/2011 12:27:48;2150;2162
29/12/2011 12:27:49;2177;2162
29/12/2011 12:27:51;2177;2164
29/12/2011 12:27:52;2007;2145
29/12/2011 12:27:54;1975;2096
29/12/2011 12:27:55;1973;2073
29/12/2011 12:27:56;1977;2028
29/12/2011 12:27:58;1977;2002
29/12/2011 12:27:59;1975;1973
29/12/2011 12:28:01;1977;1975
29/12/2011 12:28:02;2009;1979
29/12/2011 12:28:03;2188;2037
29/12/2011 12:28:05;2179;2062
29/12/2011 12:28:06;2160;2107
29/12/2011 12:28:08;2171;2132
29/12/2011 12:28:09;2173;2177
29/12/2011 12:28:11;2169;2171
29/12/2011 12:28:12;2175;2169
29/12/2011 12:28:14;2182;2171
29/12/2011 12:28:17;1983;2113
29/12/2011 12:28:18;1979;2088
29/12/2011 12:28:20;1977;2041
29/12/2011 12:28:21;1981;2015
29/12/2011 12:28:24;2239;2019
29/12/2011 12:28:26;2199;2047
29/12/2011 12:28:27;2160;2094
29/12/2011 12:28:29;2160;2118
29/12/2011 12:28:30;2162;2164
29/12/2011 12:28:31;2179;2182
29/12/2011 12:28:33;2156;2171
29/12/2011 12:28:34;2162;2164
29/12/2011 12:28:36;2164;2164
29/12/2011 12:28:37;2177;2167
29/12/2011 12:28:39;2186;2171
29/12/2011 12:28:40;1983;2128
29/12/2011 12:28:41;1985;2105
29/12/2011 12:28:43;1985;2083
29/12/2011 12:28:44;1985;2037
29/12/2011 12:28:46;1985;2013
29/12/2011 12:28:47;1983;1983
29/12/2011 12:28:49;1983;1983
29/12/2011 12:28:50;2228;2032
29/12/2011 12:28:52;2188;2058
29/12/2011 12:28:53;2145;2077
29/12/2011 12:28:55;2169;2124
29/12/2011 12:28:56;2171;2147
29/12/2011 12:28:57;2175;2175
29/12/2011 12:28:59;2184;2169
29/12/2011 12:29:00;2167;2169
29/12/2011 12:29:02;2139;2164
29/12/2011 12:29:03;1975;2141
29/12/2011 12:29:05;1975;2094
29/12/2011 12:29:06;1977;2069
29/12/2011 12:29:08;1975;2019
29/12/2011 12:29:09;1970;1994
29/12/2011 12:29:13;2179;2056
29/12/2011 12:29:15;2160;2103
29/12/2011 12:29:16;2179;2128
29/12/2011 12:29:18;2169;2175
29/12/2011 12:29:19;2143;2171
29/12/2011 12:29:20;2156;2164
29/12/2011 12:29:22;2184;2167
29/12/2011 12:29:23;2147;2164
29/12/2011 12:29:25;2175;2167
29/12/2011 12:29:26;2092;2156
29/12/2011 12:29:28;1977;2111
29/12/2011 12:29:29;1977;2088
29/12/2011 12:29:30;1977;2041
29/12/2011 12:29:32;1977;2015
29/12/2011 12:29:35;1975;1975
29/12/2011 12:29:36;1977;1975
29/12/2011 12:29:38;2233;2028
29/12/2011 12:29:39;2175;2054
29/12/2011 12:29:42;2169;2124
29/12/2011 12:29:45;2186;2179
29/12/2011 12:29:46;2177;2171
29/12/2011 12:29:48;2171;2171
29/12/2011 12:29:49;2126;2167
29/12/2011 12:29:52;1981;2096
29/12/2011 12:29:54;1979;2071
29/12/2011 12:29:55;1979;2022
29/12/2011 12:29:56;1979;1998
29/12/2011 12:29:58;2211;2009
29/12/2011 12:29:59;2216;2039
29/12/2011 12:30:01;2164;2086
29/12/2011 12:30:02;2167;2109
29/12/2011 12:30:04;2158;2132
29/12/2011 12:30:05;2150;2175
29/12/2011 12:30:06;2169;2169
29/12/2011 12:30:08;2164;2162
29/12/2011 12:30:09;2173;2164
29/12/2011 12:30:11;2162;2167
29/12/2011 12:30:12;2173;2169
29/12/2011 12:30:15;1975;2109
29/12/2011 12:30:16;1973;2086
29/12/2011 12:30:18;1973;2034
29/12/2011 12:30:19;1970;2011
29/12/2011 12:30:21;1970;1985
29/12/2011 12:30:24;1968;1968
29/12/2011 12:30:25;2220;2022
29/12/2011 12:30:26;2192;2049
29/12/2011 12:30:28;2156;2096
29/12/2011 12:30:31;2158;2143
29/12/2011 12:30:32;2158;2171
29/12/2011 12:30:34;2175;2167
29/12/2011 12:30:35;2167;2162
29/12/2011 12:30:38;1975;2113
29/12/2011 12:30:39;1973;2088
29/12/2011 12:30:41;1973;2064
29/12/2011 12:30:42;1977;2017
29/12/2011 12:30:44;1975;1992
29/12/2011 12:30:45;2207;2005
29/12/2011 12:30:47;2179;2135
29/12/2011 12:30:48;2173;2182
29/12/2011 12:30:49;2169;2177
29/12/2011 12:30:51;2179;2169
29/12/2011 12:30:52;2173;2171
29/12/2011 12:30:54;2150;2169
29/12/2011 12:30:55;2150;2164
29/12/2011 12:30:57;2069;2152
29/12/2011 12:30:58;1968;2103
29/12/2011 12:30:59;1966;2075
29/12/2011 12:31:01;1975;2026
29/12/2011 12:31:02;1973;2005
29/12/2011 12:31:04;1970;1968
29/12/2011 12:31:07;2037;1979
29/12/2011 12:31:08;2199;2041
29/12/2011 12:31:10;2177;2066
29/12/2011 12:31:11;2160;2115
29/12/2011 12:31:12;2177;2141
29/12/2011 12:31:14;2175;2182
29/12/2011 12:31:15;2182;2175
29/12/2011 12:31:17;2173;2171
29/12/2011 12:31:18;2177;2171
29/12/2011 12:31:21;1979;2103
29/12/2011 12:31:22;1977;2077
29/12/2011 12:31:24;1979;2028
29/12/2011 12:31:25;1979;2007
29/12/2011 12:31:27;1979;1981
29/12/2011 12:31:28;2245;2026
29/12/2011 12:31:30;2196;2054
29/12/2011 12:31:33;2158;2124
29/12/2011 12:31:34;2164;2171
29/12/2011 12:31:35;2164;2177
29/12/2011 12:31:37;2156;2167
29/12/2011 12:31:38;2182;2167
29/12/2011 12:31:40;2158;2164
29/12/2011 12:31:41;2177;2167
29/12/2011 12:31:43;2173;2167
29/12/2011 12:31:44;1975;2122
29/12/2011 12:31:45;1973;2096
29/12/2011 12:31:47;1979;2071
29/12/2011 12:31:48;1977;2026
29/12/2011 12:31:51;1975;1975
29/12/2011 12:31:53;1977;1975
29/12/2011 12:31:54;2216;2007
29/12/2011 12:31:55;2222;2037
29/12/2011 12:31:57;2190;2064
29/12/2011 12:31:58;2171;2111
29/12/2011 12:32:00;2162;2135
29/12/2011 12:32:01;2162;2182
29/12/2011 12:32:03;2169;2175
29/12/2011 12:32:04;2171;2167
29/12/2011 12:32:05;2177;2167
29/12/2011 12:32:07;2094;2158
29/12/2011 12:32:08;1973;2109
29/12/2011 12:32:10;1975;2086
29/12/2011 12:32:11;1979;2039
29/12/2011 12:32:13;1979;2015
29/12/2011 12:32:14;2019;1981
29/12/2011 12:32:16;2222;2011
29/12/2011 12:32:17;2209;2041
29/12/2011 12:32:20;2173;2115
29/12/2011 12:32:23;2154;2177
29/12/2011 12:32:24;2158;2164
29/12/2011 12:32:26;2184;2167
29/12/2011 12:32:27;2158;2164
29/12/2011 12:32:28;2143;2164
29/12/2011 12:32:30;2182;2164
29/12/2011 12:32:31;1968;2124
29/12/2011 12:32:34;1975;2051
29/12/2011 12:32:36;1975;2026
29/12/2011 12:32:37;1975;2005
29/12/2011 12:32:38;1975;1973
29/12/2011 12:32:40;1977;1973
29/12/2011 12:32:41;2250;2022
29/12/2011 12:32:43;2201;2049
29/12/2011 12:32:44;2186;2103
29/12/2011 12:32:47;2184;2156
29/12/2011 12:32:48;2164;2192
29/12/2011 12:32:50;2175;2184
29/12/2011 12:32:51;2182;2179
29/12/2011 12:32:53;2182;2179
29/12/2011 12:32:54;1983;2128
29/12/2011 12:32:56;1981;2105
29/12/2011 12:32:57;1981;2081
29/12/2011 12:32:59;1979;2032
29/12/2011 12:33:00;1981;2007
29/12/2011 12:33:03;2241;2032
29/12/2011 12:33:04;2175;2083
29/12/2011 12:33:06;2167;2107
29/12/2011 12:33:07;2179;2132
29/12/2011 12:33:09;2177;2182
29/12/2011 12:33:10;2175;2186
29/12/2011 12:33:11;2164;2173
29/12/2011 12:33:13;2179;2175
29/12/2011 12:33:14;2179;2175
29/12/2011 12:33:16;2179;2173
29/12/2011 12:33:17;2132;2169
29/12/2011 12:33:19;1983;2122
29/12/2011 12:33:20;1987;2098
29/12/2011 12:33:22;1987;2051
29/12/2011 12:33:23;1987;2028
29/12/2011 12:33:24;1983;1985
29/12/2011 12:33:26;1987;1985
29/12/2011 12:33:27;2005;1987
29/12/2011 12:33:29;2235;2049
29/12/2011 12:33:30;2173;2073
29/12/2011 12:33:32;2173;2118
29/12/2011 12:33:33;2173;2143
29/12/2011 12:33:35;2177;2188
29/12/2011 12:33:36;2186;2182
29/12/2011 12:33:38;2186;2175
29/12/2011 12:33:39;2184;2179
29/12/2011 12:33:40;2096;2169
29/12/2011 12:33:42;1992;2124
29/12/2011 12:33:45;1994;2051
29/12/2011 12:33:46;1992;2028
29/12/2011 12:33:48;1994;2005
29/12/2011 12:33:50;2216;2058
29/12/2011 12:33:52;2190;2105
29/12/2011 12:33:53;2167;2128
29/12/2011 12:33:55;2182;2175
29/12/2011 12:33:56;2196;2192
29/12/2011 12:33:58;2186;2186
29/12/2011 12:33:59;2188;2182
29/12/2011 12:34:00;2173;2179
29/12/2011 12:34:02;2196;2186
29/12/2011 12:34:03;2188;2186
29/12/2011 12:34:05;1987;2141
29/12/2011 12:34:06;1983;2118
29/12/2011 12:34:08;1985;2092
29/12/2011 12:34:09;1985;2043
29/12/2011 12:34:10;1983;2015
29/12/2011 12:34:12;1979;1983
29/12/2011 12:34:13;1981;1981
29/12/2011 12:34:15;2245;2028
29/12/2011 12:34:16;2196;2056
29/12/2011 12:34:18;2167;2077
29/12/2011 12:34:19;2175;2126
29/12/2011 12:34:20;2188;2152
29/12/2011 12:34:22;2188;2188
29/12/2011 12:34:23;2184;2179
29/12/2011 12:34:25;2186;2179
29/12/2011 12:34:26;2177;2179
29/12/2011 12:34:28;1981;2156
29/12/2011 12:34:29;1983;2107
29/12/2011 12:34:30;1985;2081
29/12/2011 12:34:32;1983;2032
29/12/2011 12:34:33;1983;2007
29/12/2011 12:34:35;2160;2005
29/12/2011 12:34:36;2233;2037
29/12/2011 12:34:39;2169;2109
29/12/2011 12:34:40;2167;2132
29/12/2011 12:34:42;2177;2179
29/12/2011 12:34:44;2177;2182
29/12/2011 12:34:45;2175;2173
29/12/2011 12:34:46;2184;2173
29/12/2011 12:34:48;2167;2173
29/12/2011 12:34:49;2177;2173
29/12/2011 12:34:51;2107;2164
29/12/2011 12:34:52;1979;2115
29/12/2011 12:34:53;1979;2092
29/12/2011 12:34:55;1981;2043
29/12/2011 12:34:56;1983;2019
29/12/2011 12:34:58;1981;1994
29/12/2011 12:34:59;1979;1979
29/12/2011 12:35:01;2015;1983
29/12/2011 12:35:02;2222;2047
29/12/2011 12:35:03;2175;2071
29/12/2011 12:35:06;2177;2143
29/12/2011 12:35:08;2184;2169
29/12/2011 12:35:10;2184;2184
29/12/2011 12:35:11;2186;2179
29/12/2011 12:35:12;2173;2182
29/12/2011 12:35:14;2058;2164
29/12/2011 12:35:15;1981;2141
29/12/2011 12:35:17;1983;2092
29/12/2011 12:35:18;1985;2066
29/12/2011 12:35:20;1981;2015
29/12/2011 12:35:21;1983;1992
29/12/2011 12:35:22;2237;2024
29/12/2011 12:35:24;2216;2051
29/12/2011 12:35:25;2169;2075
29/12/2011 12:35:27;2156;2118
29/12/2011 12:35:28;2169;2141
29/12/2011 12:35:29;2169;2177
29/12/2011 12:35:31;2173;2169
29/12/2011 12:35:32;2173;2162
29/12/2011 12:35:34;2173;2164
29/12/2011 12:35:35;2169;2167
29/12/2011 12:35:37;2167;2171
29/12/2011 12:35:38;2015;2152
29/12/2011 12:35:40;1992;2107
29/12/2011 12:35:41;1990;2083
29/12/2011 12:35:42;1992;2039
29/12/2011 12:35:44;1992;2015
29/12/2011 12:35:48;2141;2009
29/12/2011 12:35:50;2188;2064
29/12/2011 12:35:51;2171;2088
29/12/2011 12:35:54;2164;2152
29/12/2011 12:35:56;2150;2175
29/12/2011 12:35:57;2167;2167
29/12/2011 12:35:58;2158;2162
29/12/2011 12:36:00;2158;2164
29/12/2011 12:36:01;1983;2141
29/12/2011 12:36:03;1987;2094
29/12/2011 12:36:04;1990;2075
29/12/2011 12:36:07;1987;2007
29/12/2011 12:36:08;2073;1996
29/12/2011 12:36:10;2179;2056
29/12/2011 12:36:11;2192;2081
29/12/2011 12:36:14;2190;2156
29/12/2011 12:36:17;2175;2182
29/12/2011 12:36:18;2167;2179
29/12/2011 12:36:20;2167;2177
29/12/2011 12:36:21;2184;2175
29/12/2011 12:36:23;2182;2173
29/12/2011 12:36:24;2002;2152
29/12/2011 12:36:26;1983;2105
29/12/2011 12:36:27;1990;2079
29/12/2011 12:36:29;1990;2058
29/12/2011 12:36:30;1990;2013
29/12/2011 12:36:31;1990;1987
29/12/2011 12:36:33;1990;1987
29/12/2011 12:36:34;2158;2009
29/12/2011 12:36:36;2205;2069
29/12/2011 12:36:37;2192;2094
29/12/2011 12:36:40;2175;2169
29/12/2011 12:36:41;2186;2192
29/12/2011 12:36:43;2177;2186
29/12/2011 12:36:44;2182;2184
29/12/2011 12:36:46;2150;2175
29/12/2011 12:36:49;1985;2126
29/12/2011 12:36:50;1983;2077
29/12/2011 12:36:52;1990;2054
29/12/2011 12:36:53;1992;2007
29/12/2011 12:36:55;1990;1987
29/12/2011 12:36:56;2250;2032
29/12/2011 12:37:00;2199;2088
29/12/2011 12:37:01;2177;2132
29/12/2011 12:37:03;2160;2154
29/12/2011 12:37:06;2171;2182
29/12/2011 12:37:08;2173;2173
29/12/2011 12:37:09;2190;2175
29/12/2011 12:37:11;2184;2175
29/12/2011 12:37:13;2177;2179
29/12/2011 12:37:14;1998;2156
29/12/2011 12:37:15;1992;2015
29/12/2011 12:37:17;1994;1992
29/12/2011 12:37:18;1994;1992
29/12/2011 12:37:20;2182;2015
29/12/2011 12:37:22;2203;2075
29/12/2011 12:37:23;2186;2098
29/12/2011 12:37:25;2175;2143
29/12/2011 12:37:26;2201;2171
29/12/2011 12:37:28;2171;2192
29/12/2011 12:37:30;2194;2186
29/12/2011 12:37:31;2184;2184
29/12/2011 12:37:33;2137;2177
29/12/2011 12:37:35;1987;2154
29/12/2011 12:37:36;1953;2124
29/12/2011 12:37:39;4;1307
29/12/2011 12:37:41;2;761
29/12/2011 12:37:43;23;497
29/12/2011 12:37:44;243;66
29/12/2011 12:37:46;222;92
29/12/2011 12:37:47;213;119
29/12/2011 12:37:49;200;168
29/12/2011 12:37:50;203;194
29/12/2011 12:37:52;200;209
29/12/2011 12:37:53;213;207
29/12/2011 12:37:55;198;203
29/12/2011 12:37:56;207;203
29/12/2011 12:37:58;211;205
29/12/2011 12:37:59;98;194
29/12/2011 12:38:02;4;15
29/12/2011 12:38:04;2;2
29/12/2011 12:38:05;75;11
29/12/2011 12:38:07;279;47
29/12/2011 12:38:08;218;104
29/12/2011 12:38:10;200;128
29/12/2011 12:38:11;205;181
29/12/2011 12:38:13;222;207
29/12/2011 12:38:14;207;224
29/12/2011 12:38:16;207;211
29/12/2011 12:38:17;215;211
29/12/2011 12:38:19;49;192
29/12/2011 12:38:20;4;168
29/12/2011 12:38:21;2;115
29/12/2011 12:38:23;4;87
29/12/2011 12:38:24;4;62
29/12/2011 12:38:26;2;9
29/12/2011 12:38:27;130;19
29/12/2011 12:38:29;235;83
29/12/2011 12:38:30;188;104
29/12/2011 12:38:31;211;156
29/12/2011 12:38:33;203;181
29/12/2011 12:38:34;205;205
29/12/2011 12:38:36;203;205
29/12/2011 12:38:37;190;198
29/12/2011 12:38:40;198;198
29/12/2011 12:38:41;198;198
29/12/2011 12:38:43;2;175
29/12/2011 12:38:44;4;149
29/12/2011 12:38:46;4;102
29/12/2011 12:38:47;2;77
29/12/2011 12:38:49;4;28
29/12/2011 12:38:50;4;2
29/12/2011 12:38:52;13;4
29/12/2011 12:38:55;267;64
29/12/2011 12:38:56;186;113
29/12/2011 12:38:57;203;139
29/12/2011 12:38:59;200;186
29/12/2011 12:39:00;198;209
29/12/2011 12:39:02;203;198
29/12/2011 12:39:03;207;196
29/12/2011 12:39:05;207;198
29/12/2011 12:39:06;4;168
29/12/2011 12:39:08;2;143
29/12/2011 12:39:09;4;94
29/12/2011 12:39:12;4;19
29/12/2011 12:39:13;41;6
29/12/2011 12:39:15;264;41
29/12/2011 12:39:16;205;96
29/12/2011 12:39:18;194;119
29/12/2011 12:39:19;192;168
29/12/2011 12:39:20;196;192
29/12/2011 12:39:22;203;205
29/12/2011 12:39:23;198;198
29/12/2011 12:39:25;205;198
29/12/2011 12:39:26;215;198
29/12/2011 12:39:28;190;198
29/12/2011 12:39:29;85;183
29/12/2011 12:39:32;2;109
29/12/2011 12:39:33;4;87
29/12/2011 12:39:35;4;62
29/12/2011 12:39:36;2;13
29/12/2011 12:39:38;4;2
29/12/2011 12:39:39;15;4
29/12/2011 12:39:40;230;32
29/12/2011 12:39:42;260;64
29/12/2011 12:39:43;213;115
29/12/2011 12:39:45;203;141
29/12/2011 12:39:46;209;192
29/12/2011 12:39:48;190;213
29/12/2011 12:39:53;2;166
29/12/2011 12:39:55;4;141
29/12/2011 12:39:56;4;94
29/12/2011 12:39:59;4;19
29/12/2011 12:40:00;51;9
29/12/2011 12:40:02;271;43
29/12/2011 12:40:03;205;96
29/12/2011 12:40:05;205;122
29/12/2011 12:40:06;207;171
29/12/2011 12:40:08;211;196
29/12/2011 12:40:09;190;203
29/12/2011 12:40:11;205;198
29/12/2011 12:40:12;203;198
29/12/2011 12:40:17;79;183
29/12/2011 12:40:19;4;111
29/12/2011 12:40:21;4;85
29/12/2011 12:40:24;4;13
29/12/2011 12:40:25;2;2
29/12/2011 12:40:26;107;15
29/12/2011 12:40:28;303;53
29/12/2011 12:40:29;226;109
29/12/2011 12:40:31;222;136
29/12/2011 12:40:32;209;162
29/12/2011 12:40:34;211;213
29/12/2011 12:40:35;196;224
29/12/2011 12:40:36;211;209
29/12/2011 12:40:38;211;207
29/12/2011 12:40:39;11;181
29/12/2011 12:40:41;4;156
29/12/2011 12:40:44;2;81
29/12/2011 12:40:45;4;55
29/12/2011 12:40:46;4;4
29/12/2011 12:40:48;55;9
29/12/2011 12:40:49;239;73
29/12/2011 12:40:51;203;96
29/12/2011 12:40:52;205;122
29/12/2011 12:40:54;203;171
29/12/2011 12:40:55;198;196
29/12/2011 12:40:56;190;203
29/12/2011 12:40:58;192;198
29/12/2011 12:40:59;186;194
29/12/2011 12:41:01;192;194
29/12/2011 12:41:02;198;192
29/12/2011 12:41:04;51;173
29/12/2011 12:41:05;2;149
29/12/2011 12:41:07;4;102
29/12/2011 12:41:08;2;79
29/12/2011 12:41:10;4;32
29/12/2011 12:41:11;4;9
29/12/2011 12:41:12;2;2
29/12/2011 12:41:14;237;34
29/12/2011 12:41:15;241;64
29/12/2011 12:41:17;213;119
29/12/2011 12:41:18;209;145
29/12/2011 12:41:20;222;198
29/12/2011 12:41:21;211;222
29/12/2011 12:41:22;207;218
29/12/2011 12:41:24;198;209
29/12/2011 12:41:25;218;211
29/12/2011 12:41:27;2;168
29/12/2011 12:41:28;4;141
29/12/2011 12:41:31;4;64
29/12/2011 12:41:32;4;41
29/12/2011 12:41:34;64;11
29/12/2011 12:41:35;269;43
29/12/2011 12:41:37;209;96
29/12/2011 12:41:38;213;124
29/12/2011 12:41:40;207;173
29/12/2011 12:41:41;190;196
29/12/2011 12:41:42;207;215
29/12/2011 12:41:44;207;205
29/12/2011 12:41:45;218;207
29/12/2011 12:41:47;198;205
29/12/2011 12:41:48;188;203
29/12/2011 12:41:50;41;183
29/12/2011 12:41:51;4;158
29/12/2011 12:41:53;4;132
29/12/2011 12:41:54;4;79
29/12/2011 12:41:55;4;55
29/12/2011 12:41:57;2;6
29/12/2011 12:41:58;4;2
29/12/2011 12:42:00;139;19
29/12/2011 12:42:01;271;53
29/12/2011 12:42:03;224;81
29/12/2011 12:42:06;207;156
29/12/2011 12:42:07;211;207
29/12/2011 12:42:08;220;215
29/12/2011 12:42:10;211;209
29/12/2011 12:42:11;203;209
29/12/2011 12:42:13;196;209
29/12/2011 12:42:14;2;158
29/12/2011 12:42:16;4;132
29/12/2011 12:42:17;4;77
29/12/2011 12:42:18;2;51
29/12/2011 12:42:20;9;4
29/12/2011 12:42:23;264;62
29/12/2011 12:42:24;207;115
29/12/2011 12:42:26;213;141
29/12/2011 12:42:27;213;192
29/12/2011 12:42:28;209;218
29/12/2011 12:42:30;209;209
29/12/2011 12:42:31;196;207
29/12/2011 12:42:33;194;205
29/12/2011 12:42:34;220;209
29/12/2011 12:42:36;218;211
29/12/2011 12:42:37;23;179
29/12/2011 12:42:38;26;156
29/12/2011 12:42:40;26;113
29/12/2011 12:42:41;28;87
29/12/2011 12:42:43;26;64
29/12/2011 12:42:45;28;26
29/12/2011 12:42:46;26;26
29/12/2011 12:42:48;271;62
29/12/2011 12:42:51;207;134
29/12/2011 12:42:52;198;156
29/12/2011 12:42:54;205;177
29/12/2011 12:42:55;196;215
29/12/2011 12:42:57;192;205
29/12/2011 12:42:58;192;196
29/12/2011 12:43:00;213;196
29/12/2011 12:43:02;17;158
29/12/2011 12:43:03;19;136
29/12/2011 12:43:05;17;113
29/12/2011 12:43:08;19;49
29/12/2011 12:43:09;96;28
29/12/2011 12:43:11;254;55
29/12/2011 12:43:12;179;188
29/12/2011 12:43:13;183;198
29/12/2011 12:43:15;175;186
29/12/2011 12:43:16;179;183
29/12/2011 12:43:18;130;175
29/12/2011 12:43:20;209;158
29/12/2011 12:43:21;232;164
29/12/2011 12:43:23;190;166
29/12/2011 12:43:26;81;145
29/12/2011 12:43:27;81;154
29/12/2011 12:43:29;53;134
29/12/2011 12:43:30;58;94
29/12/2011 12:43:32;58;77
29/12/2011 12:43:35;58;58
29/12/2011 12:43:36;53;55
29/12/2011 12:43:38;58;55
29/12/2011 12:43:39;55;55
29/12/2011 12:43:41;55;55
29/12/2011 12:43:42;55;55
29/12/2011 12:43:43;53;53
29/12/2011 12:43:45;55;53
29/12/2011 12:43:46;124;62
29/12/2011 12:43:48;192;79
29/12/2011 12:43:49;230;102
29/12/2011 12:43:51;109;122
29/12/2011 12:43:52;102;128
29/12/2011 12:43:53;102;141
29/12/2011 12:43:55;102;139
29/12/2011 12:43:56;98;109
29/12/2011 12:44:01;96;98
29/12/2011 12:44:02;104;98
29/12/2011 12:44:05;111;102
29/12/2011 12:44:06;109;104
29/12/2011 12:44:08;115;107
29/12/2011 12:44:09;111;109
29/12/2011 12:44:11;113;111
29/12/2011 12:44:12;115;111
29/12/2011 12:44:14;115;113
29/12/2011 12:44:15;117;113
29/12/2011 12:44:16;122;115
29/12/2011 12:44:18;119;115
29/12/2011 12:44:19;117;115
29/12/2011 12:44:21;122;119
29/12/2011 12:44:22;124;119
29/12/2011 12:44:24;119;122
29/12/2011 12:44:25;126;122
29/12/2011 12:44:26;128;124
29/12/2011 12:44:28;128;124
29/12/2011 12:44:29;128;126
29/12/2011 12:44:31;132;128
29/12/2011 12:44:32;132;128
29/12/2011 12:44:36;136;132
29/12/2011 12:44:38;134;132
29/12/2011 12:44:39;141;134
29/12/2011 12:44:41;139;134
29/12/2011 12:44:42;166;139
29/12/2011 12:44:44;173;149
29/12/2011 12:44:45;183;156
29/12/2011 12:44:47;186;166
29/12/2011 12:44:48;186;173
29/12/2011 12:44:49;196;179
29/12/2011 12:44:51;179;183
29/12/2011 12:44:52;139;179
29/12/2011 12:44:54;145;171
29/12/2011 12:44:55;141;164
29/12/2011 12:44:57;143;151
29/12/2011 12:44:58;139;145
29/12/2011 12:44:59;141;141
29/12/2011 12:45:01;141;141
29/12/2011 12:45:02;139;139
29/12/2011 12:45:04;141;139
29/12/2011 12:45:05;136;139
29/12/2011 12:45:07;141;139
29/12/2011 12:45:08;139;139
29/12/2011 12:45:09;136;139
29/12/2011 12:45:11;141;139
29/12/2011 12:45:12;139;136
29/12/2011 12:45:14;134;136
29/12/2011 12:45:15;139;136
29/12/2011 12:45:17;136;136
29/12/2011 12:45:18;136;136
29/12/2011 12:45:20;136;136
29/12/2011 12:45:21;136;136
29/12/2011 12:45:22;136;136
29/12/2011 12:45:24;136;136
29/12/2011 12:45:25;136;136
29/12/2011 12:45:27;136;136
29/12/2011 12:45:28;136;136
29/12/2011 12:45:30;136;136
29/12/2011 12:45:31;134;134
29/12/2011 12:45:33;136;134
29/12/2011 12:45:34;134;134
29/12/2011 12:45:35;134;134
29/12/2011 12:45:37;136;134
29/12/2011 12:45:38;134;134
29/12/2011 12:45:40;136;134
29/12/2011 12:45:41;134;134
29/12/2011 12:45:43;136;134
29/12/2011 12:45:44;134;134
29/12/2011 12:45:45;136;134
29/12/2011 12:45:47;11;117
29/12/2011 12:45:48;9;102
29/12/2011 12:45:50;11;87
29/12/2011 12:45:51;9;55
29/12/2011 12:45:53;11;41
29/12/2011 12:45:54;9;9
29/12/2011 12:45:56;11;9
29/12/2011 12:45:57;9;9
29/12/2011 12:45:59;11;9
29/12/2011 12:46:00;9;9
29/12/2011 12:46:01;9;9
29/12/2011 12:46:03;11;9
29/12/2011 12:46:04;9;9
29/12/2011 12:46:06;11;9
29/12/2011 12:46:07;9;9
29/12/2011 12:46:09;11;9
29/12/2011 12:46:10;9;9
29/12/2011 12:46:11;17;9
29/12/2011 12:46:14;119;62
29/12/2011 12:46:16;126;77
29/12/2011 12:46:17;117;102
29/12/2011 12:46:19;115;115
29/12/2011 12:46:21;139;122
29/12/2011 12:46:23;130;124
29/12/2011 12:46:24;126;126
29/12/2011 12:46:26;128;128
29/12/2011 12:46:27;53;122
29/12/2011 12:46:29;9;107
29/12/2011 12:46:33;11;45
29/12/2011 12:46:34;9;13
29/12/2011 12:46:36;9;9
29/12/2011 12:46:37;83;17
29/12/2011 12:46:39;232;45
29/12/2011 12:46:40;175;66
29/12/2011 12:46:42;151;104
29/12/2011 12:46:43;166;124
29/12/2011 12:46:45;171;164
29/12/2011 12:46:46;171;175
29/12/2011 12:46:47;177;168
29/12/2011 12:46:49;183;168
29/12/2011 12:46:50;186;173
29/12/2011 12:46:52;9;139
29/12/2011 12:46:53;9;117
29/12/2011 12:46:55;11;77
29/12/2011 12:46:56;9;55
29/12/2011 12:46:57;9;11
29/12/2011 12:46:59;49;13
29/12/2011 12:47:00;262;45
29/12/2011 12:47:02;218;98
29/12/2011 12:47:03;190;122
29/12/2011 12:47:05;207;168
29/12/2011 12:47:06;205;192
29/12/2011 12:47:07;215;207
29/12/2011 12:47:09;215;205
29/12/2011 12:47:10;209;205
29/12/2011 12:47:12;209;209
29/12/2011 12:47:13;211;211
29/12/2011 12:47:15;68;192
29/12/2011 12:47:16;4;166
29/12/2011 12:47:17;4;139
29/12/2011 12:47:19;4;87
29/12/2011 12:47:20;4;62
29/12/2011 12:47:22;2;11
29/12/2011 12:47:23;4;2
29/12/2011 12:47:25;100;15
29/12/2011 12:47:26;294;51
29/12/2011 12:47:27;254;83
29/12/2011 12:47:29;198;134
29/12/2011 12:47:32;237;218
29/12/2011 12:47:33;222;232
29/12/2011 12:47:35;222;218
29/12/2011 12:47:37;218;218
29/12/2011 12:47:38;222;222
29/12/2011 12:47:40;4;171
29/12/2011 12:47:41;4;141
29/12/2011 12:47:43;4;87
29/12/2011 12:47:46;4;6
29/12/2011 12:47:47;166;23
29/12/2011 12:47:49;277;58
29/12/2011 12:47:50;211;111
29/12/2011 12:47:52;213;136
29/12/2011 12:47:53;224;192
29/12/2011 12:47:56;215;218
29/12/2011 12:47:58;220;218
29/12/2011 12:47:59;2;188
29/12/2011 12:48:01;4;162
29/12/2011 12:48:02;4;109
29/12/2011 12:48:04;2;79
29/12/2011 12:48:05;4;53
29/12/2011 12:48:07;2;2
29/12/2011 12:48:08;4;2
29/12/2011 12:48:10;249;36
29/12/2011 12:48:11;267;68
29/12/2011 12:48:13;222;126
29/12/2011 12:48:14;207;151
29/12/2011 12:48:16;222;179
29/12/2011 12:48:17;218;228
29/12/2011 12:48:19;205;224
29/12/2011 12:48:21;207;211
29/12/2011 12:48:22;215;211
29/12/2011 12:48:24;4;173
29/12/2011 12:48:25;2;147
29/12/2011 12:48:27;4;122
29/12/2011 12:48:30;2;45
29/12/2011 12:48:31;64;11
29/12/2011 12:48:33;269;43
29/12/2011 12:48:34;198;98
29/12/2011 12:48:36;226;126
29/12/2011 12:48:37;200;151
29/12/2011 12:48:39;213;203
29/12/2011 12:48:40;218;222
29/12/2011 12:48:42;211;209
29/12/2011 12:48:43;209;211
29/12/2011 12:48:45;220;211
29/12/2011 12:48:46;209;213
29/12/2011 12:48:48;224;213
29/12/2011 12:48:49;2;168
29/12/2011 12:48:51;4;141
29/12/2011 12:48:53;2;64
29/12/2011 12:48:55;4;11
29/12/2011 12:48:56;2;2
29/12/2011 12:48:58;4;2
29/12/2011 12:48:59;301;55
29/12/2011 12:49:01;237;85
29/12/2011 12:49:02;205;139
29/12/2011 12:49:03;215;164
29/12/2011 12:49:05;200;215
29/12/2011 12:49:06;215;226
29/12/2011 12:49:08;211;215
29/12/2011 12:49:09;213;211
29/12/2011 12:49:11;224;213
29/12/2011 12:49:13;4;136
29/12/2011 12:49:15;4;83
29/12/2011 12:49:16;4;58
29/12/2011 12:49:19;186;26
29/12/2011 12:49:21;267;58
29/12/2011 12:49:22;203;111
29/12/2011 12:49:23;213;136
29/12/2011 12:49:26;213;215
29/12/2011 12:49:28;211;218
29/12/2011 12:49:29;213;209
29/12/2011 12:49:31;205;209
29/12/2011 12:49:32;213;209
29/12/2011 12:49:33;190;207
29/12/2011 12:49:35;2;175
29/12/2011 12:49:36;4;151
29/12/2011 12:49:38;4;124
29/12/2011 12:49:39;4;73
29/12/2011 12:49:41;4;47
29/12/2011 12:49:42;2;2
29/12/2011 12:49:44;4;2
29/12/2011 12:49:45;136;19
29/12/2011 12:49:46;294;55
29/12/2011 12:49:48;241;85
29/12/2011 12:49:49;211;139
29/12/2011 12:49:51;205;164
29/12/2011 12:49:52;226;218
29/12/2011 12:49:54;213;228
29/12/2011 12:49:55;222;218
29/12/2011 12:49:57;207;213
29/12/2011 12:49:58;203;213
29/12/2011 12:50:01;4;132
29/12/2011 12:50:02;4;79
29/12/2011 12:50:04;2;53
29/12/2011 12:50:05;4;28
29/12/2011 12:50:07;75;11
29/12/2011 12:50:08;284;47
29/12/2011 12:50:09;218;104
29/12/2011 12:50:12;209;181
29/12/2011 12:50:14;203;207
29/12/2011 12:50:15;205;222
29/12/2011 12:50:17;209;209
29/12/2011 12:50:18;205;207
29/12/2011 12:50:19;215;209
29/12/2011 12:50:21;215;209
29/12/2011 12:50:24;4;162
29/12/2011 12:50:25;2;136
29/12/2011 12:50:27;4;85
29/12/2011 12:50:29;4;6
29/12/2011 12:50:31;4;2
29/12/2011 12:50:32;281;43
29/12/2011 12:50:34;264;75
29/12/2011 12:50:35;218;102
29/12/2011 12:50:36;205;151
29/12/2011 12:50:38;211;179
29/12/2011 12:50:39;209;226
29/12/2011 12:50:42;222;211
29/12/2011 12:50:44;209;211
29/12/2011 12:50:47;4;147
29/12/2011 12:50:48;4;122
29/12/2011 12:50:49;4;68
29/12/2011 12:50:51;4;41
29/12/2011 12:50:52;87;13
29/12/2011 12:50:54;271;47
29/12/2011 12:50:55;222;75
29/12/2011 12:50:57;226;128
29/12/2011 12:50:58;207;151
29/12/2011 12:51:00;220;205
29/12/2011 12:51:02;190;209
29/12/2011 12:51:04;218;209
29/12/2011 12:51:05;200;207
29/12/2011 12:51:07;247;215
29/12/2011 12:51:08;239;218
29/12/2011 12:51:10;26;175
29/12/2011 12:51:11;26;154
29/12/2011 12:51:12;28;109
29/12/2011 12:51:14;26;81
29/12/2011 12:51:15;28;53
29/12/2011 12:51:17;28;26
29/12/2011 12:51:18;26;26
29/12/2011 12:51:20;284;77
29/12/2011 12:51:22;207;147
29/12/2011 12:51:24;215;171
29/12/2011 12:51:25;207;194
29/12/2011 12:51:28;207;209
29/12/2011 12:51:30;209;207
29/12/2011 12:51:31;175;203
29/12/2011 12:51:32;19;154
29/12/2011 12:51:35;19;109
29/12/2011 12:51:38;19;36
29/12/2011 12:51:40;102;28
29/12/2011 12:51:41;260;58
29/12/2011 12:51:42;190;102
29/12/2011 12:51:44;198;126
29/12/2011 12:51:45;183;145
29/12/2011 12:51:50;190;188
29/12/2011 12:51:51;183;188
29/12/2011 12:51:52;113;177
29/12/2011 12:51:55;220;164
29/12/2011 12:51:57;211;173
29/12/2011 12:51:58;156;168
29/12/2011 12:52:00;77;147
29/12/2011 12:52:01;96;145
29/12/2011 12:52:02;60;126
29/12/2011 12:52:04;66;107
29/12/2011 12:52:05;58;87
29/12/2011 12:52:07;64;66
29/12/2011 12:52:08;62;64
29/12/2011 12:52:10;58;58
29/12/2011 12:52:11;19;53
29/12/2011 12:52:12;19;43
29/12/2011 12:52:14;17;38
29/12/2011 12:52:15;19;32
29/12/2011 12:52:17;224;64
29/12/2011 12:52:18;198;83
29/12/2011 12:52:20;128;115
29/12/2011 12:52:21;109;128
29/12/2011 12:52:23;87;143
29/12/2011 12:52:26;51;109
29/12/2011 12:52:27;58;77
29/12/2011 12:52:28;51;66
29/12/2011 12:52:31;55;55
29/12/2011 12:52:33;17;47
29/12/2011 12:52:34;19;43
29/12/2011 12:52:36;17;36
29/12/2011 12:52:37;51;32
29/12/2011 12:52:39;232;53
29/12/2011 12:52:40;183;92
29/12/2011 12:52:41;149;107
29/12/2011 12:52:43;96;128
29/12/2011 12:52:44;77;134
29/12/2011 12:52:46;73;136
29/12/2011 12:52:47;53;98
29/12/2011 12:52:49;53;81
29/12/2011 12:52:50;53;64
29/12/2011 12:52:51;53;58
29/12/2011 12:52:53;55;53
29/12/2011 12:52:54;53;53
29/12/2011 12:52:56;53;53
29/12/2011 12:52:57;55;53
29/12/2011 12:52:59;51;53
29/12/2011 12:53:00;58;53
29/12/2011 12:53:01;51;53
29/12/2011 12:53:03;58;53
29/12/2011 12:53:04;151;66
29/12/2011 12:53:06;203;83
29/12/2011 12:53:07;115;113
29/12/2011 12:53:09;87;107
29/12/2011 12:53:11;85;87
29/12/2011 12:53:13;83;85
29/12/2011 12:53:14;83;85
29/12/2011 12:53:16;104;87
29/12/2011 12:53:19;104;94
29/12/2011 12:53:20;109;98
29/12/2011 12:53:23;113;107
29/12/2011 12:53:24;113;107
29/12/2011 12:53:26;113;109
29/12/2011 12:53:27;119;111
29/12/2011 12:53:29;117;113
29/12/2011 12:53:30;117;115
29/12/2011 12:53:32;119;115
29/12/2011 12:53:33;119;117
29/12/2011 12:53:35;126;119
29/12/2011 12:53:36;122;119
29/12/2011 12:53:37;128;122
29/12/2011 12:53:39;128;124
29/12/2011 12:53:40;130;124
29/12/2011 12:53:42;128;126
29/12/2011 12:53:43;132;128
29/12/2011 12:53:45;130;128
29/12/2011 12:53:49;134;132
29/12/2011 12:53:50;136;132
29/12/2011 12:53:52;136;134
29/12/2011 12:53:53;143;136
29/12/2011 12:53:55;143;136
29/12/2011 12:53:56;171;147
29/12/2011 12:53:58;177;151
29/12/2011 12:53:59;183;164
29/12/2011 12:54:00;188;168
29/12/2011 12:54:02;186;175
29/12/2011 12:54:03;196;186
29/12/2011 12:54:05;200;188
29/12/2011 12:54:06;209;194
29/12/2011 12:54:08;207;198
29/12/2011 12:54:09;220;207
29/12/2011 12:54:10;218;209
29/12/2011 12:54:12;228;211
29/12/2011 12:54:15;228;222
29/12/2011 12:54:16;239;228
29/12/2011 12:54:18;247;232
29/12/2011 12:54:19;209;232
29/12/2011 12:54:20;179;226
29/12/2011 12:54:22;186;222
29/12/2011 12:54:23;186;209
29/12/2011 12:54:25;181;203
29/12/2011 12:54:26;181;186
29/12/2011 12:54:28;181;183
29/12/2011 12:54:29;183;183
29/12/2011 12:54:30;179;181
29/12/2011 12:54:32;179;181
29/12/2011 12:54:33;181;181
29/12/2011 12:54:35;179;179
29/12/2011 12:54:36;181;179
29/12/2011 12:54:38;181;179
29/12/2011 12:54:39;177;179
29/12/2011 12:54:40;177;179
29/12/2011 12:54:42;181;179
29/12/2011 12:54:43;179;179
29/12/2011 12:54:45;177;177
29/12/2011 12:54:46;175;177
29/12/2011 12:54:48;179;177
29/12/2011 12:54:49;177;177
29/12/2011 12:54:51;175;177
29/12/2011 12:54:52;177;177
29/12/2011 12:54:54;175;177
29/12/2011 12:54:55;175;177
29/12/2011 12:54:56;175;175
29/12/2011 12:54:58;179;175
29/12/2011 12:54:59;177;175
29/12/2011 12:55:01;177;175
29/12/2011 12:55:02;175;175
29/12/2011 12:55:04;175;175
29/12/2011 12:55:05;175;175
29/12/2011 12:55:06;177;175
29/12/2011 12:55:08;173;175
29/12/2011 12:55:09;177;175
29/12/2011 12:55:11;177;175
29/12/2011 12:55:12;171;175
29/12/2011 12:55:14;175;175
29/12/2011 12:55:15;177;175
29/12/2011 12:55:17;173;175
29/12/2011 12:55:18;175;175
29/12/2011 12:55:19;177;175
29/12/2011 12:55:21;175;175
29/12/2011 12:55:22;177;175
29/12/2011 12:55:24;175;175
29/12/2011 12:55:25;179;175
29/12/2011 12:55:27;173;175
29/12/2011 12:55:28;181;175
29/12/2011 12:55:29;175;175
29/12/2011 12:55:31;181;175
29/12/2011 12:55:32;177;175
29/12/2011 12:55:34;175;175
29/12/2011 12:55:35;15;156
29/12/2011 12:55:37;11;113
29/12/2011 12:55:38;9;94
29/12/2011 12:55:42;9;9
29/12/2011 12:55:44;11;9
29/12/2011 12:55:45;11;9
29/12/2011 12:55:47;15;11
29/12/2011 12:55:48;15;11
29/12/2011 12:55:50;15;11
29/12/2011 12:55:51;15;13
29/12/2011 12:55:52;15;13
29/12/2011 12:55:54;13;13
29/12/2011 12:55:55;15;13
29/12/2011 12:55:57;15;13
29/12/2011 12:55:58;15;13
29/12/2011 12:56:00;15;13
29/12/2011 12:56:01;13;13
29/12/2011 12:56:02;15;13
29/12/2011 12:56:04;100;23
29/12/2011 12:56:05;203;47
29/12/2011 12:56:07;126;79
29/12/2011 12:56:08;143;94
29/12/2011 12:56:10;134;109
29/12/2011 12:56:11;141;141
29/12/2011 12:56:12;145;147
29/12/2011 12:56:14;151;141
29/12/2011 12:56:15;151;143
29/12/2011 12:56:17;149;145
29/12/2011 12:56:18;149;145
29/12/2011 12:56:20;147;145
29/12/2011 12:56:21;15;113
29/12/2011 12:56:23;15;96
29/12/2011 12:56:24;15;64
29/12/2011 12:56:26;15;47
29/12/2011 12:56:27;13;13
29/12/2011 12:56:29;15;13
29/12/2011 12:56:30;23;15
29/12/2011 12:56:32;224;68
29/12/2011 12:56:35;186;132
29/12/2011 12:56:37;186;154
29/12/2011 12:56:38;192;196
29/12/2011 12:56:40;188;192
29/12/2011 12:56:43;200;192
29/12/2011 12:56:44;147;186
29/12/2011 12:56:46;15;141
29/12/2011 12:56:48;15;119
29/12/2011 12:56:49;15;75
29/12/2011 12:56:51;15;53
29/12/2011 12:56:54;179;34
29/12/2011 12:56:57;215;124
29/12/2011 12:56:58;235;151
29/12/2011 12:57:00;224;203
29/12/2011 12:57:03;235;237
29/12/2011 12:57:06;239;232
29/12/2011 12:57:07;4;181
29/12/2011 12:57:09;4;149
29/12/2011 12:57:10;2;92
29/12/2011 12:57:12;4;62
29/12/2011 12:57:13;2;2
29/12/2011 12:57:15;4;2
29/12/2011 12:57:16;19;4
29/12/2011 12:57:18;311;79
29/12/2011 12:57:19;273;113
29/12/2011 12:57:21;258;175
29/12/2011 12:57:22;254;207
29/12/2011 12:57:24;226;264
29/12/2011 12:57:27;252;254
29/12/2011 12:57:29;260;254
29/12/2011 12:57:30;175;243
29/12/2011 12:57:32;4;179
29/12/2011 12:57:33;2;151
29/12/2011 12:57:36;4;55
29/12/2011 12:57:38;2;23
29/12/2011 12:57:39;192;26
29/12/2011 12:57:42;252;134
29/12/2011 12:57:44;273;166
29/12/2011 12:57:47;258;262
29/12/2011 12:57:48;239;267
29/12/2011 12:57:50;252;254
29/12/2011 12:57:51;264;256
29/12/2011 12:57:53;224;249
29/12/2011 12:57:55;232;247
29/12/2011 12:57:56;2;209
29/12/2011 12:57:58;4;177
29/12/2011 12:57:59;4;147
29/12/2011 12:58:01;4;83
29/12/2011 12:58:02;4;55
29/12/2011 12:58:04;2;2
29/12/2011 12:58:05;4;2
29/12/2011 12:58:06;299;43
29/12/2011 12:58:08;305;79
29/12/2011 12:58:09;271;113
29/12/2011 12:58:11;254;171
29/12/2011 12:58:12;243;203
29/12/2011 12:58:15;256;254
29/12/2011 12:58:16;256;247
29/12/2011 12:58:18;260;252
29/12/2011 12:58:19;126;237
29/12/2011 12:58:21;4;177
29/12/2011 12:58:22;4;145
29/12/2011 12:58:24;2;81
29/12/2011 12:58:25;4;49
29/12/2011 12:58:26;64;11
29/12/2011 12:58:28;316;49
29/12/2011 12:58:29;281;83
29/12/2011 12:58:31;243;145
29/12/2011 12:58:32;235;173
29/12/2011 12:58:34;249;232
29/12/2011 12:58:35;254;256
29/12/2011 12:58:36;262;245
29/12/2011 12:58:38;243;243
29/12/2011 12:58:39;252;245
29/12/2011 12:58:41;254;247
29/12/2011 12:58:42;247;247
29/12/2011 12:58:44;2;194
29/12/2011 12:58:49;4;41
29/12/2011 12:58:51;2;2
29/12/2011 12:58:52;4;2
29/12/2011 12:58:54;350;64
29/12/2011 12:58:59;232;218
29/12/2011 12:59:01;237;262
29/12/2011 12:59:02;245;249
29/12/2011 12:59:04;260;243
29/12/2011 12:59:05;260;245
29/12/2011 12:59:06;4;188
29/12/2011 12:59:08;4;156
29/12/2011 12:59:09;4;126
29/12/2011 12:59:11;4;66
29/12/2011 12:59:12;4;34
29/12/2011 12:59:14;237;32
29/12/2011 12:59:15;299;68
29/12/2011 12:59:18;256;162
29/12/2011 12:59:19;247;192
29/12/2011 12:59:21;254;252
29/12/2011 12:59:22;267;254
29/12/2011 12:59:24;245;245
29/12/2011 12:59:25;241;247
29/12/2011 12:59:26;245;245
29/12/2011 12:59:28;243;245
29/12/2011 12:59:29;177;237
29/12/2011 12:59:31;2;175
29/12/2011 12:59:32;4;143
29/12/2011 12:59:34;4;85
29/12/2011 12:59:35;2;53
29/12/2011 12:59:36;4;2
29/12/2011 12:59:38;4;2
29/12/2011 12:59:39;2;2
29/12/2011 12:59:41;356;66
29/12/2011 12:59:42;260;98
29/12/2011 12:59:44;228;158
29/12/2011 12:59:45;243;188
29/12/2011 12:59:46;232;245
29/12/2011 12:59:48;241;254
29/12/2011 12:59:49;243;241
29/12/2011 12:59:51;241;237
29/12/2011 12:59:52;249;241
29/12/2011 12:59:54;4;183
29/12/2011 12:59:55;2;154
29/12/2011 12:59:57;4;94
29/12/2011 12:59:58;4;64
29/12/2011 12:59:59;2;34
29/12/2011 13:00:01;79;13
29/12/2011 13:00:02;356;55
29/12/2011 13:00:04;235;119
29/12/2011 13:00:05;235;149
29/12/2011 13:00:07;237;207
29/12/2011 13:00:08;228;235
29/12/2011 13:00:09;230;254
29/12/2011 13:00:11;245;237
29/12/2011 13:00:12;241;237
29/12/2011 13:00:14;230;237
29/12/2011 13:00:15;237;237
29/12/2011 13:00:17;43;215
29/12/2011 13:00:18;4;183
29/12/2011 13:00:19;2;154
29/12/2011 13:00:21;4;96
29/12/2011 13:00:22;4;66
29/12/2011 13:00:24;4;9
29/12/2011 13:00:25;4;2
29/12/2011 13:00:27;181;26
29/12/2011 13:00:28;322;64
29/12/2011 13:00:29;271;98
29/12/2011 13:00:32;260;192
29/12/2011 13:00:34;249;254
29/12/2011 13:00:35;226;258
29/12/2011 13:00:37;245;249
29/12/2011 13:00:38;237;243
29/12/2011 13:00:39;213;239
29/12/2011 13:00:41;4;175
29/12/2011 13:00:42;2;145
29/12/2011 13:00:44;4;87
29/12/2011 13:00:45;2;58
29/12/2011 13:00:48;243;34
29/12/2011 13:00:52;226;218
29/12/2011 13:00:53;218;243
29/12/2011 13:00:54;256;245
29/12/2011 13:00:56;232;232
29/12/2011 13:01:00;239;232
29/12/2011 13:01:02;30;198
29/12/2011 13:01:03;21;171
29/12/2011 13:01:05;21;145
29/12/2011 13:01:06;26;94
29/12/2011 13:01:07;26;68
29/12/2011 13:01:09;26;23
29/12/2011 13:01:10;28;23
29/12/2011 13:01:12;26;26
29/12/2011 13:01:13;28;26
29/12/2011 13:01:15;28;26
29/12/2011 13:01:16;28;26
29/12/2011 13:01:17;26;26
29/12/2011 13:01:19;28;26
29/12/2011 13:01:20;26;26
29/12/2011 13:01:22;26;26
29/12/2011 13:01:23;28;26
29/12/2011 13:01:25;21;26
29/12/2011 13:01:26;19;23
29/12/2011 13:01:27;19;21
29/12/2011 13:01:29;17;19
29/12/2011 13:01:30;19;19
29/12/2011 13:01:32;19;17
29/12/2011 13:01:33;17;17
29/12/2011 13:01:35;19;17
29/12/2011 13:01:36;17;17
29/12/2011 13:01:37;19;17
29/12/2011 13:01:39;17;17
29/12/2011 13:01:40;19;17
29/12/2011 13:01:42;17;17
29/12/2011 13:01:43;19;17
29/12/2011 13:01:45;17;17
29/12/2011 13:01:46;17;17
29/12/2011 13:01:47;19;17
29/12/2011 13:01:49;17;17
29/12/2011 13:01:50;19;17
29/12/2011 13:01:52;19;17
29/12/2011 13:01:53;64;23
29/12/2011 13:01:55;267;53
29/12/2011 13:01:56;218;107
29/12/2011 13:01:57;156;124
29/12/2011 13:01:59;92;145
29/12/2011 13:02:00;77;151
29/12/2011 13:02:02;58;128
29/12/2011 13:02:03;55;104
29/12/2011 13:02:05;58;85
29/12/2011 13:02:06;60;66
29/12/2011 13:02:07;55;62
29/12/2011 13:02:09;68;58
29/12/2011 13:02:10;382;98
29/12/2011 13:02:13;149;141
29/12/2011 13:02:15;147;151
29/12/2011 13:02:16;149;175
29/12/2011 13:02:18;143;183
29/12/2011 13:02:19;147;143
29/12/2011 13:02:20;145;145
29/12/2011 13:02:22;141;143
29/12/2011 13:02:23;143;143
29/12/2011 13:02:25;143;141
29/12/2011 13:02:26;151;143
29/12/2011 13:02:28;136;143
29/12/2011 13:02:29;147;143
29/12/2011 13:02:30;145;143
29/12/2011 13:02:32;143;143
29/12/2011 13:02:33;151;145
29/12/2011 13:02:35;149;145
29/12/2011 13:02:36;154;147
29/12/2011 13:02:38;149;147
29/12/2011 13:02:39;147;149
29/12/2011 13:02:41;156;149
29/12/2011 13:02:42;151;151
29/12/2011 13:02:43;126;147
29/12/2011 13:02:45;126;145
29/12/2011 13:02:46;126;139
29/12/2011 13:02:48;115;134
29/12/2011 13:02:51;17;83
29/12/2011 13:02:52;17;55
29/12/2011 13:02:53;19;43
29/12/2011 13:02:56;17;17
29/12/2011 13:02:58;19;17
29/12/2011 13:02:59;17;17
29/12/2011 13:03:01;17;17
29/12/2011 13:03:02;17;17
29/12/2011 13:03:03;17;17
29/12/2011 13:03:05;19;17
29/12/2011 13:03:06;17;17
29/12/2011 13:03:08;19;17
29/12/2011 13:03:09;17;17
29/12/2011 13:03:11;26;17
29/12/2011 13:03:12;164;58
29/12/2011 13:03:13;139;73
29/12/2011 13:03:15;128;87
29/12/2011 13:03:16;83;109
29/12/2011 13:03:18;17;109
29/12/2011 13:03:19;17;85
29/12/2011 13:03:21;19;68
29/12/2011 13:03:22;17;38
29/12/2011 13:03:23;19;26
29/12/2011 13:03:25;17;17
29/12/2011 13:03:27;19;17
29/12/2011 13:03:28;17;17
29/12/2011 13:03:29;19;17
29/12/2011 13:03:31;87;26
29/12/2011 13:03:32;158;64
29/12/2011 13:03:34;136;79
29/12/2011 13:03:35;126;94
29/12/2011 13:03:37;134;122
29/12/2011 13:03:38;130;136
29/12/2011 13:03:39;17;109
29/12/2011 13:03:41;19;92
29/12/2011 13:03:42;177;94
29/12/2011 13:03:44;149;96
29/12/2011 13:03:45;128;96
29/12/2011 13:03:47;122;102
29/12/2011 13:03:48;96;113
29/12/2011 13:03:49;70;115
29/12/2011 13:03:51;66;102
29/12/2011 13:03:52;60;83
29/12/2011 13:03:54;64;77
29/12/2011 13:03:55;64;68
29/12/2011 13:03:57;60;62
29/12/2011 13:03:58;41;58
29/12/2011 13:03:59;17;47
29/12/2011 13:04:01;19;43
29/12/2011 13:04:02;166;58
29/12/2011 13:04:05;132;79
29/12/2011 13:04:08;92;109
29/12/2011 13:04:10;73;115
29/12/2011 13:04:11;60;102
29/12/2011 13:04:13;60;81
29/12/2011 13:04:14;62;73
29/12/2011 13:04:15;60;68
29/12/2011 13:04:17;60;62
29/12/2011 13:04:18;83;62
29/12/2011 13:04:20;158;107
29/12/2011 13:04:21;90;111
29/12/2011 13:04:23;102;122
29/12/2011 13:04:24;104;126
29/12/2011 13:04:25;104;132
29/12/2011 13:04:27;109;109
29/12/2011 13:04:28;107;102
29/12/2011 13:04:30;113;107
29/12/2011 13:04:31;111;107
29/12/2011 13:04:33;111;109
29/12/2011 13:04:34;111;109
29/12/2011 13:04:36;117;111
29/12/2011 13:04:37;119;113
29/12/2011 13:04:39;122;115
29/12/2011 13:04:40;124;117
29/12/2011 13:04:41;124;119
29/12/2011 13:04:43;128;122
29/12/2011 13:04:44;128;124
29/12/2011 13:04:46;132;126
29/12/2011 13:04:47;136;128
29/12/2011 13:04:50;136;132
29/12/2011 13:04:51;139;134
29/12/2011 13:04:53;168;143
29/12/2011 13:04:54;168;147
29/12/2011 13:04:56;175;151
29/12/2011 13:04:57;177;162
29/12/2011 13:04:59;183;166
29/12/2011 13:05:00;188;177
29/12/2011 13:05:01;166;177
29/12/2011 13:05:03;130;166
29/12/2011 13:05:04;134;162
29/12/2011 13:05:06;136;156
29/12/2011 13:05:07;132;143
29/12/2011 13:05:09;132;136
29/12/2011 13:05:10;130;132
29/12/2011 13:05:11;132;132
29/12/2011 13:05:13;132;132
29/12/2011 13:05:14;130;132
29/12/2011 13:05:16;132;132
29/12/2011 13:05:23;26;117
29/12/2011 13:05:26;19;75
29/12/2011 13:05:27;19;47
29/12/2011 13:05:29;17;32
29/12/2011 13:05:30;17;17
29/12/2011 13:05:31;17;17
29/12/2011 13:05:33;19;17
29/12/2011 13:05:34;19;17
29/12/2011 13:05:36;17;17
29/12/2011 13:05:37;19;17
29/12/2011 13:05:39;17;17
29/12/2011 13:05:40;17;17
29/12/2011 13:05:41;17;17
29/12/2011 13:05:43;19;17
29/12/2011 13:05:44;17;17
29/12/2011 13:05:46;19;17
29/12/2011 13:05:47;19;17
29/12/2011 13:05:49;17;17
29/12/2011 13:05:50;34;19
29/12/2011 13:05:51;171;38
29/12/2011 13:05:53;154;55
29/12/2011 13:05:54;119;81
29/12/2011 13:05:56;126;94
29/12/2011 13:05:57;17;102
29/12/2011 13:06:00;17;66
29/12/2011 13:06:01;19;51
29/12/2011 13:06:03;17;38
29/12/2011 13:06:04;19;17
29/12/2011 13:06:06;17;17
29/12/2011 13:06:07;17;17
29/12/2011 13:06:09;17;17
29/12/2011 13:06:10;73;23
29/12/2011 13:06:11;171;43
29/12/2011 13:06:13;143;58
29/12/2011 13:06:14;126;85
29/12/2011 13:06:16;113;96
29/12/2011 13:06:17;109;122
29/12/2011 13:06:19;60;119
29/12/2011 13:06:20;17;85
29/12/2011 13:06:22;81;79
29/12/2011 13:06:23;160;83
29/12/2011 13:06:24;124;87
29/12/2011 13:06:26;113;87
29/12/2011 13:06:27;90;102
29/12/2011 13:06:29;83;111
29/12/2011 13:06:30;60;96
29/12/2011 13:06:32;64;87
29/12/2011 13:06:33;62;79
29/12/2011 13:06:35;62;68
29/12/2011 13:06:36;64;66
29/12/2011 13:06:37;90;64
29/12/2011 13:06:39;316;96
29/12/2011 13:06:40;87;111
29/12/2011 13:06:42;102;115
29/12/2011 13:06:43;100;119
29/12/2011 13:06:46;104;132
29/12/2011 13:06:49;107;102
29/12/2011 13:06:50;109;104
29/12/2011 13:06:52;111;104
29/12/2011 13:06:53;104;104
29/12/2011 13:06:55;111;107
29/12/2011 13:06:56;115;109
29/12/2011 13:06:57;115;111
29/12/2011 13:06:59;119;111
29/12/2011 13:07:00;119;115
29/12/2011 13:07:02;122;115
29/12/2011 13:07:03;122;117
29/12/2011 13:07:04;124;119
29/12/2011 13:07:06;128;122
29/12/2011 13:07:07;128;124
29/12/2011 13:07:09;130;124
29/12/2011 13:07:10;136;128
29/12/2011 13:07:12;160;132
29/12/2011 13:07:13;158;136
29/12/2011 13:07:15;164;145
29/12/2011 13:07:16;166;149
29/12/2011 13:07:19;175;164
29/12/2011 13:07:20;181;171
29/12/2011 13:07:22;188;173
29/12/2011 13:07:23;186;177
29/12/2011 13:07:25;194;181
29/12/2011 13:07:26;192;186
29/12/2011 13:07:28;203;192
29/12/2011 13:07:29;207;194
29/12/2011 13:07:30;179;196
29/12/2011 13:07:33;149;183
29/12/2011 13:07:35;149;173
29/12/2011 13:07:36;149;166
29/12/2011 13:07:38;147;151
29/12/2011 13:07:39;145;147
29/12/2011 13:07:40;147;147
29/12/2011 13:07:42;149;147
29/12/2011 13:07:43;149;147
29/12/2011 13:07:45;149;147
29/12/2011 13:07:46;149;147
29/12/2011 13:07:48;149;147
29/12/2011 13:07:49;149;147
29/12/2011 13:07:50;151;147
29/12/2011 13:07:52;147;147
29/12/2011 13:07:53;147;147
29/12/2011 13:07:55;149;147
29/12/2011 13:07:56;53;136
29/12/2011 13:07:58;17;102
29/12/2011 13:07:59;19;87
29/12/2011 13:08:01;19;55
29/12/2011 13:08:02;17;38
29/12/2011 13:08:03;19;21
29/12/2011 13:08:05;17;17
29/12/2011 13:08:06;19;17
29/12/2011 13:08:08;19;17
29/12/2011 13:08:09;17;17
29/12/2011 13:08:11;17;17
29/12/2011 13:08:12;17;17
29/12/2011 13:08:14;19;17
29/12/2011 13:08:15;19;17
29/12/2011 13:08:16;17;17
29/12/2011 13:08:18;17;17
29/12/2011 13:08:19;19;17
29/12/2011 13:08:21;19;17
29/12/2011 13:08:22;17;17
29/12/2011 13:08:24;19;17
29/12/2011 13:08:25;19;17
29/12/2011 13:08:26;17;17
29/12/2011 13:08:28;19;17
29/12/2011 13:08:29;17;17
29/12/2011 13:08:31;17;17
29/12/2011 13:08:32;79;26
29/12/2011 13:08:34;173;45
29/12/2011 13:08:35;122;73
29/12/2011 13:08:37;115;83
29/12/2011 13:08:38;45;98
29/12/2011 13:08:40;17;98
29/12/2011 13:08:41;17;73
29/12/2011 13:08:42;19;58
29/12/2011 13:08:44;17;45
29/12/2011 13:08:45;19;17
29/12/2011 13:08:48;162;49
29/12/2011 13:08:50;128;62
29/12/2011 13:08:51;107;83
29/12/2011 13:08:52;122;96
29/12/2011 13:08:54;113;122
29/12/2011 13:08:55;19;109
29/12/2011 13:08:57;17;77
29/12/2011 13:08:58;66;73
29/12/2011 13:09:00;156;77
29/12/2011 13:09:01;119;79
29/12/2011 13:09:02;122;81
29/12/2011 13:09:05;85;109
29/12/2011 13:09:07;64;98
29/12/2011 13:09:10;62;83
29/12/2011 13:09:12;62;66
29/12/2011 13:09:14;75;64
29/12/2011 13:09:15;303;94
29/12/2011 13:09:17;92;111
29/12/2011 13:09:18;102;115
29/12/2011 13:09:20;102;119
29/12/2011 13:09:22;107;134
29/12/2011 13:09:24;111;104
29/12/2011 13:09:25;113;107
29/12/2011 13:09:27;115;109
29/12/2011 13:09:28;117;111
29/12/2011 13:09:30;113;111
29/12/2011 13:09:31;117;113
29/12/2011 13:09:32;122;115
29/12/2011 13:09:34;126;117
29/12/2011 13:09:35;122;117
29/12/2011 13:09:37;128;122
29/12/2011 13:09:38;128;122
29/12/2011 13:09:40;130;124
29/12/2011 13:09:41;130;126
29/12/2011 13:09:42;134;128
29/12/2011 13:09:45;134;132
29/12/2011 13:09:47;143;134
29/12/2011 13:09:48;164;139
29/12/2011 13:09:50;164;143
29/12/2011 13:09:51;168;151
29/12/2011 13:09:53;177;156
29/12/2011 13:09:54;181;166
29/12/2011 13:09:56;181;173
29/12/2011 13:09:58;186;175
29/12/2011 13:09:59;192;181
29/12/2011 13:10:01;192;183
29/12/2011 13:10:04;200;192
29/12/2011 13:10:05;213;198
29/12/2011 13:10:08;215;205
29/12/2011 13:10:10;226;211
29/12/2011 13:10:11;224;213
29/12/2011 13:10:14;235;224
29/12/2011 13:10:17;249;235
29/12/2011 13:10:19;256;239
29/12/2011 13:10:20;254;245
29/12/2011 13:10:22;262;249
29/12/2011 13:10:23;273;258
29/12/2011 13:10:25;281;262
29/12/2011 13:10:26;292;271
29/12/2011 13:10:28;267;271
29/12/2011 13:10:29;301;277
29/12/2011 13:10:31;211;273
29/12/2011 13:10:32;215;267
29/12/2011 13:10:34;230;252
29/12/2011 13:10:35;222;243
29/12/2011 13:10:37;224;228
29/12/2011 13:10:40;220;222
29/12/2011 13:10:42;224;222
29/12/2011 13:10:55;222;218
29/12/2011 13:10:57;218;218
29/12/2011 13:10:58;19;171
29/12/2011 13:11:00;17;145
29/12/2011 13:11:01;17;94
29/12/2011 13:11:04;19;19
29/12/2011 13:11:05;17;17
29/12/2011 13:11:07;19;17
29/12/2011 13:11:08;19;17
29/12/2011 13:11:10;17;17
29/12/2011 13:11:11;17;17
29/12/2011 13:11:12;19;17
29/12/2011 13:11:14;19;17
29/12/2011 13:11:15;17;17
29/12/2011 13:11:17;19;17
29/12/2011 13:11:18;19;17
29/12/2011 13:11:20;17;17
29/12/2011 13:11:21;17;17
29/12/2011 13:11:22;19;17
29/12/2011 13:11:24;19;17
29/12/2011 13:11:25;17;17
29/12/2011 13:11:27;19;17
29/12/2011 13:11:28;17;17
29/12/2011 13:11:30;19;17
29/12/2011 13:11:31;19;17
29/12/2011 13:11:33;17;17
29/12/2011 13:11:34;17;17
29/12/2011 13:11:35;19;17
29/12/2011 13:11:37;17;17
29/12/2011 13:11:38;30;19
29/12/2011 13:11:40;183;38
29/12/2011 13:11:41;124;68
29/12/2011 13:11:43;119;81
29/12/2011 13:11:47;17;98
29/12/2011 13:11:48;19;62
29/12/2011 13:11:50;17;49
29/12/2011 13:11:51;17;23
29/12/2011 13:11:53;19;17
29/12/2011 13:11:54;19;17
29/12/2011 13:11:55;17;17
29/12/2011 13:11:57;19;17
29/12/2011 13:11:58;162;43
29/12/2011 13:12:00;134;58
29/12/2011 13:12:01;113;81
29/12/2011 13:12:03;122;94
29/12/2011 13:12:04;124;119
29/12/2011 13:12:06;45;115
29/12/2011 13:12:07;19;98
29/12/2011 13:12:11;19;34
29/12/2011 13:12:13;19;21
29/12/2011 13:12:14;19;17
29/12/2011 13:12:16;17;17
29/12/2011 13:12:17;19;17
29/12/2011 13:12:20;160;47
29/12/2011 13:12:21;117;73
29/12/2011 13:12:23;113;83
29/12/2011 13:12:24;115;96
29/12/2011 13:12:26;17;96
29/12/2011 13:12:27;19;85
29/12/2011 13:12:29;17;53
29/12/2011 13:12:30;19;43
29/12/2011 13:12:32;17;17
29/12/2011 13:12:33;19;17
29/12/2011 13:12:34;17;17
29/12/2011 13:12:36;19;17
29/12/2011 13:12:37;23;19
29/12/2011 13:12:39;149;49
29/12/2011 13:12:40;104;62
29/12/2011 13:12:42;102;83
29/12/2011 13:12:43;98;92
29/12/2011 13:12:45;96;102
29/12/2011 13:12:46;2;92
29/12/2011 13:12:47;4;73
29/12/2011 13:12:49;4;47
29/12/2011 13:12:50;4;36
29/12/2011 13:12:52;4;13
29/12/2011 13:12:53;2;2
29/12/2011 13:12:55;4;2
29/12/2011 13:12:56;4;2
29/12/2011 13:12:57;4;2
29/12/2011 13:12:59;134;23
29/12/2011 13:13:00;122;38
29/12/2011 13:13:02;96;62
29/12/2011 13:13:03;98;73
29/12/2011 13:13:05;58;79
29/12/2011 13:13:06;4;77
29/12/2011 13:13:09;2;32
29/12/2011 13:13:10;4;21
29/12/2011 13:13:12;4;2
29/12/2011 13:13:13;4;2
29/12/2011 13:13:15;4;2
29/12/2011 13:13:16;4;2
29/12/2011 13:13:18;62;11
29/12/2011 13:13:19;115;43
29/12/2011 13:13:20;96;53
29/12/2011 13:13:22;102;77
29/12/2011 13:13:25;100;102
29/12/2011 13:13:26;4;81
29/12/2011 13:13:28;2;66
29/12/2011 13:13:29;4;43
29/12/2011 13:13:30;4;32
29/12/2011 13:13:32;4;6
29/12/2011 13:13:33;4;2
29/12/2011 13:13:35;2;2
29/12/2011 13:13:36;4;2
29/12/2011 13:13:38;4;2
29/12/2011 13:13:40;109;45
29/12/2011 13:13:42;96;66
29/12/2011 13:13:43;90;77
29/12/2011 13:13:45;11;79
29/12/2011 13:13:46;4;68
29/12/2011 13:13:48;4;51
29/12/2011 13:13:49;2;26
29/12/2011 13:13:50;4;15
29/12/2011 13:13:52;4;2
29/12/2011 13:13:53;4;2
29/12/2011 13:13:55;4;2
29/12/2011 13:13:56;4;2
29/12/2011 13:13:58;55;9
29/12/2011 13:13:59;115;41
29/12/2011 13:14:00;102;53
29/12/2011 13:14:02;100;77
29/12/2011 13:14:05;102;102
29/12/2011 13:14:06;2;83
29/12/2011 13:14:08;4;68
29/12/2011 13:14:09;4;45
29/12/2011 13:14:10;4;32
29/12/2011 13:14:12;2;6
29/12/2011 13:14:13;4;2
29/12/2011 13:14:15;4;2
29/12/2011 13:14:16;4;2
29/12/2011 13:14:18;4;2
29/12/2011 13:14:21;107;45
29/12/2011 13:14:22;100;68
29/12/2011 13:14:23;102;79
29/12/2011 13:14:25;15;81
29/12/2011 13:14:28;4;53
29/12/2011 13:14:29;4;28
29/12/2011 13:14:31;4;17
29/12/2011 13:14:32;2;2
29/12/2011 13:14:33;4;2
29/12/2011 13:14:35;4;2
29/12/2011 13:14:36;4;2
29/12/2011 13:14:38;130;19
29/12/2011 13:14:39;109;49
29/12/2011 13:14:41;102;62
29/12/2011 13:14:42;100;85
29/12/2011 13:14:43;100;98
29/12/2011 13:14:45;90;109
29/12/2011 13:14:46;4;75
29/12/2011 13:14:48;4;62
29/12/2011 13:14:49;4;38
29/12/2011 13:14:51;4;26
29/12/2011 13:14:52;4;2
29/12/2011 13:14:53;4;2
29/12/2011 13:14:55;2;2
29/12/2011 13:14:56;4;2
29/12/2011 13:14:58;23;6
29/12/2011 13:14:59;122;36
29/12/2011 13:15:01;98;47
29/12/2011 13:15:03;62;77
29/12/2011 13:15:05;4;77
29/12/2011 13:15:08;4;45
29/12/2011 13:15:09;4;21
29/12/2011 13:15:11;4;11
29/12/2011 13:15:12;4;2
29/12/2011 13:15:13;4;2
29/12/2011 13:15:15;4;2
29/12/2011 13:15:16;51;9
29/12/2011 13:15:18;136;26
29/12/2011 13:15:19;98;51
29/12/2011 13:15:21;96;64
29/12/2011 13:15:22;94;85
29/12/2011 13:15:23;98;98
29/12/2011 13:15:25;49;98
29/12/2011 13:15:26;4;66
29/12/2011 13:15:28;4;55
29/12/2011 13:15:29;2;32
29/12/2011 13:15:31;4;21
29/12/2011 13:15:32;4;2
29/12/2011 13:15:33;4;2
29/12/2011 13:15:35;4;2
29/12/2011 13:15:36;4;2
29/12/2011 13:15:38;75;13
29/12/2011 13:15:39;104;41
29/12/2011 13:15:41;94;53
29/12/2011 13:15:42;90;75
29/12/2011 13:15:44;21;77
29/12/2011 13:15:45;4;77
29/12/2011 13:15:46;4;51
29/12/2011 13:15:48;4;38
29/12/2011 13:15:49;4;15
29/12/2011 13:15:51;4;4
29/12/2011 13:15:52;2;2
29/12/2011 13:15:54;4;2
29/12/2011 13:15:55;4;2
29/12/2011 13:15:56;49;9
29/12/2011 13:15:58;134;26
29/12/2011 13:15:59;98;51
29/12/2011 13:16:01;96;64
29/12/2011 13:16:02;94;85
29/12/2011 13:16:04;100;98
29/12/2011 13:16:05;45;98
29/12/2011 13:16:07;4;66
29/12/2011 13:16:08;4;55
29/12/2011 13:16:09;4;32
29/12/2011 13:16:11;2;19
29/12/2011 13:16:12;4;2
29/12/2011 13:16:14;4;2
29/12/2011 13:16:15;4;2
29/12/2011 13:16:17;4;2
29/12/2011 13:16:18;70;11
29/12/2011 13:16:19;109;43
29/12/2011 13:16:21;98;53
29/12/2011 13:16:22;96;77
29/12/2011 13:16:24;21;79
29/12/2011 13:16:25;4;79
29/12/2011 13:16:27;4;51
29/12/2011 13:16:28;4;38
29/12/2011 13:16:29;4;17
29/12/2011 13:16:31;4;4
29/12/2011 13:16:32;2;2
29/12/2011 13:16:34;4;2
29/12/2011 13:16:35;4;2
29/12/2011 13:16:37;96;15
29/12/2011 13:16:38;143;32
29/12/2011 13:16:39;2;32
29/12/2011 13:16:41;0;32
29/12/2011 13:16:42;0;32
29/12/2011 13:16:44;2;32
29/12/2011 13:16:45;0;19
 
