28/12/2011 06:12:11;102;34
28/12/2011 06:19:28;100;98
28/12/2011 06:19:50;100;98
28/12/2011 06:20:01;100;98
28/12/2011 06:20:10;100;98
28/12/2011 06:33:23;100;98
28/12/2011 06:33:35;100;98
28/12/2011 06:33:45;100;98
28/12/2011 06:33:56;98;98
28/12/2011 06:34:06;100;98
28/12/2011 06:34:39;100;98
28/12/2011 06:35:00;100;98
28/12/2011 06:35:12;100;98
28/12/2011 06:35:22;100;98
28/12/2011 06:35:34;100;98
28/12/2011 06:35:43;100;98
28/12/2011 06:35:57;98;98
28/12/2011 06:36:08;98;98
28/12/2011 06:36:17;100;98
28/12/2011 06:36:38;100;98
28/12/2011 06:38:04;100;98
28/12/2011 06:38:14;98;98
28/12/2011 06:38:24;100;98
28/12/2011 06:38:34;100;98
28/12/2011 06:38:45;100;98
28/12/2011 06:38:55;100;98
28/12/2011 06:39:08;100;98
28/12/2011 06:39:16;98;98
28/12/2011 06:39:25;100;98
28/12/2011 06:39:34;100;98
28/12/2011 06:39:44;100;98
28/12/2011 06:40:46;100;98
28/12/2011 06:40:57;98;98
28/12/2011 06:41:19;100;98
28/12/2011 06:41:51;100;98
28/12/2011 06:42:12;100;98
28/12/2011 06:42:21;100;98
28/12/2011 06:42:32;100;98
28/12/2011 06:43:38;98;98
28/12/2011 06:43:49;100;98
28/12/2011 06:43:59;98;98
28/12/2011 06:44:12;100;98
28/12/2011 06:44:21;98;98
28/12/2011 06:44:30;98;98
28/12/2011 06:44:40;100;98
28/12/2011 06:44:50;100;98
28/12/2011 06:45:01;100;98
28/12/2011 06:45:11;100;98
28/12/2011 06:46:05;100;98
28/12/2011 06:46:39;100;98
28/12/2011 06:46:49;100;98
28/12/2011 06:47:02;100;98
28/12/2011 06:47:12;100;98
28/12/2011 06:47:22;100;98
28/12/2011 06:47:34;100;98
28/12/2011 06:47:43;100;98
28/12/2011 06:47:53;100;98
28/12/2011 06:48:06;100;98
28/12/2011 06:48:27;98;98
28/12/2011 06:48:50;100;98
28/12/2011 06:49:01;98;98
28/12/2011 06:49:24;100;98
28/12/2011 06:49:35;100;98
28/12/2011 06:49:44;98;98
28/12/2011 06:49:55;100;98
28/12/2011 06:50:06;98;98
28/12/2011 06:50:14;98;98
28/12/2011 06:50:25;100;98
28/12/2011 06:50:35;100;98
28/12/2011 06:50:46;100;98
28/12/2011 06:50:56;100;98
28/12/2011 06:51:08;100;98
28/12/2011 06:51:19;100;98
28/12/2011 06:51:29;98;98
28/12/2011 06:51:39;98;98
28/12/2011 06:51:51;100;98
28/12/2011 06:52:02;98;98
28/12/2011 06:52:12;100;98
28/12/2011 06:52:22;100;98
28/12/2011 06:52:31;100;98
28/12/2011 06:52:41;98;98
28/12/2011 06:52:51;100;98
28/12/2011 06:53:04;100;98
28/12/2011 06:53:14;100;98
28/12/2011 06:53:24;98;98
28/12/2011 06:53:35;100;98
28/12/2011 06:53:45;100;98
28/12/2011 06:53:55;100;98
28/12/2011 06:54:06;100;98
28/12/2011 06:54:15;100;98
28/12/2011 06:54:24;98;98
28/12/2011 06:54:34;100;98
28/12/2011 06:54:46;100;98
28/12/2011 06:54:56;100;98
28/12/2011 06:55:07;100;98
28/12/2011 06:55:15;100;98
28/12/2011 06:55:26;98;98
28/12/2011 06:55:37;98;98
28/12/2011 06:55:47;98;98
28/12/2011 06:55:57;100;98
28/12/2011 06:56:08;100;98
28/12/2011 06:56:22;98;98
28/12/2011 06:56:32;98;98
28/12/2011 06:56:41;98;98
28/12/2011 06:56:54;98;98
28/12/2011 06:57:05;100;98
28/12/2011 06:57:17;98;98
28/12/2011 06:57:28;98;98
28/12/2011 06:57:38;98;98
28/12/2011 06:57:48;100;98
28/12/2011 06:57:59;100;98
28/12/2011 06:58:09;98;98
28/12/2011 06:58:19;100;98
28/12/2011 06:58:30;100;98
28/12/2011 06:58:40;98;98
28/12/2011 06:58:52;100;98
28/12/2011 06:59:02;100;98
28/12/2011 06:59:12;100;98
28/12/2011 06:59:22;100;98
28/12/2011 06:59:35;100;98
28/12/2011 06:59:45;98;98
28/12/2011 06:59:56;98;98
28/12/2011 07:00:07;100;98
28/12/2011 07:00:15;100;98
28/12/2011 07:00:26;98;98
28/12/2011 07:00:34;100;98
28/12/2011 07:00:45;100;98
28/12/2011 07:00:55;100;98
28/12/2011 07:01:07;100;98
28/12/2011 07:01:16;98;98
28/12/2011 07:01:26;98;98
28/12/2011 07:01:35;98;98
28/12/2011 07:01:45;98;98
28/12/2011 07:01:56;98;98
28/12/2011 07:02:10;98;98
28/12/2011 07:02:20;98;98
28/12/2011 07:02:29;98;98
28/12/2011 07:02:31;98;98
28/12/2011 07:02:38;98;98
28/12/2011 07:02:49;100;98
28/12/2011 07:02:59;100;98
28/12/2011 07:03:09;98;98
28/12/2011 07:03:22;100;98
28/12/2011 07:03:31;98;98
28/12/2011 07:03:42;98;98
28/12/2011 07:03:53;98;98
28/12/2011 07:04:02;98;98
28/12/2011 07:04:12;98;98
28/12/2011 07:04:23;98;98
28/12/2011 07:04:31;100;98
28/12/2011 07:04:42;98;98
28/12/2011 07:04:53;98;98
28/12/2011 07:05:02;98;98
28/12/2011 07:05:12;100;98
28/12/2011 07:05:22;98;98
28/12/2011 07:05:33;98;98
28/12/2011 07:05:44;100;98
28/12/2011 07:05:53;98;98
28/12/2011 07:06:06;100;98
28/12/2011 07:06:17;98;98
28/12/2011 07:06:27;100;98
28/12/2011 07:06:38;100;98
28/12/2011 07:06:48;100;98
28/12/2011 07:06:58;100;98
28/12/2011 07:07:08;98;98
28/12/2011 07:07:19;98;98
28/12/2011 07:07:29;98;98
28/12/2011 07:07:38;98;98
28/12/2011 07:07:48;100;98
28/12/2011 07:07:59;100;98
28/12/2011 07:08:09;98;98
28/12/2011 07:08:18;100;98
28/12/2011 07:08:26;100;98
28/12/2011 07:08:34;100;98
28/12/2011 07:08:45;98;98
28/12/2011 07:08:55;100;98
28/12/2011 07:09:06;100;98
28/12/2011 07:09:16;100;98
28/12/2011 07:09:27;98;98
28/12/2011 07:09:37;100;98
28/12/2011 07:09:47;100;98
28/12/2011 07:09:57;100;98
28/12/2011 07:10:08;98;98
28/12/2011 07:10:21;98;98
28/12/2011 07:10:31;100;98
28/12/2011 07:10:40;100;98
28/12/2011 07:10:42;100;98
28/12/2011 07:10:48;98;98
28/12/2011 07:10:57;100;98
28/12/2011 07:11:10;100;98
28/12/2011 07:11:21;100;98
28/12/2011 07:11:31;100;98
28/12/2011 07:11:41;100;98
28/12/2011 07:11:51;98;98
28/12/2011 07:12:02;100;98
28/12/2011 07:12:12;100;98
28/12/2011 07:12:25;100;98
28/12/2011 07:12:36;100;98
28/12/2011 07:12:45;98;98
28/12/2011 07:12:58;98;98
28/12/2011 07:13:08;100;98
28/12/2011 07:13:19;100;98
28/12/2011 07:13:30;100;98
28/12/2011 07:13:40;98;98
28/12/2011 07:13:54;98;98
28/12/2011 07:14:05;100;98
28/12/2011 07:14:16;98;98
28/12/2011 07:14:27;98;98
28/12/2011 07:14:36;98;98
28/12/2011 07:14:47;100;98
28/12/2011 07:14:57;100;98
28/12/2011 07:15:06;100;98
28/12/2011 07:15:17;98;98
28/12/2011 07:15:27;98;98
28/12/2011 07:15:38;98;98
28/12/2011 07:15:48;98;98
28/12/2011 07:15:59;98;98
28/12/2011 07:16:10;98;98
28/12/2011 07:16:23;100;98
28/12/2011 07:16:32;100;98
28/12/2011 07:16:41;98;98
28/12/2011 07:16:50;98;98
28/12/2011 07:16:59;98;98
28/12/2011 07:17:08;98;98
28/12/2011 07:17:18;100;98
28/12/2011 07:17:27;100;98
28/12/2011 07:17:38;98;98
28/12/2011 07:17:49;100;98
28/12/2011 07:18:00;98;98
28/12/2011 07:18:10;98;98
28/12/2011 07:18:20;98;98
28/12/2011 07:18:22;98;98
28/12/2011 07:18:30;100;98
28/12/2011 07:18:41;98;98
28/12/2011 07:18:51;100;98
28/12/2011 07:19:03;100;98
28/12/2011 07:19:14;98;98
28/12/2011 07:19:24;100;98
28/12/2011 07:19:35;100;98
28/12/2011 07:19:45;98;98
28/12/2011 07:19:55;100;98
28/12/2011 07:20:04;98;98
28/12/2011 07:20:15;98;98
28/12/2011 07:20:25;98;98
28/12/2011 07:20:38;100;98
28/12/2011 07:20:49;98;98
28/12/2011 07:20:59;100;98
28/12/2011 07:21:09;98;98
28/12/2011 07:21:19;98;98
28/12/2011 07:21:30;100;98
28/12/2011 07:21:42;98;98
28/12/2011 07:21:53;98;98
28/12/2011 07:22:04;98;98
28/12/2011 07:22:14;100;98
28/12/2011 07:22:27;98;98
28/12/2011 07:22:37;100;98
28/12/2011 07:22:47;100;98
28/12/2011 07:22:58;98;98
28/12/2011 07:23:08;98;98
28/12/2011 07:23:19;98;98
28/12/2011 07:23:32;98;98
28/12/2011 07:23:42;98;98
28/12/2011 07:23:53;100;98
28/12/2011 07:24:03;98;98
28/12/2011 07:24:16;98;98
28/12/2011 07:24:26;98;98
28/12/2011 07:24:37;98;98
28/12/2011 07:24:48;100;98
28/12/2011 07:24:59;100;98
28/12/2011 07:25:08;98;98
28/12/2011 07:25:21;100;98
28/12/2011 07:25:32;100;98
28/12/2011 07:25:42;98;98
28/12/2011 07:25:55;100;98
28/12/2011 07:26:05;100;98
28/12/2011 07:26:16;98;98
28/12/2011 07:26:28;98;98
28/12/2011 07:26:38;98;98
28/12/2011 07:26:49;98;98
28/12/2011 07:27:02;98;98
28/12/2011 07:27:11;98;98
28/12/2011 07:27:22;98;98
28/12/2011 07:27:33;98;98
28/12/2011 07:27:43;100;98
28/12/2011 07:27:53;100;98
28/12/2011 07:28:06;98;98
28/12/2011 07:28:16;98;98
28/12/2011 07:28:27;98;98
28/12/2011 07:28:37;100;98
28/12/2011 07:28:48;98;98
28/12/2011 07:28:58;98;98
28/12/2011 07:29:09;98;98
28/12/2011 07:29:19;98;98
28/12/2011 07:29:30;98;98
28/12/2011 07:29:31;98;98
28/12/2011 07:29:40;98;98
28/12/2011 07:29:50;98;98
28/12/2011 07:30:00;98;98
28/12/2011 07:30:13;98;98
28/12/2011 07:30:23;100;98
28/12/2011 07:30:24;100;98
28/12/2011 07:30:32;98;98
28/12/2011 07:30:42;98;98
28/12/2011 07:30:44;98;98
28/12/2011 07:30:55;98;98
28/12/2011 07:31:05;98;98
28/12/2011 07:31:15;98;98
28/12/2011 07:31:28;98;96
28/12/2011 07:31:39;98;96
28/12/2011 07:31:49;98;98
28/12/2011 07:32:02;98;98
28/12/2011 07:32:12;96;96
28/12/2011 07:32:22;98;98
28/12/2011 07:32:35;98;98
28/12/2011 07:32:45;98;98
28/12/2011 07:32:56;98;98
28/12/2011 07:33:06;98;98
28/12/2011 07:33:18;98;98
28/12/2011 07:33:28;98;98
28/12/2011 07:33:38;98;96
28/12/2011 07:33:48;98;96
28/12/2011 07:34:01;98;96
28/12/2011 07:34:11;98;98
28/12/2011 07:34:21;98;96
28/12/2011 07:34:32;98;96
28/12/2011 07:34:42;98;98
28/12/2011 07:34:55;98;98
28/12/2011 07:35:05;98;96
28/12/2011 07:35:18;98;96
28/12/2011 07:35:28;98;96
28/12/2011 07:35:39;98;96
28/12/2011 07:35:49;98;98
28/12/2011 07:35:59;98;98
28/12/2011 07:36:12;98;98
28/12/2011 07:36:23;98;98
28/12/2011 07:36:33;100;98
28/12/2011 16:43:37;98;96
28/12/2011 16:43:46;96;96
28/12/2011 16:43:57;98;96
28/12/2011 16:44:07;98;96
28/12/2011 16:44:19;96;96
28/12/2011 16:44:34;96;96
28/12/2011 16:44:41;98;96
28/12/2011 16:44:52;98;96
28/12/2011 16:45:05;98;96
28/12/2011 16:45:18;98;98
28/12/2011 16:45:30;98;96
28/12/2011 16:45:42;98;96
28/12/2011 16:45:53;98;96
28/12/2011 16:46:02;98;96
28/12/2011 16:46:12;98;98
28/12/2011 16:46:22;96;96
28/12/2011 16:46:34;96;96
28/12/2011 16:46:47;98;96
28/12/2011 16:46:59;98;96
28/12/2011 16:47:09;98;96
28/12/2011 16:47:19;98;96
28/12/2011 16:47:31;98;96
28/12/2011 16:47:43;98;96
28/12/2011 16:47:43;98;96
28/12/2011 16:47:52;96;96
28/12/2011 16:47:59;98;96
28/12/2011 16:48:09;96;96
28/12/2011 16:48:20;98;96
28/12/2011 16:48:31;98;96
28/12/2011 16:48:41;98;96
28/12/2011 16:48:51;98;96
28/12/2011 16:49:00;98;96
28/12/2011 16:49:12;98;96
28/12/2011 16:49:23;98;96
28/12/2011 16:49:34;96;96
28/12/2011 16:49:45;98;96
28/12/2011 16:49:55;96;96
28/12/2011 16:50:04;96;96
28/12/2011 16:50:19;98;96
28/12/2011 16:50:30;96;96
28/12/2011 16:50:42;96;96
28/12/2011 16:50:54;96;96
28/12/2011 16:51:06;96;96
28/12/2011 16:51:19;96;96
28/12/2011 16:51:29;96;96
28/12/2011 16:51:54;96;96
28/12/2011 16:52:06;96;96
28/12/2011 16:52:17;96;96
28/12/2011 16:52:31;96;96
28/12/2011 16:52:42;98;96
28/12/2011 16:52:51;96;96
28/12/2011 16:53:02;96;96
28/12/2011 16:53:12;96;96
28/12/2011 16:53:24;98;96
28/12/2011 16:53:36;96;96
28/12/2011 16:53:50;96;96
28/12/2011 16:54:03;98;96
28/12/2011 16:54:16;96;96
28/12/2011 16:54:27;98;96
28/12/2011 16:54:38;96;96
28/12/2011 16:54:48;98;96
28/12/2011 16:54:59;98;96
28/12/2011 16:55:11;98;96
28/12/2011 16:55:24;96;96
28/12/2011 16:55:35;96;96
28/12/2011 16:55:46;98;96
28/12/2011 16:55:59;98;96
28/12/2011 16:56:10;96;96
28/12/2011 16:56:22;96;96
28/12/2011 16:56:35;96;96
28/12/2011 16:56:46;96;96
28/12/2011 16:56:58;98;96
28/12/2011 16:57:13;96;96
28/12/2011 16:57:24;96;96
28/12/2011 16:57:35;98;96
28/12/2011 16:57:45;96;96
28/12/2011 16:57:58;96;96
28/12/2011 16:58:09;96;96
28/12/2011 16:58:20;96;96
28/12/2011 16:58:31;96;96
28/12/2011 16:58:42;96;96
28/12/2011 16:58:53;98;96
28/12/2011 16:59:05;98;96
28/12/2011 16:59:14;96;96
28/12/2011 16:59:27;96;96
28/12/2011 16:59:37;96;96
28/12/2011 16:59:48;96;96
28/12/2011 16:59:59;98;96
28/12/2011 17:00:08;96;96
28/12/2011 17:00:19;96;96
28/12/2011 17:00:30;96;96
28/12/2011 17:00:39;96;96
28/12/2011 17:00:50;100;98
28/12/2011 17:01:03;100;98
28/12/2011 17:01:11;98;98
28/12/2011 17:01:22;100;98
28/12/2011 17:01:32;100;98
28/12/2011 17:01:41;100;98
28/12/2011 17:01:51;100;98
28/12/2011 17:02:03;98;98
28/12/2011 17:02:13;100;98
28/12/2011 17:02:23;98;98
28/12/2011 17:02:35;100;98
28/12/2011 17:02:45;100;98
28/12/2011 17:02:55;100;98
28/12/2011 17:03:06;100;98
28/12/2011 17:03:17;100;98
28/12/2011 17:03:28;100;98
28/12/2011 17:03:37;100;98
28/12/2011 17:03:47;98;98
28/12/2011 17:03:57;98;98
28/12/2011 17:04:08;100;98
28/12/2011 17:04:18;100;98
28/12/2011 17:04:27;100;98
28/12/2011 17:04:38;98;98
28/12/2011 17:04:48;100;98
28/12/2011 17:05:00;100;98
28/12/2011 17:05:10;100;98
28/12/2011 17:05:22;100;98
28/12/2011 17:05:31;100;98
28/12/2011 17:05:44;98;98
28/12/2011 17:05:54;98;98
28/12/2011 17:06:04;100;98
28/12/2011 17:06:14;100;98
28/12/2011 17:06:24;100;98
28/12/2011 17:06:32;100;98
28/12/2011 17:06:42;98;98
28/12/2011 17:06:49;98;98
28/12/2011 17:06:59;100;98
28/12/2011 17:07:05;100;98
28/12/2011 17:07:16;100;98
28/12/2011 17:07:27;100;98
28/12/2011 17:07:37;100;98
28/12/2011 17:07:48;100;98
28/12/2011 17:07:59;98;98
28/12/2011 17:08:08;100;98
28/12/2011 17:08:09;98;98
28/12/2011 17:08:16;98;98
28/12/2011 17:08:29;98;98
28/12/2011 17:08:40;100;98
28/12/2011 17:08:50;100;98
28/12/2011 17:09:01;100;98
28/12/2011 17:09:22;100;98
28/12/2011 17:09:34;100;98
28/12/2011 17:10:12;100;98
28/12/2011 17:10:46;100;98
28/12/2011 17:11:55;100;98
28/12/2011 17:12:04;100;98
28/12/2011 17:12:15;98;98
28/12/2011 17:12:26;100;98
28/12/2011 17:12:37;100;98
28/12/2011 17:12:47;100;98
28/12/2011 17:12:57;100;98
28/12/2011 17:13:07;100;98
28/12/2011 17:13:16;98;98
28/12/2011 17:13:26;98;98
28/12/2011 17:13:36;98;98
28/12/2011 17:13:49;98;98
28/12/2011 17:14:00;98;98
28/12/2011 17:14:10;100;98
28/12/2011 17:14:22;100;98
28/12/2011 17:14:33;98;98
28/12/2011 17:14:40;98;98
28/12/2011 17:14:49;100;98
28/12/2011 17:14:59;100;98
28/12/2011 17:15:08;100;98
28/12/2011 17:15:20;98;98
28/12/2011 17:15:29;98;98
28/12/2011 17:15:40;100;98
28/12/2011 17:15:50;98;98
28/12/2011 17:16:01;98;98
28/12/2011 17:16:11;100;98
28/12/2011 17:16:20;98;98
28/12/2011 17:16:28;98;98
28/12/2011 17:16:37;98;98
28/12/2011 17:16:43;100;98
28/12/2011 17:16:54;100;98
28/12/2011 17:17:03;100;98
28/12/2011 17:17:14;100;98
28/12/2011 17:17:25;98;98
28/12/2011 17:17:32;98;98
28/12/2011 17:17:42;100;98
28/12/2011 17:17:51;98;98
28/12/2011 17:18:00;98;98
28/12/2011 17:18:10;98;98
28/12/2011 17:18:19;98;98
28/12/2011 17:18:28;98;98
28/12/2011 17:18:33;98;98
28/12/2011 17:18:40;98;98
28/12/2011 17:18:47;98;98
28/12/2011 17:18:56;98;96
28/12/2011 17:19:04;100;98
28/12/2011 17:19:14;98;98
28/12/2011 17:19:24;98;98
28/12/2011 17:19:36;98;98
28/12/2011 17:19:46;98;98
28/12/2011 17:19:56;98;98
28/12/2011 17:20:07;98;98
28/12/2011 17:20:16;98;98
28/12/2011 17:20:26;100;98
28/12/2011 17:20:36;98;98
28/12/2011 17:20:46;98;98
28/12/2011 17:20:56;98;98
28/12/2011 17:21:06;98;98
28/12/2011 17:21:15;98;96
28/12/2011 17:21:24;98;98
28/12/2011 17:21:35;98;98
28/12/2011 17:21:46;98;98
28/12/2011 17:21:56;98;98
28/12/2011 17:22:06;98;98
28/12/2011 17:22:18;98;98
28/12/2011 17:22:28;100;98
28/12/2011 17:22:40;98;98
28/12/2011 17:22:53;98;98
28/12/2011 17:23:01;100;98
28/12/2011 17:23:10;100;98
28/12/2011 17:23:23;100;98
28/12/2011 17:23:33;98;98
28/12/2011 17:23:43;98;98
28/12/2011 17:23:53;98;98
28/12/2011 17:24:03;98;98
28/12/2011 17:24:15;98;98
28/12/2011 17:24:24;98;98
28/12/2011 17:24:34;98;98
28/12/2011 17:24:44;98;98
28/12/2011 17:24:55;98;98
28/12/2011 17:25:06;98;98
28/12/2011 17:25:16;98;98
28/12/2011 17:25:26;98;98
28/12/2011 17:25:40;98;98
28/12/2011 17:25:50;98;98
28/12/2011 17:26:02;100;98
28/12/2011 17:26:12;100;98
28/12/2011 17:26:23;98;98
28/12/2011 17:26:34;98;98
28/12/2011 17:26:44;98;98
28/12/2011 17:26:57;98;98
28/12/2011 17:27:09;98;98
28/12/2011 17:27:19;98;98
28/12/2011 17:27:29;100;98
28/12/2011 17:27:43;98;98
28/12/2011 17:27:54;98;98
28/12/2011 17:28:06;100;98
28/12/2011 17:28:17;98;98
28/12/2011 17:28:27;98;98
28/12/2011 17:28:41;98;98
28/12/2011 17:28:51;100;98
28/12/2011 17:29:01;98;98
28/12/2011 17:29:14;98;98
28/12/2011 17:29:25;98;98
28/12/2011 17:29:36;98;98
28/12/2011 17:29:47;98;98
28/12/2011 17:29:57;98;98
28/12/2011 17:30:09;98;98
28/12/2011 17:30:20;98;98
28/12/2011 17:30:32;100;98
28/12/2011 17:30:42;98;98
28/12/2011 17:30:51;100;98
28/12/2011 17:31:02;100;98
28/12/2011 17:31:12;98;98
28/12/2011 17:31:23;98;98
28/12/2011 17:31:33;98;98
28/12/2011 17:31:44;98;98
28/12/2011 17:31:54;98;98
28/12/2011 17:32:04;98;98
28/12/2011 17:32:15;98;98
28/12/2011 17:32:28;100;98
28/12/2011 17:32:43;100;98
28/12/2011 17:32:57;98;98
28/12/2011 17:33:08;98;98
28/12/2011 17:33:18;100;98
28/12/2011 17:33:30;100;98
28/12/2011 17:33:41;100;98
28/12/2011 17:33:54;98;98
28/12/2011 17:34:04;98;98
28/12/2011 17:34:17;100;98
28/12/2011 17:34:28;98;98
28/12/2011 17:34:38;98;98
28/12/2011 17:34:49;100;98
28/12/2011 17:35:00;98;98
28/12/2011 17:35:12;98;98
28/12/2011 17:35:22;98;98
28/12/2011 17:35:36;100;98
28/12/2011 17:35:49;98;98
28/12/2011 17:36:00;98;98
28/12/2011 17:36:14;98;98
28/12/2011 17:36:24;98;98
28/12/2011 17:36:37;98;98
28/12/2011 17:36:46;98;98
28/12/2011 17:36:58;98;98
28/12/2011 17:37:09;98;98
28/12/2011 17:37:20;98;98
28/12/2011 17:37:31;98;98
28/12/2011 17:37:43;98;98
28/12/2011 17:37:55;98;98
28/12/2011 17:38:09;100;98
28/12/2011 17:38:21;98;98
28/12/2011 17:38:33;98;98
28/12/2011 17:38:44;98;98
28/12/2011 17:38:57;100;98
28/12/2011 17:39:07;98;98
28/12/2011 17:39:21;100;98
28/12/2011 17:39:31;98;98
28/12/2011 17:39:43;98;98
28/12/2011 17:39:55;98;98
28/12/2011 17:40:06;98;98
28/12/2011 17:40:16;100;98
28/12/2011 17:40:30;100;98
28/12/2011 17:40:45;100;98
28/12/2011 17:40:58;100;98
28/12/2011 17:41:09;100;98
28/12/2011 17:41:21;100;98
28/12/2011 17:41:33;100;98
28/12/2011 17:41:44;100;98
28/12/2011 17:41:55;100;98
28/12/2011 17:42:18;98;98
28/12/2011 17:42:19;100;98
28/12/2011 17:42:53;100;98
28/12/2011 17:43:05;100;98
28/12/2011 17:43:29;100;98
28/12/2011 17:43:51;100;98
28/12/2011 17:44:04;100;98
28/12/2011 17:44:14;100;98
28/12/2011 17:44:26;100;98
28/12/2011 17:44:38;100;98
28/12/2011 17:44:50;100;98
28/12/2011 17:45:01;100;98
28/12/2011 17:45:16;98;98
28/12/2011 17:45:28;100;98
28/12/2011 17:45:35;100;98
28/12/2011 17:45:46;100;98
28/12/2011 17:45:56;100;98
28/12/2011 17:46:09;100;98
28/12/2011 17:47:55;100;98
28/12/2011 17:48:17;100;98
28/12/2011 17:48:27;98;98
28/12/2011 17:48:45;100;98
28/12/2011 17:48:56;100;98
28/12/2011 17:49:08;100;98
28/12/2011 17:49:19;100;98
28/12/2011 17:49:51;100;98
28/12/2011 17:50:25;100;98
28/12/2011 17:50:35;100;98
28/12/2011 17:50:45;98;98
28/12/2011 17:50:55;100;98
28/12/2011 17:51:06;98;98
28/12/2011 17:51:19;100;98
28/12/2011 17:51:28;100;98
28/12/2011 17:51:38;98;98
28/12/2011 17:51:48;98;98
28/12/2011 17:52:00;100;98
28/12/2011 17:52:10;100;98
28/12/2011 17:52:20;98;98
28/12/2011 17:52:30;98;98
28/12/2011 17:52:43;98;98
28/12/2011 17:52:45;100;98
28/12/2011 17:52:52;98;98
28/12/2011 17:53:03;100;98
28/12/2011 17:53:14;98;98
28/12/2011 17:53:14;100;98
28/12/2011 17:53:23;98;98
28/12/2011 17:53:34;98;98
28/12/2011 17:53:44;98;98
28/12/2011 17:53:55;100;98
28/12/2011 17:54:07;98;98
28/12/2011 17:54:16;98;98
28/12/2011 17:54:29;100;98
28/12/2011 17:54:39;98;98
28/12/2011 17:54:50;100;98
28/12/2011 17:55:01;98;98
28/12/2011 17:55:12;98;98
28/12/2011 17:55:22;98;98
28/12/2011 17:55:32;100;98
28/12/2011 17:55:42;100;98
28/12/2011 17:55:52;100;98
28/12/2011 17:56:02;98;98
28/12/2011 17:56:12;98;98
28/12/2011 17:56:23;98;98
28/12/2011 17:56:33;98;98
28/12/2011 17:56:45;98;98
28/12/2011 17:56:56;98;98
28/12/2011 17:57:06;100;98
28/12/2011 17:57:16;100;98
28/12/2011 17:57:27;100;98
28/12/2011 17:57:37;100;98
28/12/2011 17:57:48;98;98
28/12/2011 17:57:58;100;98
28/12/2011 17:58:09;100;98
28/12/2011 17:58:19;100;98
28/12/2011 17:58:30;100;98
28/12/2011 17:58:42;98;98
28/12/2011 17:58:52;100;98
28/12/2011 17:59:05;100;98
28/12/2011 17:59:26;98;98
28/12/2011 17:59:36;100;98
28/12/2011 17:59:46;100;98
28/12/2011 18:00:00;98;98
28/12/2011 18:00:10;100;98
28/12/2011 18:00:20;98;98
28/12/2011 18:00:30;100;98
28/12/2011 18:00:42;100;98
28/12/2011 18:00:42;98;98
28/12/2011 18:01:02;100;98
28/12/2011 18:01:03;100;98
28/12/2011 18:01:04;100;98
28/12/2011 18:01:04;100;98
28/12/2011 18:01:06;100;98
28/12/2011 18:01:09;100;98
28/12/2011 18:01:20;98;98
28/12/2011 18:01:31;100;98
28/12/2011 18:01:53;100;98
28/12/2011 18:02:01;100;98
28/12/2011 18:02:21;98;98
28/12/2011 18:02:36;100;98
28/12/2011 18:02:46;100;98
28/12/2011 18:02:56;100;98
28/12/2011 18:03:07;98;98
28/12/2011 18:03:17;100;98
28/12/2011 18:03:30;100;98
28/12/2011 18:03:31;100;98
28/12/2011 18:03:38;98;98
28/12/2011 18:03:48;100;98
28/12/2011 18:04:00;100;98
28/12/2011 18:08:52;100;98
28/12/2011 18:09:02;100;98
28/12/2011 18:09:13;100;98
28/12/2011 18:09:23;100;98
28/12/2011 18:09:34;98;98
28/12/2011 18:09:44;100;98
28/12/2011 18:12:10;100;98
28/12/2011 18:13:02;100;98
28/12/2011 18:25:26;100;98
28/12/2011 18:25:36;98;98
28/12/2011 18:25:47;100;98
28/12/2011 18:25:58;98;98
28/12/2011 18:26:08;98;96
28/12/2011 18:26:21;98;98
28/12/2011 18:26:32;98;96
28/12/2011 18:26:41;98;98
28/12/2011 18:26:52;98;98
28/12/2011 18:27:02;98;98
28/12/2011 18:27:04;98;98
28/12/2011 18:27:11;98;98
28/12/2011 18:27:21;98;98
28/12/2011 18:27:33;98;98
28/12/2011 18:27:43;98;98
28/12/2011 18:27:54;98;98
28/12/2011 18:28:04;98;96
28/12/2011 18:28:14;98;96
28/12/2011 18:28:24;96;96
28/12/2011 18:28:34;98;98
28/12/2011 18:28:47;98;98
28/12/2011 18:28:57;98;98
28/12/2011 18:29:07;96;96
28/12/2011 18:29:20;96;96
28/12/2011 18:29:31;98;96
28/12/2011 18:29:41;98;96
28/12/2011 18:29:52;98;96
28/12/2011 18:30:05;98;96
28/12/2011 18:30:14;98;96
28/12/2011 18:30:25;98;98
28/12/2011 18:30:38;98;98
28/12/2011 18:30:48;98;98
28/12/2011 18:30:59;98;98
28/12/2011 18:31:09;100;98
28/12/2011 18:31:19;98;98
28/12/2011 18:31:29;100;98
28/12/2011 18:31:39;98;98
28/12/2011 18:31:49;98;98
28/12/2011 18:31:57;98;98
28/12/2011 18:32:07;98;98
28/12/2011 18:32:17;98;98
28/12/2011 18:32:27;98;98
28/12/2011 18:32:37;98;98
28/12/2011 18:32:46;98;98
28/12/2011 18:32:55;98;98
28/12/2011 18:33:03;98;98
28/12/2011 18:33:12;98;98
28/12/2011 18:33:22;98;98
28/12/2011 18:33:31;98;96
28/12/2011 18:33:40;98;96
28/12/2011 18:33:49;98;96
28/12/2011 18:33:57;98;96
28/12/2011 18:34:06;98;96
28/12/2011 18:34:16;98;98
28/12/2011 18:34:26;100;98
28/12/2011 18:34:38;98;98
28/12/2011 18:34:48;100;98
28/12/2011 18:34:57;100;98
28/12/2011 18:35:05;100;98
28/12/2011 18:35:13;98;98
28/12/2011 18:35:24;98;98
28/12/2011 18:35:32;98;98
28/12/2011 18:35:41;98;98
28/12/2011 18:35:50;100;98
28/12/2011 18:35:59;98;98
28/12/2011 18:36:08;98;98
28/12/2011 18:36:19;98;98
28/12/2011 18:36:27;98;98
28/12/2011 18:36:39;100;98
28/12/2011 18:36:48;98;98
28/12/2011 18:36:57;98;98
28/12/2011 18:37:07;100;98
28/12/2011 18:37:19;98;98
28/12/2011 18:37:27;98;98
28/12/2011 18:37:36;98;98
28/12/2011 18:37:47;98;98
28/12/2011 18:37:57;98;98
28/12/2011 18:38:05;98;98
28/12/2011 18:38:15;98;98
28/12/2011 18:38:24;98;98
28/12/2011 18:38:33;98;98
28/12/2011 18:38:43;98;98
28/12/2011 18:38:45;98;98
28/12/2011 18:38:52;98;98
28/12/2011 18:39:00;100;98
28/12/2011 18:39:12;98;98
28/12/2011 18:39:22;98;98
28/12/2011 18:39:33;98;98
28/12/2011 18:39:42;98;98
28/12/2011 18:39:50;100;98
28/12/2011 18:39:59;98;98
28/12/2011 18:40:08;98;98
28/12/2011 18:40:19;100;98
28/12/2011 18:40:30;98;98
28/12/2011 18:40:39;98;98
28/12/2011 18:40:51;100;98
28/12/2011 18:41:02;98;98
28/12/2011 18:41:12;98;98
28/12/2011 18:41:21;98;98
28/12/2011 18:41:34;98;98
28/12/2011 18:41:45;98;98
28/12/2011 18:41:55;100;98
28/12/2011 18:42:05;98;98
28/12/2011 18:42:14;98;98
28/12/2011 18:42:25;100;98
28/12/2011 18:42:36;100;98
28/12/2011 18:42:47;100;98
28/12/2011 18:42:57;100;98
28/12/2011 18:43:07;98;98
28/12/2011 18:43:16;100;98
28/12/2011 18:43:25;100;98
28/12/2011 18:43:34;100;98
28/12/2011 18:43:44;100;98
28/12/2011 18:43:53;98;98
28/12/2011 18:44:02;100;98
28/12/2011 18:44:12;100;98
28/12/2011 18:44:21;98;98
28/12/2011 18:44:29;98;98
28/12/2011 18:44:40;98;98
28/12/2011 18:44:50;98;98
28/12/2011 18:44:59;100;98
28/12/2011 18:45:09;100;98
28/12/2011 18:45:17;100;98
28/12/2011 18:45:26;100;98
28/12/2011 18:45:36;98;98
28/12/2011 18:45:43;98;98
28/12/2011 18:45:52;98;98
28/12/2011 18:46:01;98;98
28/12/2011 18:46:10;98;98
28/12/2011 18:46:18;100;98
28/12/2011 18:46:23;98;98
28/12/2011 18:46:29;98;98
28/12/2011 18:46:35;98;98
28/12/2011 18:46:44;100;98
28/12/2011 18:46:51;98;98
28/12/2011 18:47:00;98;98
28/12/2011 18:47:07;98;98
28/12/2011 18:47:16;100;98
28/12/2011 18:47:25;100;98
28/12/2011 18:47:33;98;98
28/12/2011 18:47:41;98;98
28/12/2011 18:47:50;98;98
28/12/2011 18:47:58;98;98
28/12/2011 18:48:08;100;98
28/12/2011 18:48:15;100;98
28/12/2011 18:48:22;100;98
28/12/2011 18:48:24;100;98
28/12/2011 18:48:31;100;98
28/12/2011 18:48:41;98;98
28/12/2011 18:48:50;98;98
28/12/2011 18:49:01;98;98
28/12/2011 18:49:10;98;98
28/12/2011 18:49:21;100;98
28/12/2011 18:49:23;100;98
28/12/2011 18:49:30;100;98
28/12/2011 18:49:37;100;98
28/12/2011 18:49:47;100;98
28/12/2011 18:49:56;98;98
28/12/2011 18:50:05;100;98
28/12/2011 18:50:15;100;98
28/12/2011 18:50:26;98;98
28/12/2011 18:50:36;100;98
28/12/2011 18:50:45;100;98
28/12/2011 18:50:54;98;98
28/12/2011 18:51:04;100;98
28/12/2011 18:51:15;98;98
28/12/2011 18:51:26;98;98
28/12/2011 18:51:36;100;98
28/12/2011 18:51:48;98;98
28/12/2011 18:51:59;100;98
28/12/2011 18:52:10;98;98
28/12/2011 18:52:20;100;98
28/12/2011 18:52:31;100;98
28/12/2011 18:52:41;98;98
28/12/2011 18:52:51;100;98
28/12/2011 18:53:01;98;98
28/12/2011 18:53:12;100;98
28/12/2011 18:53:22;100;98
28/12/2011 18:53:30;100;98
28/12/2011 18:53:40;100;98
28/12/2011 18:53:42;100;98
28/12/2011 18:53:49;98;98
28/12/2011 18:53:59;100;98
28/12/2011 18:54:12;98;98
28/12/2011 18:54:20;98;98
28/12/2011 18:54:33;98;98
28/12/2011 18:54:43;98;98
28/12/2011 18:54:54;98;98
28/12/2011 18:55:04;98;98
28/12/2011 18:55:17;100;98
28/12/2011 18:55:27;98;98
28/12/2011 18:55:37;98;98
28/12/2011 18:55:38;98;98
28/12/2011 18:55:40;98;98
28/12/2011 18:55:45;98;98
28/12/2011 18:55:55;100;98
28/12/2011 18:56:03;98;98
28/12/2011 18:56:12;100;98
28/12/2011 18:56:22;100;98
28/12/2011 18:56:31;98;98
28/12/2011 18:56:41;98;98
28/12/2011 18:56:50;98;98
28/12/2011 18:56:59;100;98
28/12/2011 18:57:08;98;98
28/12/2011 18:57:16;100;98
28/12/2011 18:57:27;100;98
28/12/2011 18:57:37;100;98
28/12/2011 18:57:45;100;98
28/12/2011 18:57:54;100;98
28/12/2011 18:58:04;100;98
28/12/2011 18:58:13;100;98
28/12/2011 18:58:23;98;98
28/12/2011 18:58:33;100;98
28/12/2011 18:58:42;98;98
28/12/2011 18:58:50;100;98
28/12/2011 18:58:59;100;98
28/12/2011 18:59:08;100;98
28/12/2011 18:59:20;100;98
28/12/2011 18:59:26;100;98
28/12/2011 18:59:33;98;98
28/12/2011 18:59:42;100;98
28/12/2011 18:59:49;100;98
28/12/2011 18:59:51;100;98
28/12/2011 18:59:54;100;98
28/12/2011 19:00:00;100;98
28/12/2011 19:00:05;100;98
28/12/2011 19:00:12;98;98
28/12/2011 19:00:18;98;98
28/12/2011 19:00:25;100;98
28/12/2011 19:00:34;100;98
28/12/2011 19:00:45;100;98
28/12/2011 19:00:55;100;98
28/12/2011 19:01:05;100;98
28/12/2011 19:01:15;100;98
28/12/2011 19:01:25;100;98
28/12/2011 19:01:36;100;98
28/12/2011 19:01:47;98;98
28/12/2011 19:01:57;98;98
28/12/2011 19:02:08;100;98
28/12/2011 19:02:17;100;98
28/12/2011 19:02:26;98;98
28/12/2011 19:02:36;98;98
28/12/2011 19:02:45;100;98
28/12/2011 19:02:54;100;98
28/12/2011 19:03:03;100;98
28/12/2011 19:03:12;100;98
28/12/2011 19:03:21;98;98
28/12/2011 19:03:28;100;98
28/12/2011 19:03:37;100;98
28/12/2011 19:03:46;100;98
28/12/2011 19:03:58;100;98
28/12/2011 19:04:06;100;98
28/12/2011 19:04:16;100;98
28/12/2011 19:04:27;100;98
28/12/2011 19:04:34;100;98
28/12/2011 19:04:43;98;98
28/12/2011 19:04:51;98;98
28/12/2011 19:05:00;98;98
28/12/2011 19:05:09;98;98
28/12/2011 19:05:16;98;98
28/12/2011 19:05:27;100;98
28/12/2011 19:05:36;100;98
28/12/2011 19:05:46;100;98
28/12/2011 19:05:55;100;98
28/12/2011 19:06:05;98;98
28/12/2011 19:06:15;98;98
28/12/2011 19:06:23;100;98
28/12/2011 19:06:31;98;98
28/12/2011 19:06:40;100;98
28/12/2011 19:06:52;100;98
28/12/2011 19:06:57;100;98
28/12/2011 19:07:09;100;98
28/12/2011 19:07:19;100;98
28/12/2011 19:07:30;100;98
28/12/2011 19:07:40;98;98
28/12/2011 19:07:50;98;98
28/12/2011 19:08:03;100;98
28/12/2011 19:08:13;100;98
28/12/2011 19:08:22;100;98
28/12/2011 19:08:33;98;98
28/12/2011 19:08:43;100;98
28/12/2011 19:08:53;100;98
28/12/2011 19:09:04;100;98
28/12/2011 19:09:13;100;98
28/12/2011 19:09:22;100;98
28/12/2011 19:09:32;100;98
28/12/2011 19:09:44;100;98
28/12/2011 19:09:54;98;98
28/12/2011 19:10:04;100;98
28/12/2011 19:10:16;100;98
28/12/2011 19:10:28;100;98
28/12/2011 19:10:38;98;98
28/12/2011 19:10:48;98;98
28/12/2011 19:10:57;100;98
28/12/2011 19:11:06;100;98
28/12/2011 19:11:14;100;98
28/12/2011 19:11:25;98;98
28/12/2011 19:11:35;100;98
28/12/2011 19:11:45;98;98
28/12/2011 19:11:58;98;98
28/12/2011 19:12:08;100;98
28/12/2011 19:12:18;98;98
28/12/2011 19:12:28;98;98
28/12/2011 19:12:38;98;98
28/12/2011 19:12:50;98;98
28/12/2011 19:13:03;98;98
28/12/2011 19:13:16;98;98
28/12/2011 19:13:27;98;98
28/12/2011 19:13:28;100;98
28/12/2011 19:13:29;98;98
28/12/2011 19:13:37;98;98
28/12/2011 19:13:39;98;98
28/12/2011 19:13:47;98;98
28/12/2011 19:14:02;98;98
28/12/2011 19:14:11;100;98
28/12/2011 19:14:22;98;98
28/12/2011 19:14:33;100;98
28/12/2011 19:14:44;100;98
28/12/2011 19:14:56;98;98
28/12/2011 19:15:05;100;98
28/12/2011 19:15:15;98;98
28/12/2011 19:15:26;100;98
28/12/2011 19:15:38;100;98
28/12/2011 19:15:40;100;98
28/12/2011 19:15:51;100;98
28/12/2011 19:16:04;98;98
28/12/2011 19:16:15;100;98
28/12/2011 19:16:26;98;98
28/12/2011 19:16:41;98;98
28/12/2011 19:16:54;100;98
28/12/2011 19:17:06;98;98
28/12/2011 19:17:20;100;98
28/12/2011 19:17:30;100;98
28/12/2011 19:17:45;100;98
28/12/2011 19:17:58;98;98
28/12/2011 19:18:10;100;98
28/12/2011 19:18:21;100;98
28/12/2011 19:18:35;100;98
28/12/2011 19:18:46;98;98
28/12/2011 19:19:01;100;98
28/12/2011 19:19:14;100;98
28/12/2011 19:19:23;100;98
28/12/2011 19:19:36;98;98
28/12/2011 19:19:47;100;98
28/12/2011 19:19:48;100;98
28/12/2011 19:19:58;100;98
28/12/2011 19:20:09;98;98
28/12/2011 19:20:11;98;98
28/12/2011 19:20:12;98;98
28/12/2011 19:20:19;100;98
28/12/2011 19:20:34;98;98
28/12/2011 19:20:45;100;98
28/12/2011 19:20:55;98;98
28/12/2011 19:21:08;100;98
28/12/2011 19:21:22;100;98
28/12/2011 19:21:34;100;98
28/12/2011 19:21:45;100;98
28/12/2011 19:21:56;100;98
28/12/2011 19:22:11;100;98
28/12/2011 19:22:25;98;98
28/12/2011 19:22:34;98;98
28/12/2011 19:22:45;100;98
28/12/2011 19:23:00;100;98
28/12/2011 19:23:12;100;98
28/12/2011 19:23:13;100;98
28/12/2011 19:23:23;98;98
28/12/2011 19:23:33;100;98
28/12/2011 19:23:44;100;98
28/12/2011 19:23:57;98;98
28/12/2011 19:23:58;98;98
28/12/2011 19:24:00;98;98
28/12/2011 19:24:07;100;98
28/12/2011 19:24:53;100;98
28/12/2011 19:25:05;100;98
28/12/2011 19:25:06;100;98
28/12/2011 19:25:14;100;98
28/12/2011 19:25:25;100;98
28/12/2011 19:25:36;100;98
28/12/2011 19:25:48;100;98
28/12/2011 19:26:01;98;98
28/12/2011 19:26:13;98;98
28/12/2011 19:26:28;100;98
28/12/2011 19:26:37;100;98
28/12/2011 19:26:39;100;98
28/12/2011 19:26:47;98;98
28/12/2011 19:26:49;98;98
28/12/2011 19:26:57;98;98
28/12/2011 19:27:08;100;98
28/12/2011 19:27:19;100;98
28/12/2011 19:27:32;98;98
28/12/2011 19:27:43;100;98
28/12/2011 19:27:44;100;98
28/12/2011 19:27:46;100;98
28/12/2011 19:27:54;100;98
28/12/2011 19:28:08;100;98
28/12/2011 19:28:21;98;98
28/12/2011 19:28:22;98;98
28/12/2011 19:28:24;98;98
28/12/2011 19:28:31;100;98
28/12/2011 19:28:43;100;98
28/12/2011 19:28:54;98;98
28/12/2011 19:29:05;98;98
28/12/2011 19:29:20;100;98
28/12/2011 19:29:21;100;98
28/12/2011 19:29:30;100;98
28/12/2011 19:29:31;100;98
28/12/2011 19:29:42;100;98
28/12/2011 19:29:55;100;98
28/12/2011 19:29:56;100;98
28/12/2011 19:30:04;100;98
28/12/2011 19:31:32;100;98
28/12/2011 19:31:43;98;98
28/12/2011 19:32:20;98;98
28/12/2011 19:32:34;100;98
28/12/2011 19:32:52;98;98
28/12/2011 19:32:54;98;98
28/12/2011 19:32:56;98;98
28/12/2011 19:33:02;100;98
28/12/2011 19:33:27;100;98
28/12/2011 19:33:29;100;98
28/12/2011 19:33:37;100;98
28/12/2011 19:33:48;100;98
28/12/2011 19:33:59;100;98
28/12/2011 19:34:12;100;98
28/12/2011 19:34:25;100;98
28/12/2011 20:12:48;100;98
28/12/2011 20:12:55;98;98
28/12/2011 20:13:09;98;98
28/12/2011 20:13:24;98;98
28/12/2011 20:13:26;98;98
28/12/2011 20:14:21;98;98
28/12/2011 20:14:23;100;98
28/12/2011 20:14:28;98;98
28/12/2011 20:14:41;100;98
28/12/2011 20:14:41;98;98
28/12/2011 20:14:47;100;98
28/12/2011 20:14:56;98;98
28/12/2011 20:15:06;100;98
28/12/2011 20:15:21;100;98
28/12/2011 20:15:33;98;98
28/12/2011 20:15:46;100;98
28/12/2011 20:15:58;98;98
28/12/2011 20:16:09;98;98
28/12/2011 20:16:11;98;98
28/12/2011 20:16:22;98;98
28/12/2011 20:16:23;98;98
28/12/2011 20:16:27;100;98
28/12/2011 20:16:30;98;98
28/12/2011 20:16:41;98;98
28/12/2011 20:16:55;98;98
28/12/2011 20:17:06;98;98
28/12/2011 20:17:19;98;98
28/12/2011 20:17:30;100;98
28/12/2011 20:17:43;100;98
28/12/2011 20:17:45;100;98
28/12/2011 20:17:56;98;98
28/12/2011 20:18:07;100;98
28/12/2011 20:18:08;100;98
28/12/2011 20:18:17;98;98
28/12/2011 20:18:45;98;98
28/12/2011 20:18:56;100;98
28/12/2011 20:19:09;98;98
28/12/2011 20:19:21;98;98
28/12/2011 20:19:32;98;98
28/12/2011 20:19:47;100;98
28/12/2011 20:19:58;98;98
28/12/2011 20:20:12;100;98
28/12/2011 20:20:24;98;98
28/12/2011 20:20:37;100;98
28/12/2011 20:20:49;98;98
28/12/2011 20:21:00;98;98
28/12/2011 20:21:11;98;98
28/12/2011 20:21:25;98;98
28/12/2011 20:21:33;100;98
28/12/2011 20:21:47;98;98
28/12/2011 20:21:58;98;98
28/12/2011 20:22:10;100;98
28/12/2011 20:22:19;100;98
28/12/2011 20:22:30;100;98
28/12/2011 20:22:45;98;98
28/12/2011 20:22:54;100;98
28/12/2011 20:23:06;100;98
28/12/2011 20:23:06;100;98
28/12/2011 20:23:15;98;98
28/12/2011 20:23:17;100;98
28/12/2011 20:23:18;98;98
28/12/2011 20:23:26;100;98
28/12/2011 20:30:27;98;98
28/12/2011 20:30:40;100;98
28/12/2011 20:30:51;100;98
28/12/2011 20:31:02;98;98
28/12/2011 20:31:12;100;98
28/12/2011 20:31:23;100;98
28/12/2011 20:31:35;98;98
28/12/2011 20:31:46;98;98
28/12/2011 20:32:01;98;98
28/12/2011 20:32:12;98;98
28/12/2011 20:32:26;98;98
28/12/2011 20:32:40;98;98
28/12/2011 20:32:53;98;98
28/12/2011 20:33:04;98;98
28/12/2011 20:33:15;98;98
28/12/2011 20:33:25;98;98
28/12/2011 20:33:39;98;98
28/12/2011 20:33:51;98;98
28/12/2011 20:34:05;100;98
28/12/2011 20:34:17;100;98
28/12/2011 20:34:29;98;98
28/12/2011 20:34:42;98;98
28/12/2011 20:34:51;98;98
28/12/2011 20:35:03;100;98
28/12/2011 20:35:18;98;98
28/12/2011 20:35:29;98;98
28/12/2011 20:35:42;98;98
28/12/2011 20:35:53;98;98
28/12/2011 20:36:04;100;98
28/12/2011 20:36:16;98;98
28/12/2011 20:36:27;100;98
28/12/2011 20:36:40;100;98
28/12/2011 20:36:51;100;98
28/12/2011 20:37:03;98;98
28/12/2011 20:37:13;100;98
28/12/2011 20:37:23;100;98
28/12/2011 20:37:37;98;98
28/12/2011 20:37:47;98;98
28/12/2011 20:38:00;100;98
28/12/2011 20:38:11;98;98
28/12/2011 20:38:24;98;98
28/12/2011 20:38:34;98;98
28/12/2011 20:38:44;98;98
28/12/2011 20:38:57;98;98
28/12/2011 20:39:06;100;98
28/12/2011 20:39:19;98;98
28/12/2011 20:39:30;98;98
28/12/2011 20:39:45;98;98
28/12/2011 20:39:58;98;98
28/12/2011 20:39:58;98;98
28/12/2011 20:40:07;100;98
28/12/2011 20:40:20;100;98
28/12/2011 20:40:31;98;98
28/12/2011 20:40:43;98;98
28/12/2011 20:40:55;98;98
28/12/2011 20:41:08;100;98
28/12/2011 20:41:19;100;98
28/12/2011 20:41:29;98;98
28/12/2011 20:41:40;100;98
28/12/2011 20:41:52;98;98
28/12/2011 20:42:06;98;98
28/12/2011 20:42:16;100;98
28/12/2011 20:42:29;98;98
28/12/2011 20:42:40;100;98
28/12/2011 20:42:51;98;98
28/12/2011 20:43:03;98;98
28/12/2011 20:43:16;98;98
28/12/2011 20:43:29;100;98
28/12/2011 20:43:41;98;98
28/12/2011 20:43:52;98;98
28/12/2011 20:44:06;98;98
28/12/2011 20:44:18;98;98
28/12/2011 20:44:31;100;98
28/12/2011 20:44:43;100;98
28/12/2011 20:44:55;100;98
28/12/2011 20:45:08;98;98
28/12/2011 20:45:19;98;98
28/12/2011 20:45:30;100;98
28/12/2011 20:45:39;100;98
28/12/2011 20:45:49;98;98
28/12/2011 20:45:59;100;98
28/12/2011 20:46:09;98;98
28/12/2011 20:46:21;98;98
28/12/2011 20:46:31;98;98
28/12/2011 20:46:42;98;98
28/12/2011 20:46:53;100;98
28/12/2011 20:47:04;100;98
28/12/2011 20:47:14;98;98
28/12/2011 20:47:24;100;98
28/12/2011 20:47:34;98;98
28/12/2011 20:47:47;98;98
28/12/2011 20:47:58;100;98
28/12/2011 20:48:09;98;98
28/12/2011 20:48:19;100;98
28/12/2011 20:48:30;98;98
28/12/2011 20:48:43;98;98
28/12/2011 20:48:54;98;98
28/12/2011 20:49:04;98;98
28/12/2011 20:49:16;98;98
28/12/2011 20:49:27;98;98
28/12/2011 20:49:38;100;98
28/12/2011 20:49:51;98;98
28/12/2011 20:50:03;98;98
28/12/2011 20:50:17;100;98
28/12/2011 20:50:31;98;98
28/12/2011 20:50:43;100;98
28/12/2011 20:50:55;98;98
28/12/2011 20:51:05;100;98
28/12/2011 20:51:17;98;98
28/12/2011 20:51:29;100;98
28/12/2011 20:51:42;98;98
28/12/2011 20:51:56;98;98
28/12/2011 20:52:07;98;98
28/12/2011 20:52:18;98;98
28/12/2011 20:52:30;100;98
28/12/2011 20:52:41;100;98
28/12/2011 20:52:52;98;98
28/12/2011 20:53:03;100;98
28/12/2011 20:53:14;100;98
28/12/2011 20:53:24;100;98
28/12/2011 20:53:35;100;98
28/12/2011 20:53:45;98;98
28/12/2011 20:53:58;98;98
28/12/2011 20:54:09;100;98
28/12/2011 20:54:22;98;98
28/12/2011 20:54:35;98;98
28/12/2011 20:54:49;98;98
28/12/2011 20:55:01;100;98
28/12/2011 20:55:16;100;98
28/12/2011 20:55:27;98;98
28/12/2011 20:55:34;98;98
28/12/2011 20:55:47;100;98
28/12/2011 20:55:59;100;98
28/12/2011 20:56:10;100;98
28/12/2011 20:56:23;100;98
28/12/2011 20:56:36;100;98
28/12/2011 20:56:48;100;98
28/12/2011 20:57:00;100;98
28/12/2011 20:57:14;98;98
28/12/2011 20:57:27;100;98
28/12/2011 20:57:38;100;98
28/12/2011 20:57:51;100;98
28/12/2011 20:58:02;98;98
28/12/2011 20:58:14;98;98
28/12/2011 20:58:25;100;98
28/12/2011 20:58:39;100;98
28/12/2011 20:58:50;100;98
28/12/2011 20:59:00;100;98
28/12/2011 20:59:10;100;98
28/12/2011 20:59:21;98;98
28/12/2011 20:59:34;98;98
28/12/2011 20:59:48;100;98
28/12/2011 21:00:00;100;98
28/12/2011 21:00:14;100;98
28/12/2011 21:00:26;98;98
28/12/2011 21:00:39;100;98
28/12/2011 21:00:52;98;98
28/12/2011 21:01:04;100;98
28/12/2011 21:01:14;100;98
28/12/2011 21:01:26;98;98
28/12/2011 21:01:38;100;98
28/12/2011 21:01:53;98;98
28/12/2011 21:02:20;100;98
28/12/2011 21:02:30;100;98
28/12/2011 21:02:40;100;98
28/12/2011 21:02:54;100;98
28/12/2011 21:03:05;100;98
28/12/2011 21:03:28;100;98
28/12/2011 21:03:52;98;98
28/12/2011 21:04:03;100;98
28/12/2011 21:04:25;100;98
28/12/2011 21:04:56;100;98
28/12/2011 21:05:08;100;98
28/12/2011 21:05:20;100;98
28/12/2011 21:05:30;100;98
28/12/2011 21:05:41;100;98
28/12/2011 21:05:54;98;98
28/12/2011 21:06:08;100;98
28/12/2011 21:06:19;98;98
28/12/2011 21:06:33;100;98
28/12/2011 21:06:45;98;98
28/12/2011 21:06:57;98;98
28/12/2011 21:07:09;100;98
28/12/2011 21:07:19;100;98
28/12/2011 21:07:30;100;98
28/12/2011 21:07:41;98;98
28/12/2011 21:07:53;100;98
28/12/2011 21:08:02;100;98
28/12/2011 21:08:12;100;98
28/12/2011 21:08:21;98;98
28/12/2011 21:08:33;100;98
28/12/2011 21:08:44;100;98
28/12/2011 21:08:53;100;98
28/12/2011 21:09:24;100;98
28/12/2011 21:09:35;100;98
28/12/2011 21:10:17;100;98
28/12/2011 21:10:30;100;98
28/12/2011 21:10:41;100;98
28/12/2011 21:10:50;98;98
28/12/2011 21:11:01;100;98
28/12/2011 21:11:02;100;98
28/12/2011 21:11:11;100;98
28/12/2011 21:11:24;100;98
28/12/2011 21:11:34;100;98
28/12/2011 21:11:45;100;98
28/12/2011 21:11:54;98;98
28/12/2011 21:12:18;100;98
28/12/2011 21:12:30;100;98
28/12/2011 21:12:51;98;98
28/12/2011 21:13:02;100;98
28/12/2011 21:13:13;100;98
28/12/2011 21:13:25;98;98
28/12/2011 21:13:36;100;98
28/12/2011 21:13:47;100;98
28/12/2011 21:13:59;100;98
28/12/2011 21:14:11;100;98
28/12/2011 21:14:22;100;98
28/12/2011 21:14:34;100;98
28/12/2011 21:14:44;98;98
28/12/2011 21:14:54;98;98
28/12/2011 21:15:03;100;98
28/12/2011 21:15:13;100;98
28/12/2011 21:15:24;98;98
28/12/2011 21:15:25;100;98
28/12/2011 21:15:34;98;98
28/12/2011 21:15:46;100;98
28/12/2011 21:15:57;98;98
28/12/2011 21:16:12;100;98
28/12/2011 21:16:23;100;98
28/12/2011 21:16:35;100;98
28/12/2011 21:16:46;98;98
28/12/2011 21:16:57;98;98
28/12/2011 21:17:04;98;98
28/12/2011 21:17:16;100;98
28/12/2011 21:17:17;98;98
28/12/2011 21:17:17;100;98
28/12/2011 21:17:25;100;98
28/12/2011 21:17:43;100;98
28/12/2011 21:17:55;100;98
28/12/2011 21:18:06;100;98
28/12/2011 21:18:16;100;98
28/12/2011 21:18:27;100;98
28/12/2011 21:18:38;100;98
28/12/2011 21:18:49;100;98
28/12/2011 21:18:59;98;98
28/12/2011 21:19:12;98;98
28/12/2011 21:19:20;100;98
28/12/2011 21:19:31;100;98
28/12/2011 21:19:41;100;98
28/12/2011 21:19:53;100;98
28/12/2011 21:20:03;100;98
28/12/2011 21:20:12;100;98
28/12/2011 21:20:23;100;98
28/12/2011 21:20:35;100;98
28/12/2011 21:20:48;98;98
28/12/2011 21:20:59;98;98
28/12/2011 21:21:10;100;98
28/12/2011 21:21:21;100;98
28/12/2011 21:21:33;98;98
28/12/2011 21:21:42;100;98
28/12/2011 21:21:53;100;98
28/12/2011 21:22:03;100;98
28/12/2011 21:22:13;98;98
28/12/2011 21:22:23;98;98
28/12/2011 21:22:35;100;98
28/12/2011 21:22:46;98;98
28/12/2011 21:22:46;98;98
28/12/2011 21:22:56;98;98
28/12/2011 21:23:06;100;98
28/12/2011 21:23:21;100;98
28/12/2011 21:23:32;100;98
28/12/2011 21:23:44;98;98
28/12/2011 21:23:58;98;98
28/12/2011 21:24:10;100;98
28/12/2011 21:24:22;100;98
28/12/2011 21:24:32;100;98
28/12/2011 21:24:45;98;98
28/12/2011 21:24:59;100;98
28/12/2011 21:25:09;100;98
28/12/2011 21:25:19;100;98
28/12/2011 21:25:32;100;98
28/12/2011 21:25:42;100;98
28/12/2011 21:25:52;100;98
28/12/2011 21:26:05;100;98
28/12/2011 21:26:20;98;98
28/12/2011 21:26:31;100;98
28/12/2011 21:26:43;100;98
28/12/2011 21:26:55;100;98
28/12/2011 21:27:06;100;98
28/12/2011 21:27:19;98;98
28/12/2011 21:27:32;98;98
28/12/2011 21:27:43;100;98
28/12/2011 21:27:55;98;98
28/12/2011 21:28:08;100;98
28/12/2011 21:28:18;100;98
28/12/2011 21:28:30;100;98
28/12/2011 21:28:41;98;98
28/12/2011 21:28:52;98;98
28/12/2011 21:29:07;98;98
28/12/2011 21:29:18;100;98
28/12/2011 21:29:33;100;98
28/12/2011 21:29:44;98;98
28/12/2011 21:29:57;100;98
28/12/2011 21:30:09;100;98
28/12/2011 21:30:21;100;98
28/12/2011 21:30:35;100;98
28/12/2011 21:30:47;98;98
28/12/2011 21:30:57;98;98
28/12/2011 21:31:07;98;98
28/12/2011 21:31:18;100;98
28/12/2011 21:31:29;100;98
28/12/2011 21:31:40;100;98
28/12/2011 21:31:51;100;98
28/12/2011 21:32:03;100;98
28/12/2011 21:32:15;100;98
28/12/2011 21:32:28;98;98
28/12/2011 21:32:40;100;98
28/12/2011 21:32:53;100;98
28/12/2011 21:33:04;100;98
28/12/2011 21:33:17;98;98
28/12/2011 21:33:27;100;98
28/12/2011 21:33:38;100;98
28/12/2011 21:33:50;100;98
28/12/2011 21:34:05;100;98
28/12/2011 21:34:16;100;98
28/12/2011 21:34:53;100;98
28/12/2011 21:35:16;100;98
28/12/2011 21:35:39;100;98
28/12/2011 21:35:53;100;98
28/12/2011 21:36:05;100;98
28/12/2011 21:36:17;100;98
28/12/2011 21:36:28;100;98
28/12/2011 21:36:41;100;98
28/12/2011 21:36:52;100;98
28/12/2011 21:37:05;100;98
28/12/2011 21:37:16;100;98
28/12/2011 21:37:26;98;98
28/12/2011 21:37:36;100;98
28/12/2011 21:37:46;98;98
28/12/2011 21:37:57;100;98
28/12/2011 21:38:07;100;98
28/12/2011 21:38:18;100;98
28/12/2011 21:38:28;98;98
28/12/2011 21:38:40;98;98
28/12/2011 21:38:51;100;98
28/12/2011 21:39:01;100;98
28/12/2011 21:39:12;100;98
28/12/2011 21:39:21;100;98
28/12/2011 21:39:32;100;98
28/12/2011 21:40:25;100;98
28/12/2011 21:41:11;98;98
28/12/2011 21:45:30;100;98
28/12/2011 22:00:02;98;98
28/12/2011 22:00:13;98;98
28/12/2011 22:00:23;98;98
28/12/2011 22:00:34;98;98
28/12/2011 22:00:48;100;98
28/12/2011 22:01:02;100;98
28/12/2011 22:01:14;100;98
28/12/2011 22:01:25;100;98
28/12/2011 22:01:35;100;98
28/12/2011 22:01:46;100;98
28/12/2011 22:01:57;100;98
28/12/2011 22:02:09;98;98
28/12/2011 22:02:20;98;98
28/12/2011 22:02:31;100;98
28/12/2011 22:02:41;100;98
28/12/2011 22:02:55;98;98
28/12/2011 22:03:08;98;98
28/12/2011 22:03:21;100;98
28/12/2011 22:03:31;98;98
28/12/2011 22:03:44;98;98
28/12/2011 22:03:56;98;98
28/12/2011 22:04:11;100;98
28/12/2011 22:04:22;98;98
28/12/2011 22:04:34;100;98
28/12/2011 22:04:47;98;98
28/12/2011 22:04:58;100;98
28/12/2011 22:05:09;98;98
28/12/2011 22:05:19;100;98
28/12/2011 22:05:21;100;98
28/12/2011 22:05:29;100;98
28/12/2011 22:05:42;100;98
28/12/2011 22:05:53;100;98
28/12/2011 22:06:05;98;98
28/12/2011 22:06:16;98;98
28/12/2011 22:06:26;98;98
28/12/2011 22:06:37;100;98
28/12/2011 22:06:51;100;98
28/12/2011 22:07:01;98;98
28/12/2011 22:07:12;100;98
28/12/2011 22:07:23;100;98
28/12/2011 22:07:35;98;98
28/12/2011 22:07:48;100;98
28/12/2011 22:08:01;98;98
28/12/2011 22:08:11;98;98
28/12/2011 22:08:23;100;98
28/12/2011 22:08:35;98;98
28/12/2011 22:08:48;100;98
28/12/2011 22:08:57;100;98
28/12/2011 22:08:59;98;98
28/12/2011 22:09:06;100;98
28/12/2011 22:09:18;98;98
28/12/2011 22:09:19;100;98
28/12/2011 22:09:26;100;98
28/12/2011 22:09:37;100;98
28/12/2011 22:09:50;98;98
28/12/2011 22:10:01;98;98
28/12/2011 22:10:12;98;98
28/12/2011 22:10:27;98;98
28/12/2011 22:10:38;98;98
28/12/2011 22:10:50;98;98
28/12/2011 22:10:59;98;98
28/12/2011 22:11:11;100;98
28/12/2011 22:11:20;100;98
28/12/2011 22:11:31;100;98
28/12/2011 22:11:44;100;98
28/12/2011 22:11:57;98;98
28/12/2011 22:12:08;100;98
28/12/2011 22:12:18;98;98
28/12/2011 22:12:31;98;98
28/12/2011 22:12:44;98;98
28/12/2011 22:12:53;98;98
28/12/2011 22:13:01;98;98
28/12/2011 22:13:13;100;98
28/12/2011 22:13:26;98;98
28/12/2011 22:13:39;100;98
28/12/2011 22:13:49;98;98
28/12/2011 22:14:02;98;98
28/12/2011 22:14:13;100;98
28/12/2011 22:14:26;98;98
28/12/2011 22:14:35;100;98
28/12/2011 22:14:46;98;98
28/12/2011 22:14:57;100;98
28/12/2011 22:15:08;98;98
28/12/2011 22:15:08;98;98
28/12/2011 22:15:17;98;98
28/12/2011 22:15:26;98;98
28/12/2011 22:15:38;100;98
28/12/2011 22:15:53;100;98
28/12/2011 22:16:05;98;98
28/12/2011 22:16:17;100;98
28/12/2011 22:16:32;98;98
28/12/2011 22:16:42;98;98
28/12/2011 22:16:55;98;98
28/12/2011 22:17:06;100;98
28/12/2011 22:17:17;98;98
28/12/2011 22:17:28;98;98
28/12/2011 22:17:35;98;98
28/12/2011 22:17:45;100;98
28/12/2011 22:17:58;98;98
28/12/2011 22:18:06;100;98
28/12/2011 22:18:17;100;98
28/12/2011 22:18:28;98;98
28/12/2011 22:18:39;98;98
28/12/2011 22:18:53;100;98
28/12/2011 22:19:03;98;98
28/12/2011 22:19:13;98;98
28/12/2011 22:19:25;98;98
28/12/2011 22:19:37;98;98
28/12/2011 22:19:46;98;98
28/12/2011 22:19:56;98;98
28/12/2011 22:20:06;98;98
28/12/2011 22:20:18;100;98
28/12/2011 22:20:29;100;98
28/12/2011 22:20:38;98;98
28/12/2011 22:20:47;100;98
28/12/2011 22:20:58;100;98
28/12/2011 22:21:08;98;98
28/12/2011 22:21:16;98;98
28/12/2011 22:21:28;100;98
28/12/2011 22:21:38;98;98
28/12/2011 22:21:49;98;98
28/12/2011 22:21:58;98;98
28/12/2011 22:22:09;98;98
28/12/2011 22:22:23;100;98
28/12/2011 22:22:39;100;98
28/12/2011 22:22:50;100;98
28/12/2011 22:23:04;98;98
28/12/2011 22:23:14;98;98
28/12/2011 22:23:24;100;98
28/12/2011 22:23:37;98;98
28/12/2011 22:23:49;98;98
28/12/2011 22:24:03;100;98
28/12/2011 22:24:15;98;98
28/12/2011 22:24:30;100;98
28/12/2011 22:24:41;98;98
28/12/2011 22:24:55;100;98
28/12/2011 22:25:09;98;98
28/12/2011 22:25:21;98;98
28/12/2011 22:25:36;100;98
28/12/2011 22:25:47;98;98
28/12/2011 22:25:59;98;98
28/12/2011 22:26:12;98;98
28/12/2011 22:26:24;100;98
28/12/2011 22:26:35;98;98
28/12/2011 22:26:46;98;98
28/12/2011 22:26:58;98;98
28/12/2011 22:27:08;98;98
28/12/2011 22:27:20;98;98
28/12/2011 22:27:31;100;98
28/12/2011 22:27:44;100;98
28/12/2011 22:27:54;98;98
28/12/2011 22:28:06;100;98
28/12/2011 22:28:20;98;98
28/12/2011 22:28:31;98;98
28/12/2011 22:28:40;100;98
28/12/2011 22:28:51;98;98
28/12/2011 22:29:03;98;98
28/12/2011 22:29:15;98;98
28/12/2011 22:29:25;98;98
28/12/2011 22:29:36;98;98
28/12/2011 22:29:47;98;98
28/12/2011 22:29:58;98;98
28/12/2011 22:30:11;98;98
28/12/2011 22:30:22;98;98
28/12/2011 22:30:33;98;98
28/12/2011 22:30:42;98;98
28/12/2011 22:30:55;98;98
28/12/2011 22:31:06;98;98
28/12/2011 22:31:21;98;98
28/12/2011 22:31:32;98;98
28/12/2011 22:31:44;98;98
28/12/2011 22:31:53;98;98
28/12/2011 22:32:04;98;98
28/12/2011 22:32:15;98;98
28/12/2011 22:32:26;98;98
28/12/2011 22:32:37;98;98
28/12/2011 22:32:47;98;98
28/12/2011 22:33:00;100;98
28/12/2011 22:33:11;100;98
28/12/2011 22:33:22;98;98
28/12/2011 22:33:32;98;98
28/12/2011 22:33:45;98;98
28/12/2011 22:33:59;98;98
28/12/2011 22:34:12;98;98
28/12/2011 22:34:24;98;98
28/12/2011 22:34:39;98;98
28/12/2011 22:34:52;98;98
28/12/2011 22:35:03;98;98
28/12/2011 22:35:14;100;98
28/12/2011 22:35:25;98;98
28/12/2011 22:35:36;98;98
28/12/2011 22:35:48;100;98
28/12/2011 22:35:59;98;98
28/12/2011 22:36:09;100;98
28/12/2011 22:36:21;98;98
28/12/2011 22:36:35;98;98
28/12/2011 22:36:45;98;98
28/12/2011 22:36:58;98;98
28/12/2011 22:37:09;98;98
28/12/2011 22:37:20;98;98
28/12/2011 22:37:33;98;98
28/12/2011 22:37:45;98;98
28/12/2011 22:37:57;100;98
28/12/2011 22:38:11;100;98
28/12/2011 22:38:23;98;98
28/12/2011 22:38:35;98;98
28/12/2011 22:38:46;100;98
28/12/2011 22:38:59;98;98
28/12/2011 22:39:10;100;98
28/12/2011 22:39:21;98;98
28/12/2011 22:39:32;98;98
28/12/2011 22:39:44;98;98
28/12/2011 22:39:56;100;98
28/12/2011 22:40:07;98;98
28/12/2011 22:40:18;98;98
28/12/2011 22:40:29;100;98
28/12/2011 22:40:42;98;98
28/12/2011 22:40:53;100;98
28/12/2011 22:41:03;98;98
28/12/2011 22:41:15;98;98
28/12/2011 22:41:29;98;98
28/12/2011 22:41:43;100;98
28/12/2011 22:41:57;98;98
28/12/2011 22:42:10;98;98
28/12/2011 22:42:21;100;98
28/12/2011 22:42:35;98;98
28/12/2011 22:42:43;98;98
28/12/2011 22:42:56;98;98
28/12/2011 22:43:07;98;98
28/12/2011 22:43:18;100;98
28/12/2011 22:43:28;98;98
28/12/2011 22:43:41;98;98
28/12/2011 22:43:52;98;98
28/12/2011 22:44:03;98;98
28/12/2011 22:44:16;98;98
28/12/2011 22:44:26;98;98
28/12/2011 22:44:37;98;98
28/12/2011 22:44:48;98;98
28/12/2011 22:45:01;98;98
28/12/2011 22:45:12;98;98
28/12/2011 22:45:27;98;98
28/12/2011 22:45:38;98;98
28/12/2011 22:45:51;98;98
28/12/2011 22:46:02;98;98
28/12/2011 22:46:13;98;98
28/12/2011 22:46:22;98;98
28/12/2011 22:46:31;98;98
28/12/2011 22:46:41;98;98
28/12/2011 22:46:51;98;98
28/12/2011 22:47:02;98;98
28/12/2011 22:47:15;98;98
28/12/2011 22:47:26;98;98
28/12/2011 22:47:35;98;98
28/12/2011 22:47:45;98;98
28/12/2011 22:47:56;98;98
28/12/2011 22:48:07;98;98
28/12/2011 22:48:18;98;98
28/12/2011 22:48:29;98;98
28/12/2011 22:48:41;100;98
28/12/2011 22:48:56;98;98
28/12/2011 22:49:07;98;98
28/12/2011 22:49:22;98;98
28/12/2011 22:49:33;98;98
28/12/2011 22:49:44;98;98
28/12/2011 22:49:56;100;98
28/12/2011 22:50:09;98;98
28/12/2011 22:50:20;100;98
28/12/2011 22:50:30;98;98
28/12/2011 22:50:41;98;98
28/12/2011 22:50:52;100;98
28/12/2011 22:51:03;98;98
28/12/2011 22:51:17;100;98
28/12/2011 22:51:29;100;98
28/12/2011 22:51:45;100;98
28/12/2011 22:51:57;100;98
28/12/2011 22:52:08;98;98
28/12/2011 22:52:19;100;98
28/12/2011 22:52:29;98;98
28/12/2011 22:52:40;100;98
28/12/2011 22:52:51;100;98
28/12/2011 22:53:02;100;98
28/12/2011 22:53:13;100;98
28/12/2011 22:53:23;100;98
28/12/2011 22:53:34;98;98
28/12/2011 22:53:47;98;98
28/12/2011 22:53:56;100;98
28/12/2011 22:54:06;100;98
28/12/2011 22:54:16;98;98
28/12/2011 22:54:29;100;98
28/12/2011 22:54:40;100;98
28/12/2011 22:54:50;100;98
28/12/2011 22:55:01;98;98
28/12/2011 22:55:11;98;98
28/12/2011 22:55:22;100;98
28/12/2011 22:55:34;100;98
28/12/2011 22:55:47;98;98
28/12/2011 22:55:58;98;98
28/12/2011 22:56:09;98;98
28/12/2011 22:56:21;98;98
28/12/2011 22:56:31;100;98
28/12/2011 22:56:41;98;98
28/12/2011 22:56:51;98;98
28/12/2011 22:57:02;98;98
28/12/2011 22:57:15;98;98
28/12/2011 22:57:26;98;98
28/12/2011 22:57:38;100;98
28/12/2011 22:57:51;100;98
28/12/2011 22:58:03;98;98
28/12/2011 22:58:13;98;98
28/12/2011 22:58:22;98;98
28/12/2011 22:58:34;98;98
28/12/2011 22:58:45;100;98
28/12/2011 22:58:57;100;98
28/12/2011 22:59:09;100;98
28/12/2011 22:59:22;100;98
28/12/2011 22:59:32;100;98
28/12/2011 22:59:44;100;98
28/12/2011 22:59:54;98;98
28/12/2011 23:00:05;98;98
28/12/2011 23:00:17;100;98
28/12/2011 23:00:27;100;98
28/12/2011 23:00:39;100;98
28/12/2011 23:00:51;100;98
28/12/2011 23:01:03;100;98
28/12/2011 23:01:16;100;98
28/12/2011 23:01:26;100;98
28/12/2011 23:01:37;98;98
28/12/2011 23:01:48;100;98
28/12/2011 23:02:01;98;98
28/12/2011 23:02:12;100;98
28/12/2011 23:02:23;100;98
28/12/2011 23:02:34;98;98
28/12/2011 23:02:44;98;98
28/12/2011 23:02:57;100;98
28/12/2011 23:03:08;100;98
28/12/2011 23:03:18;100;98
28/12/2011 23:03:29;100;98
28/12/2011 23:03:40;98;98
28/12/2011 23:03:54;98;98
28/12/2011 23:04:04;100;98
28/12/2011 23:04:14;100;98
28/12/2011 23:04:25;98;98
28/12/2011 23:04:38;100;98
28/12/2011 23:04:49;100;98
28/12/2011 23:05:00;100;98
28/12/2011 23:05:11;98;98
28/12/2011 23:05:22;98;98
28/12/2011 23:05:32;100;98
28/12/2011 23:05:43;100;98
28/12/2011 23:05:56;100;98
28/12/2011 23:06:07;98;98
28/12/2011 23:06:18;100;98
28/12/2011 23:06:29;100;98
28/12/2011 23:06:41;100;98
28/12/2011 23:06:52;98;98
28/12/2011 23:07:03;98;98
28/12/2011 23:07:14;100;98
28/12/2011 23:07:24;100;98
28/12/2011 23:07:35;100;98
28/12/2011 23:07:46;100;98
28/12/2011 23:07:59;100;98
28/12/2011 23:08:11;100;98
28/12/2011 23:08:25;100;98
28/12/2011 23:08:35;98;98
28/12/2011 23:08:46;100;98
28/12/2011 23:08:58;100;98
28/12/2011 23:09:08;100;98
28/12/2011 23:09:19;100;98
28/12/2011 23:09:31;98;98
28/12/2011 23:09:42;100;98
28/12/2011 23:09:53;98;98
28/12/2011 23:10:05;100;98
28/12/2011 23:10:19;100;98
28/12/2011 23:10:31;98;98
28/12/2011 23:11:01;100;98
28/12/2011 23:11:12;100;98
28/12/2011 23:11:25;100;98
28/12/2011 23:11:36;100;98
28/12/2011 23:11:47;98;98
28/12/2011 23:11:58;98;98
28/12/2011 23:12:09;100;98
28/12/2011 23:12:22;100;98
28/12/2011 23:12:33;98;98
28/12/2011 23:12:44;100;98
28/12/2011 23:12:54;98;98
28/12/2011 23:13:06;100;98
28/12/2011 23:13:21;100;98
28/12/2011 23:13:31;98;98
28/12/2011 23:13:41;98;98
28/12/2011 23:13:52;100;98
28/12/2011 23:14:05;100;98
28/12/2011 23:14:16;100;98
28/12/2011 23:14:49;100;98
28/12/2011 23:15:00;98;98
28/12/2011 23:15:10;98;98
28/12/2011 23:15:21;98;98
28/12/2011 23:15:31;100;98
28/12/2011 23:15:42;98;98
28/12/2011 23:15:55;100;98
28/12/2011 23:16:06;100;98
28/12/2011 23:16:17;100;98
28/12/2011 23:16:28;0;38
