20/01/2012 17:43:02;11;4
20/01/2012 17:43:04;11;6
20/01/2012 17:43:07;11;9
20/01/2012 17:43:09;11;9
20/01/2012 17:43:12;11;9
20/01/2012 17:43:14;11;9
20/01/2012 17:43:17;11;9
20/01/2012 17:43:19;11;9
20/01/2012 17:43:22;9;9
20/01/2012 17:43:24;9;9
20/01/2012 17:43:27;9;9
20/01/2012 17:43:29;9;9
20/01/2012 17:43:31;11;9
20/01/2012 17:43:34;11;9
20/01/2012 17:43:36;11;9
20/01/2012 17:43:38;11;9
20/01/2012 17:43:41;11;9
20/01/2012 17:43:43;9;9
20/01/2012 17:43:46;9;9
20/01/2012 17:43:48;11;9
20/01/2012 17:43:51;11;9
20/01/2012 17:43:53;9;9
20/01/2012 17:43:56;9;9
20/01/2012 17:43:58;11;9
20/01/2012 17:44:01;11;9
20/01/2012 17:44:03;11;9
20/01/2012 17:44:06;9;9
20/01/2012 17:44:09;9;9
20/01/2012 17:44:11;11;9
20/01/2012 17:44:14;11;9
20/01/2012 17:44:16;9;9
20/01/2012 17:44:19;9;9
20/01/2012 17:44:21;11;9
20/01/2012 17:44:25;9;9
20/01/2012 17:44:28;9;9
20/01/2012 17:44:30;9;9
20/01/2012 17:44:32;11;9
20/01/2012 17:44:35;11;9
20/01/2012 17:44:37;9;9
20/01/2012 17:44:40;9;9
20/01/2012 17:44:42;11;9
20/01/2012 17:44:45;11;9
20/01/2012 17:44:47;9;9
20/01/2012 17:44:50;9;9
20/01/2012 17:44:52;11;9
20/01/2012 17:44:55;11;9
20/01/2012 17:44:57;11;9
20/01/2012 17:44:59;9;9
20/01/2012 17:45:02;9;9
20/01/2012 17:45:04;11;9
20/01/2012 17:45:07;11;9
20/01/2012 17:45:09;9;9
20/01/2012 17:45:12;9;9
20/01/2012 17:45:14;11;9
20/01/2012 17:45:17;11;9
20/01/2012 17:45:19;9;9
20/01/2012 17:45:22;11;9
20/01/2012 17:45:24;9;9
20/01/2012 17:45:27;9;9
20/01/2012 17:45:29;9;9
20/01/2012 17:45:32;11;9
20/01/2012 17:45:34;11;9
20/01/2012 17:45:37;9;9
20/01/2012 17:45:39;9;9
20/01/2012 17:45:42;9;9
20/01/2012 17:45:44;9;9
20/01/2012 17:45:46;11;9
20/01/2012 17:45:49;11;9
20/01/2012 17:45:51;9;9
20/01/2012 17:45:54;9;9
20/01/2012 17:45:56;9;9
20/01/2012 17:45:59;11;9
20/01/2012 17:46:01;11;9
20/01/2012 17:46:04;11;9
20/01/2012 17:46:06;11;9
20/01/2012 17:46:09;9;9
20/01/2012 17:46:11;9;9
20/01/2012 17:46:14;11;9
20/01/2012 17:46:16;11;9
20/01/2012 17:46:18;9;9
20/01/2012 17:46:20;11;9
20/01/2012 17:46:23;11;9
20/01/2012 17:46:25;9;9
20/01/2012 17:46:28;9;9
20/01/2012 17:46:30;9;9
20/01/2012 17:46:33;9;9
20/01/2012 17:46:35;11;9
20/01/2012 17:46:38;11;9
20/01/2012 17:46:40;9;9
20/01/2012 17:46:43;9;9
20/01/2012 17:46:45;9;9
20/01/2012 17:46:48;9;9
20/01/2012 17:46:50;9;9
20/01/2012 17:46:52;11;9
20/01/2012 17:46:55;11;9
20/01/2012 17:46:57;9;9
20/01/2012 17:47:00;11;9
20/01/2012 17:47:02;9;9
20/01/2012 17:47:05;9;9
20/01/2012 17:47:07;11;9
20/01/2012 17:47:10;9;9
20/01/2012 17:47:12;11;9
20/01/2012 17:47:15;11;9
20/01/2012 17:47:17;11;9
20/01/2012 17:47:19;9;9
20/01/2012 17:47:22;9;9
20/01/2012 17:47:24;9;9
20/01/2012 17:47:27;9;9
20/01/2012 17:47:29;11;9
20/01/2012 17:47:32;11;9
20/01/2012 17:47:34;9;9
20/01/2012 17:47:37;11;9
20/01/2012 17:47:39;9;9
20/01/2012 17:47:42;9;9
20/01/2012 17:47:44;9;9
20/01/2012 17:47:46;9;9
20/01/2012 17:47:49;9;9
20/01/2012 17:47:51;11;9
20/01/2012 17:47:54;9;9
20/01/2012 17:47:56;11;9
20/01/2012 17:47:59;11;9
20/01/2012 17:48:01;9;9
20/01/2012 17:48:04;11;9
20/01/2012 17:48:06;9;9
20/01/2012 17:48:09;9;9
20/01/2012 17:48:11;9;9
20/01/2012 17:48:13;9;9
20/01/2012 17:48:16;9;9
20/01/2012 17:48:18;11;9
20/01/2012 17:48:21;11;9
20/01/2012 17:48:23;11;9
20/01/2012 17:48:26;11;9
20/01/2012 17:48:28;9;9
20/01/2012 17:48:31;9;9
20/01/2012 17:48:33;9;9
20/01/2012 17:48:36;9;9
20/01/2012 17:48:38;9;9
20/01/2012 17:48:40;9;9
20/01/2012 17:48:43;9;9
20/01/2012 17:48:45;11;9
20/01/2012 17:48:48;11;9
20/01/2012 17:48:50;9;9
20/01/2012 17:48:53;11;9
20/01/2012 17:48:55;9;9
20/01/2012 17:48:58;9;9
20/01/2012 17:49:00;9;9
20/01/2012 17:49:03;9;9
20/01/2012 17:49:05;11;9
20/01/2012 17:49:07;11;9
20/01/2012 17:49:10;9;9
20/01/2012 17:49:12;11;9
20/01/2012 17:49:15;11;9
20/01/2012 17:49:17;11;9
20/01/2012 17:49:20;11;9
20/01/2012 17:49:22;9;9
20/01/2012 17:49:25;9;9
20/01/2012 17:49:27;9;9
20/01/2012 17:49:30;9;9
20/01/2012 17:49:32;9;9
20/01/2012 17:49:35;9;9
20/01/2012 17:49:37;9;9
20/01/2012 17:49:39;11;9
20/01/2012 17:49:42;9;9
20/01/2012 17:49:44;11;9
20/01/2012 17:49:47;11;9
20/01/2012 17:49:49;9;9
20/01/2012 17:49:52;11;9
20/01/2012 17:49:54;9;9
20/01/2012 17:49:57;9;9
20/01/2012 17:49:59;9;9
20/01/2012 17:50:02;9;9
20/01/2012 17:50:04;9;9
20/01/2012 17:50:07;11;9
20/01/2012 17:50:09;9;9
20/01/2012 17:50:12;11;9
20/01/2012 17:50:15;11;9
20/01/2012 17:50:17;9;9
20/01/2012 17:50:19;11;9
20/01/2012 17:50:22;9;9
20/01/2012 17:50:24;9;9
20/01/2012 17:50:27;9;9
20/01/2012 17:50:29;9;9
20/01/2012 17:50:32;9;9
20/01/2012 17:50:34;9;9
20/01/2012 17:50:36;9;9
20/01/2012 17:50:39;11;9
20/01/2012 17:50:41;9;9
20/01/2012 17:50:46;11;9
20/01/2012 17:50:48;11;9
20/01/2012 17:50:51;11;9
20/01/2012 17:50:53;9;9
20/01/2012 17:50:56;11;9
20/01/2012 17:50:58;11;9
20/01/2012 17:51:00;9;9
20/01/2012 17:51:03;9;9
20/01/2012 17:51:05;9;9
20/01/2012 17:51:08;9;9
20/01/2012 17:51:10;9;9
20/01/2012 17:51:13;9;9
20/01/2012 17:51:15;11;9
20/01/2012 17:51:18;9;9
20/01/2012 17:51:20;11;9
20/01/2012 17:51:23;11;9
20/01/2012 17:51:25;9;9
20/01/2012 17:51:27;11;9
20/01/2012 17:51:30;11;9
20/01/2012 17:51:32;11;9
20/01/2012 17:51:35;11;9
20/01/2012 17:51:37;9;9
20/01/2012 17:51:40;11;9
20/01/2012 17:51:42;9;9
20/01/2012 17:51:45;9;9
20/01/2012 17:51:47;9;9
20/01/2012 17:51:50;9;9
20/01/2012 17:51:52;9;9
20/01/2012 17:51:54;9;9
20/01/2012 17:51:57;9;9
20/01/2012 17:51:59;11;9
20/01/2012 17:52:02;9;9
20/01/2012 17:52:04;11;9
20/01/2012 17:52:07;11;9
20/01/2012 17:52:09;11;9
20/01/2012 17:52:12;11;9
20/01/2012 17:52:14;9;9
20/01/2012 17:52:17;9;9
20/01/2012 17:52:19;11;9
20/01/2012 17:52:21;9;9
20/01/2012 17:52:24;9;9
20/01/2012 17:52:27;9;9
20/01/2012 17:52:29;9;9
20/01/2012 17:52:32;11;9
20/01/2012 17:52:34;9;9
20/01/2012 17:52:37;11;9
20/01/2012 17:52:39;11;9
20/01/2012 17:52:42;11;9
20/01/2012 17:52:44;11;9
20/01/2012 17:52:47;11;9
20/01/2012 17:52:49;9;9
20/01/2012 17:52:52;9;9
20/01/2012 17:52:54;9;9
20/01/2012 17:52:57;9;9
20/01/2012 17:53:00;9;9
20/01/2012 17:53:03;9;9
20/01/2012 17:53:07;9;9
20/01/2012 17:53:10;11;9
20/01/2012 17:53:13;9;9
20/01/2012 17:53:17;11;9
20/01/2012 17:53:20;11;9
20/01/2012 17:53:23;11;9
20/01/2012 17:53:25;11;9
20/01/2012 17:53:29;11;9
20/01/2012 17:53:35;9;9
20/01/2012 17:53:37;9;9
20/01/2012 17:53:38;9;9
20/01/2012 17:53:40;9;9
20/01/2012 17:53:42;9;9
20/01/2012 17:53:46;11;9
20/01/2012 17:53:48;9;9
20/01/2012 17:53:51;11;9
20/01/2012 17:53:53;9;9
20/01/2012 17:53:56;11;9
20/01/2012 17:53:58;11;9
20/01/2012 17:54:01;11;9
20/01/2012 17:54:03;11;9
20/01/2012 17:54:06;11;9
20/01/2012 17:54:08;11;9
20/01/2012 17:54:11;11;9
20/01/2012 17:54:13;9;9
20/01/2012 17:54:15;11;9
20/01/2012 17:54:18;9;9
20/01/2012 17:54:21;9;9
20/01/2012 17:54:23;9;9
20/01/2012 17:54:26;9;9
20/01/2012 17:54:28;9;9
20/01/2012 17:54:31;9;9
20/01/2012 17:54:33;11;9
20/01/2012 17:54:36;9;9
20/01/2012 17:54:38;11;9
20/01/2012 17:54:41;11;9
20/01/2012 17:54:43;11;9
20/01/2012 17:54:46;11;9
20/01/2012 17:54:48;9;9
20/01/2012 17:54:51;11;9
20/01/2012 17:54:53;9;9
20/01/2012 17:54:56;9;9
20/01/2012 17:54:58;9;9
20/01/2012 17:55:00;9;9
20/01/2012 17:55:03;9;9
20/01/2012 17:55:06;9;9
20/01/2012 17:55:09;9;9
20/01/2012 17:55:11;9;9
20/01/2012 17:55:14;11;9
20/01/2012 17:55:16;9;9
20/01/2012 17:55:19;9;9
20/01/2012 17:55:21;11;9
20/01/2012 17:55:23;9;9
20/01/2012 17:55:26;11;9
20/01/2012 17:55:29;11;9
20/01/2012 17:55:31;9;9
20/01/2012 17:55:34;11;9
20/01/2012 17:55:36;9;9
20/01/2012 17:55:39;9;9
20/01/2012 17:55:41;9;9
20/01/2012 17:55:44;9;9
20/01/2012 17:55:46;9;9
20/01/2012 17:55:49;9;9
20/01/2012 17:55:53;9;9
20/01/2012 17:55:56;9;9
20/01/2012 17:55:58;9;9
20/01/2012 17:56:01;9;9
20/01/2012 17:56:03;11;9
20/01/2012 17:56:06;9;9
20/01/2012 17:56:08;11;9
20/01/2012 17:56:11;9;9
20/01/2012 17:56:13;11;9
20/01/2012 17:56:16;11;9
20/01/2012 17:56:18;11;9
20/01/2012 17:56:21;9;9
20/01/2012 17:56:23;9;9
20/01/2012 17:56:26;9;9
20/01/2012 17:56:28;9;9
20/01/2012 17:56:30;9;9
20/01/2012 17:56:33;9;9
20/01/2012 17:56:35;11;9
20/01/2012 17:56:38;9;9
20/01/2012 17:56:41;11;9
20/01/2012 17:56:43;11;9
20/01/2012 17:56:46;11;9
20/01/2012 17:56:49;11;9
20/01/2012 17:56:51;11;9
20/01/2012 17:56:54;11;9
20/01/2012 17:56:56;9;9
20/01/2012 17:56:58;9;9
20/01/2012 17:57:01;9;9
20/01/2012 17:57:03;9;9
20/01/2012 17:57:06;9;9
20/01/2012 17:57:08;9;9
20/01/2012 17:57:11;9;9
20/01/2012 17:57:13;11;9
20/01/2012 17:57:16;9;9
20/01/2012 17:57:18;11;9
20/01/2012 17:57:21;9;9
20/01/2012 17:57:23;9;9
20/01/2012 17:57:26;11;9
20/01/2012 17:57:28;9;9
20/01/2012 17:57:30;11;9
20/01/2012 17:57:33;11;9
20/01/2012 17:57:35;11;9
20/01/2012 17:57:38;11;9
20/01/2012 17:57:40;9;9
20/01/2012 17:57:43;11;9
20/01/2012 17:57:45;9;9
20/01/2012 17:57:48;11;9
20/01/2012 17:57:50;9;9
20/01/2012 17:57:53;9;9
20/01/2012 17:57:55;11;9
20/01/2012 17:57:57;9;9
20/01/2012 17:58:00;9;9
20/01/2012 17:58:02;9;9
20/01/2012 17:58:05;9;9
20/01/2012 17:58:07;9;9
20/01/2012 17:58:10;9;9
20/01/2012 17:58:12;9;9
20/01/2012 17:58:15;11;9
20/01/2012 17:58:17;9;9
20/01/2012 17:58:20;9;9
20/01/2012 17:58:22;11;9
20/01/2012 17:58:25;9;9
20/01/2012 17:58:27;11;9
20/01/2012 17:58:29;11;9
20/01/2012 17:58:32;11;9
20/01/2012 17:58:34;11;9
20/01/2012 17:58:37;11;9
20/01/2012 17:58:39;11;9
20/01/2012 17:58:42;11;9
20/01/2012 17:58:44;11;9
20/01/2012 17:58:47;11;9
20/01/2012 17:58:49;11;9
20/01/2012 17:58:52;11;9
20/01/2012 17:58:55;11;9
20/01/2012 17:58:57;11;9
20/01/2012 17:59:00;9;9
20/01/2012 17:59:02;11;9
20/01/2012 17:59:05;9;9
20/01/2012 17:59:07;11;9
20/01/2012 17:59:10;9;9
20/01/2012 17:59:12;11;9
20/01/2012 17:59:15;11;9
20/01/2012 17:59:17;11;9
20/01/2012 17:59:19;11;9
20/01/2012 17:59:22;9;9
20/01/2012 17:59:24;9;9
20/01/2012 17:59:27;9;9
20/01/2012 17:59:29;9;9
20/01/2012 17:59:32;9;9
20/01/2012 17:59:35;11;9
20/01/2012 17:59:37;9;9
20/01/2012 17:59:39;11;9
20/01/2012 17:59:42;9;9
20/01/2012 17:59:44;11;9
20/01/2012 17:59:47;9;9
20/01/2012 17:59:49;9;9
20/01/2012 17:59:52;9;9
20/01/2012 17:59:54;9;9
20/01/2012 17:59:57;9;9
20/01/2012 17:59:59;9;9
20/01/2012 18:00:02;9;9
20/01/2012 18:00:04;9;9
20/01/2012 18:00:06;9;9
20/01/2012 18:00:09;9;9
20/01/2012 18:00:11;9;9
20/01/2012 18:00:14;9;9
20/01/2012 18:00:16;9;9
20/01/2012 18:00:19;9;9
20/01/2012 18:00:21;9;9
20/01/2012 18:00:24;9;9
20/01/2012 18:00:26;9;9
20/01/2012 18:00:29;9;9
20/01/2012 18:00:31;9;9
20/01/2012 18:00:33;9;9
20/01/2012 18:00:36;9;9
20/01/2012 18:00:38;9;9
20/01/2012 18:00:41;9;9
20/01/2012 18:00:43;9;9
20/01/2012 18:00:46;9;9
20/01/2012 18:00:48;9;9
20/01/2012 18:00:51;9;9
20/01/2012 18:00:53;11;9
20/01/2012 18:00:56;9;9
20/01/2012 18:00:58;9;9
20/01/2012 18:01:01;9;9
20/01/2012 18:01:03;9;9
20/01/2012 18:01:06;9;9
20/01/2012 18:01:08;9;9
20/01/2012 18:01:10;9;9
20/01/2012 18:01:13;9;9
20/01/2012 18:01:15;9;9
20/01/2012 18:01:18;9;9
20/01/2012 18:01:20;9;9
20/01/2012 18:01:23;9;9
20/01/2012 18:01:25;11;9
20/01/2012 18:01:28;9;9
20/01/2012 18:01:30;11;9
20/01/2012 18:01:33;9;9
20/01/2012 18:01:35;9;9
20/01/2012 18:01:37;9;9
20/01/2012 18:01:40;9;9
20/01/2012 18:01:42;9;9
20/01/2012 18:01:45;9;9
20/01/2012 18:01:47;9;9
20/01/2012 18:01:50;9;9
20/01/2012 18:01:52;9;9
20/01/2012 18:01:55;9;9
20/01/2012 18:01:57;11;9
20/01/2012 18:02:00;9;9
20/01/2012 18:02:02;9;9
20/01/2012 18:02:04;9;9
20/01/2012 18:02:07;9;9
20/01/2012 18:02:09;9;9
20/01/2012 18:02:12;9;9
20/01/2012 18:02:14;11;9
20/01/2012 18:02:17;9;9
20/01/2012 18:02:20;11;9
20/01/2012 18:02:22;9;9
20/01/2012 18:02:25;11;9
20/01/2012 18:02:27;9;9
20/01/2012 18:02:29;9;9
20/01/2012 18:02:32;11;9
20/01/2012 18:02:35;9;9
20/01/2012 18:02:37;11;9
20/01/2012 18:02:39;9;9
20/01/2012 18:02:42;11;9
20/01/2012 18:02:44;9;9
20/01/2012 18:02:47;11;9
20/01/2012 18:02:49;9;9
20/01/2012 18:02:52;9;9
20/01/2012 18:02:54;9;9
20/01/2012 18:02:58;9;9
20/01/2012 18:03:01;9;9
20/01/2012 18:03:03;9;9
20/01/2012 18:03:06;9;9
20/01/2012 18:03:08;9;9
20/01/2012 18:03:11;9;9
20/01/2012 18:03:13;9;9
20/01/2012 18:03:16;9;9
20/01/2012 18:03:18;9;9
20/01/2012 18:03:21;9;9
20/01/2012 18:03:23;11;9
20/01/2012 18:03:25;9;9
20/01/2012 18:03:28;9;9
20/01/2012 18:03:30;9;9
20/01/2012 18:03:33;9;9
20/01/2012 18:03:35;9;9
20/01/2012 18:03:38;9;9
20/01/2012 18:03:40;9;9
20/01/2012 18:03:43;9;9
20/01/2012 18:03:45;9;9
20/01/2012 18:03:48;9;9
20/01/2012 18:03:50;11;9
20/01/2012 18:03:53;9;9
20/01/2012 18:03:55;11;9
20/01/2012 18:03:57;9;9
20/01/2012 18:04:00;11;9
20/01/2012 18:04:02;9;9
20/01/2012 18:04:05;11;9
20/01/2012 18:04:07;9;9
20/01/2012 18:04:10;11;9
20/01/2012 18:04:12;9;9
20/01/2012 18:04:15;9;9
20/01/2012 18:04:17;9;9
20/01/2012 18:04:20;9;9
20/01/2012 18:04:22;11;9
20/01/2012 18:04:24;9;9
20/01/2012 18:04:27;11;9
20/01/2012 18:04:29;9;9
20/01/2012 18:04:32;11;9
20/01/2012 18:04:34;9;9
20/01/2012 18:04:37;11;9
20/01/2012 18:04:39;9;9
20/01/2012 18:04:42;11;9
20/01/2012 18:04:44;9;9
20/01/2012 18:04:47;11;9
20/01/2012 18:04:49;11;9
20/01/2012 18:04:51;9;9
20/01/2012 18:04:54;11;9
20/01/2012 18:04:56;9;9
20/01/2012 18:04:59;11;9
20/01/2012 18:05:01;9;9
20/01/2012 18:05:04;11;9
20/01/2012 18:05:06;9;9
20/01/2012 18:05:09;11;9
20/01/2012 18:05:11;9;9
20/01/2012 18:05:14;11;9
20/01/2012 18:05:16;11;9
20/01/2012 18:05:18;9;9
20/01/2012 18:05:21;11;9
20/01/2012 18:05:23;11;9
20/01/2012 18:05:26;11;9
20/01/2012 18:05:28;11;9
20/01/2012 18:05:31;11;9
20/01/2012 18:05:33;11;9
20/01/2012 18:05:36;11;9
20/01/2012 18:05:38;11;9
20/01/2012 18:05:41;11;9
20/01/2012 18:05:43;9;9
20/01/2012 18:05:46;11;9
20/01/2012 18:05:48;11;9
20/01/2012 18:05:50;11;9
20/01/2012 18:05:53;9;9
20/01/2012 18:05:55;11;9
20/01/2012 18:05:58;9;9
20/01/2012 18:06:00;11;9
20/01/2012 18:06:03;9;9
20/01/2012 18:06:05;11;9
20/01/2012 18:06:08;9;9
20/01/2012 18:06:10;9;9
20/01/2012 18:06:13;9;9
20/01/2012 18:06:15;9;9
20/01/2012 18:06:17;9;9
20/01/2012 18:06:20;9;9
20/01/2012 18:06:23;11;9
20/01/2012 18:06:25;9;9
20/01/2012 18:06:28;11;9
20/01/2012 18:06:30;9;9
20/01/2012 18:06:33;11;9
20/01/2012 18:06:35;9;9
20/01/2012 18:06:37;11;9
20/01/2012 18:06:40;9;9
20/01/2012 18:06:42;9;9
20/01/2012 18:06:45;9;9
20/01/2012 18:06:47;11;9
20/01/2012 18:06:50;9;9
20/01/2012 18:06:52;11;9
20/01/2012 18:06:55;9;9
20/01/2012 18:06:57;11;9
20/01/2012 18:07:00;9;9
20/01/2012 18:07:02;9;9
20/01/2012 18:07:04;9;9
20/01/2012 18:07:07;9;9
20/01/2012 18:07:09;9;9
20/01/2012 18:07:12;9;9
20/01/2012 18:07:14;9;9
20/01/2012 18:07:17;9;9
20/01/2012 18:07:19;9;9
20/01/2012 18:07:22;9;9
20/01/2012 18:07:24;9;9
20/01/2012 18:07:27;9;9
20/01/2012 18:07:29;9;9
20/01/2012 18:07:31;9;9
20/01/2012 18:07:34;9;9
20/01/2012 18:07:36;9;9
20/01/2012 18:07:39;9;9
20/01/2012 18:07:41;9;9
20/01/2012 18:07:44;9;9
20/01/2012 18:07:46;9;9
20/01/2012 18:07:49;9;9
20/01/2012 18:07:51;9;9
20/01/2012 18:07:54;9;9
20/01/2012 18:07:56;11;9
20/01/2012 18:07:58;9;9
20/01/2012 18:08:01;11;9
20/01/2012 18:08:03;9;9
20/01/2012 18:08:06;11;9
20/01/2012 18:08:08;9;9
20/01/2012 18:08:11;9;9
20/01/2012 18:08:13;9;9
20/01/2012 18:08:16;9;9
20/01/2012 18:08:18;9;9
20/01/2012 18:08:21;9;9
20/01/2012 18:08:23;11;9
20/01/2012 18:08:26;9;9
20/01/2012 18:08:28;11;9
20/01/2012 18:08:31;9;9
20/01/2012 18:08:33;11;9
20/01/2012 18:08:36;9;9
20/01/2012 18:08:38;11;9
20/01/2012 18:08:41;9;9
20/01/2012 18:08:43;11;9
20/01/2012 18:08:45;11;9
20/01/2012 18:08:48;11;9
20/01/2012 18:08:50;11;9
20/01/2012 18:08:52;11;9
20/01/2012 18:08:55;11;9
20/01/2012 18:08:57;11;9
20/01/2012 18:09:00;11;9
20/01/2012 18:09:02;11;9
20/01/2012 18:09:05;11;9
20/01/2012 18:09:07;11;9
20/01/2012 18:09:10;9;9
20/01/2012 18:09:12;11;9
20/01/2012 18:09:15;11;9
20/01/2012 18:09:17;9;9
20/01/2012 18:09:20;11;9
20/01/2012 18:09:22;9;9
20/01/2012 18:09:24;11;9
20/01/2012 18:09:27;9;9
20/01/2012 18:09:29;9;9
20/01/2012 18:09:32;9;9
20/01/2012 18:09:34;11;9
20/01/2012 18:09:37;9;9
20/01/2012 18:09:39;9;9
20/01/2012 18:09:42;9;9
20/01/2012 18:09:44;9;9
20/01/2012 18:09:47;9;9
20/01/2012 18:09:49;9;9
20/01/2012 18:09:51;9;9
20/01/2012 18:09:54;9;9
20/01/2012 18:09:59;9;9
20/01/2012 18:10:01;9;9
20/01/2012 18:10:03;9;9
20/01/2012 18:10:06;9;9
20/01/2012 18:10:09;9;9
20/01/2012 18:10:11;9;9
20/01/2012 18:10:14;9;9
20/01/2012 18:10:16;11;9
20/01/2012 18:10:18;9;9
20/01/2012 18:10:20;11;9
20/01/2012 18:10:23;9;9
20/01/2012 18:10:25;11;9
20/01/2012 18:10:28;9;9
20/01/2012 18:10:31;11;9
20/01/2012 18:10:34;9;9
20/01/2012 18:10:36;11;9
20/01/2012 18:10:39;9;9
20/01/2012 18:10:42;11;9
20/01/2012 18:10:45;11;9
20/01/2012 18:10:48;11;9
20/01/2012 18:10:51;11;9
20/01/2012 18:10:54;11;9
20/01/2012 18:10:56;11;9
20/01/2012 18:11:01;11;9
20/01/2012 18:11:03;11;9
20/01/2012 18:11:06;9;9
20/01/2012 18:11:08;9;9
20/01/2012 18:11:11;9;9
20/01/2012 18:11:13;9;9
20/01/2012 18:11:18;9;9
20/01/2012 18:11:21;9;9
20/01/2012 18:11:23;9;9
20/01/2012 18:11:28;9;9
20/01/2012 18:11:31;9;9
20/01/2012 18:11:34;11;9
20/01/2012 18:11:39;11;9
20/01/2012 18:11:41;11;9
20/01/2012 18:11:45;11;9
20/01/2012 18:11:47;11;9
20/01/2012 18:11:49;11;9
20/01/2012 18:11:51;11;9
20/01/2012 18:11:54;9;9
20/01/2012 18:11:56;9;9
20/01/2012 18:11:59;9;9
20/01/2012 18:12:01;9;9
20/01/2012 18:12:03;9;9
20/01/2012 18:12:06;9;9
20/01/2012 18:12:08;9;9
20/01/2012 18:12:11;9;9
20/01/2012 18:12:13;9;9
20/01/2012 18:12:16;9;9
20/01/2012 18:12:18;9;9
20/01/2012 18:12:21;9;9
20/01/2012 18:12:23;9;9
20/01/2012 18:12:26;9;9
20/01/2012 18:12:28;9;9
20/01/2012 18:12:31;11;9
20/01/2012 18:12:33;9;9
20/01/2012 18:12:35;11;9
20/01/2012 18:12:38;9;9
20/01/2012 18:12:40;11;9
20/01/2012 18:12:43;11;9
20/01/2012 18:12:45;11;9
20/01/2012 18:12:48;11;9
20/01/2012 18:12:50;9;9
20/01/2012 18:12:53;9;9
20/01/2012 18:12:55;11;9
20/01/2012 18:12:58;9;9
20/01/2012 18:13:00;9;9
20/01/2012 18:13:02;9;9
20/01/2012 18:13:05;9;9
20/01/2012 18:13:07;9;9
20/01/2012 18:13:10;9;9
20/01/2012 18:13:12;9;9
20/01/2012 18:13:15;9;9
20/01/2012 18:13:17;9;9
20/01/2012 18:13:20;11;9
20/01/2012 18:13:22;9;9
20/01/2012 18:13:25;11;9
20/01/2012 18:13:27;9;9
20/01/2012 18:13:29;11;9
20/01/2012 18:13:32;9;9
20/01/2012 18:13:35;11;9
20/01/2012 18:13:37;11;9
20/01/2012 18:13:40;11;9
20/01/2012 18:13:42;11;9
20/01/2012 18:13:45;9;9
20/01/2012 18:13:47;9;9
20/01/2012 18:13:50;9;9
20/01/2012 18:13:52;9;9
20/01/2012 18:13:54;9;9
20/01/2012 18:13:57;9;9
20/01/2012 18:14:00;9;9
20/01/2012 18:14:02;9;9
20/01/2012 18:14:05;9;9
20/01/2012 18:14:07;9;9
20/01/2012 18:14:10;9;9
20/01/2012 18:14:12;9;9
20/01/2012 18:14:15;11;9
20/01/2012 18:14:18;9;9
20/01/2012 18:14:22;11;9
20/01/2012 18:14:25;11;9
20/01/2012 18:14:27;11;9
20/01/2012 18:14:30;11;9
20/01/2012 18:14:32;11;9
20/01/2012 18:14:34;9;9
20/01/2012 18:14:37;11;9
20/01/2012 18:14:39;9;9
20/01/2012 18:14:41;9;9
20/01/2012 18:14:44;9;9
20/01/2012 18:14:46;9;9
20/01/2012 18:14:48;9;9
20/01/2012 18:14:51;9;9
20/01/2012 18:14:53;9;9
20/01/2012 18:14:56;9;9
20/01/2012 18:14:58;9;9
20/01/2012 18:15:01;9;9
20/01/2012 18:15:03;9;9
20/01/2012 18:15:06;9;9
20/01/2012 18:15:08;9;9
20/01/2012 18:15:11;9;9
20/01/2012 18:15:13;11;9
20/01/2012 18:15:16;9;9
20/01/2012 18:15:18;11;9
20/01/2012 18:15:21;11;9
20/01/2012 18:15:23;11;9
20/01/2012 18:15:26;11;9
20/01/2012 18:15:30;11;9
20/01/2012 18:15:33;11;9
20/01/2012 18:15:35;9;9
20/01/2012 18:15:38;11;9
20/01/2012 18:15:40;9;9
20/01/2012 18:15:42;9;9
20/01/2012 18:15:45;9;9
20/01/2012 18:15:47;9;9
20/01/2012 18:15:50;0;6
20/01/2012 18:15:52;0;4
20/01/2012 18:15:55;0;2
21/01/2012 09:38:47;11;2
21/01/2012 09:38:49;11;6
21/01/2012 09:38:51;11;9
21/01/2012 09:38:54;15;11
21/01/2012 10:30:14;11;2
21/01/2012 10:30:17;9;4
21/01/2012 10:30:19;9;9
21/01/2012 10:30:22;15;11
21/01/2012 10:30:24;19;13
21/01/2012 10:30:27;17;15
21/01/2012 10:30:29;15;15
21/01/2012 10:30:31;19;17
21/01/2012 10:30:34;17;15
21/01/2012 10:30:36;13;15
21/01/2012 10:30:39;15;15
21/01/2012 10:30:41;13;13
21/01/2012 10:30:44;15;13
21/01/2012 10:30:46;15;13
21/01/2012 10:30:49;15;13
21/01/2012 10:30:51;17;15
21/01/2012 10:30:54;17;15
21/01/2012 10:30:56;19;17
21/01/2012 10:30:59;17;15
21/01/2012 10:31:02;17;15
21/01/2012 10:31:05;17;15
21/01/2012 10:31:08;17;15
21/01/2012 10:31:10;17;15
21/01/2012 10:31:13;15;15
21/01/2012 10:31:16;15;15
21/01/2012 10:31:18;13;13
21/01/2012 10:31:21;15;13
21/01/2012 10:31:23;15;13
21/01/2012 10:31:25;15;13
21/01/2012 10:31:28;15;13
21/01/2012 10:31:30;15;13
21/01/2012 10:31:33;15;13
21/01/2012 10:31:35;15;13
21/01/2012 10:31:38;15;13
21/01/2012 10:31:40;15;13
21/01/2012 10:31:43;15;13
21/01/2012 10:31:45;15;13
21/01/2012 10:31:48;13;13
21/01/2012 10:31:50;15;13
21/01/2012 10:31:53;13;13
21/01/2012 10:31:55;13;13
21/01/2012 10:31:58;13;13
21/01/2012 10:32:00;13;13
21/01/2012 10:32:03;13;13
21/01/2012 10:32:05;13;13
21/01/2012 10:32:07;13;13
21/01/2012 10:32:10;13;13
21/01/2012 10:32:13;13;13
21/01/2012 10:32:16;13;13
21/01/2012 10:32:18;13;13
21/01/2012 10:32:21;13;13
21/01/2012 10:32:24;13;13
21/01/2012 10:32:27;13;13
21/01/2012 10:32:30;13;13
21/01/2012 10:32:32;13;13
21/01/2012 10:32:36;13;13
21/01/2012 10:32:38;15;13
21/01/2012 10:32:41;15;13
21/01/2012 10:32:44;15;13
21/01/2012 10:32:47;15;13
21/01/2012 10:32:52;15;13
21/01/2012 10:32:55;13;13
21/01/2012 10:32:57;15;13
21/01/2012 10:33:00;15;13
21/01/2012 10:33:02;13;13
21/01/2012 10:33:05;15;13
21/01/2012 10:33:07;15;13
21/01/2012 10:33:10;13;13
21/01/2012 10:33:13;13;13
21/01/2012 10:33:15;15;13
21/01/2012 10:33:18;13;13
21/01/2012 10:33:20;15;13
21/01/2012 10:33:23;15;13
21/01/2012 10:33:26;15;13
21/01/2012 10:33:28;15;13
21/01/2012 10:33:31;15;13
21/01/2012 10:33:33;13;13
21/01/2012 10:33:37;13;13
21/01/2012 10:33:39;13;13
21/01/2012 10:33:42;15;13
21/01/2012 10:33:44;15;13
21/01/2012 10:33:47;15;13
21/01/2012 10:33:49;15;13
21/01/2012 10:33:52;15;13
21/01/2012 10:33:54;15;13
21/01/2012 10:33:57;13;13
21/01/2012 10:33:59;13;13
21/01/2012 10:34:02;15;13
21/01/2012 10:34:04;15;13
21/01/2012 10:34:06;15;13
21/01/2012 10:34:09;15;13
21/01/2012 10:34:11;15;13
21/01/2012 10:34:14;15;13
21/01/2012 10:34:16;13;13
21/01/2012 10:34:19;13;13
21/01/2012 10:34:21;13;13
21/01/2012 10:34:24;13;13
21/01/2012 10:34:26;15;13
21/01/2012 10:34:29;15;13
21/01/2012 10:34:31;15;13
21/01/2012 10:34:34;15;13
21/01/2012 10:34:36;15;13
21/01/2012 10:34:38;15;13
21/01/2012 10:34:41;15;13
21/01/2012 10:34:45;13;13
21/01/2012 10:34:49;13;13
21/01/2012 10:34:52;13;13
21/01/2012 10:34:56;13;13
21/01/2012 10:34:58;15;13
21/01/2012 10:35:01;15;13
21/01/2012 10:35:05;15;13
21/01/2012 10:35:07;15;13
21/01/2012 10:35:10;15;13
21/01/2012 10:35:12;13;13
21/01/2012 10:35:15;15;13
21/01/2012 10:35:17;13;13
21/01/2012 10:35:20;13;13
21/01/2012 10:35:22;15;13
21/01/2012 10:35:25;13;13
21/01/2012 10:35:27;15;13
21/01/2012 10:35:30;15;13
21/01/2012 10:35:32;15;13
21/01/2012 10:35:35;13;13
21/01/2012 10:35:40;13;13
21/01/2012 10:35:43;13;13
21/01/2012 10:35:45;15;13
21/01/2012 10:35:48;15;13
21/01/2012 10:35:50;15;13
21/01/2012 10:35:53;15;13
21/01/2012 10:35:55;15;13
21/01/2012 10:35:58;13;13
21/01/2012 10:36:02;13;13
21/01/2012 10:36:05;15;13
21/01/2012 10:36:07;13;13
21/01/2012 10:36:10;15;13
21/01/2012 10:36:12;13;13
21/01/2012 10:36:15;13;13
21/01/2012 10:36:17;15;13
21/01/2012 10:36:20;13;13
21/01/2012 10:36:22;13;13
21/01/2012 10:36:24;15;13
21/01/2012 10:36:27;13;13
21/01/2012 10:36:30;15;13
21/01/2012 10:36:32;15;13
21/01/2012 10:36:35;15;13
21/01/2012 10:36:38;15;13
21/01/2012 10:36:40;13;13
21/01/2012 10:36:43;13;13
21/01/2012 10:36:45;15;13
21/01/2012 10:36:49;13;13
21/01/2012 10:36:51;13;13
21/01/2012 10:36:54;13;13
21/01/2012 10:36:57;15;13
21/01/2012 10:37:00;13;13
21/01/2012 10:37:03;15;13
21/01/2012 10:37:05;15;13
21/01/2012 10:37:08;13;13
21/01/2012 10:37:11;15;13
21/01/2012 10:37:14;15;13
21/01/2012 10:37:16;13;13
21/01/2012 10:37:19;15;13
21/01/2012 10:37:21;13;13
21/01/2012 10:37:24;13;13
21/01/2012 10:37:26;15;13
21/01/2012 10:37:29;15;13
21/01/2012 10:37:32;15;13
21/01/2012 10:37:35;13;13
21/01/2012 10:37:37;15;13
21/01/2012 10:37:40;15;13
21/01/2012 10:37:43;13;13
21/01/2012 10:37:45;13;13
21/01/2012 10:37:48;13;13
21/01/2012 10:37:50;13;13
21/01/2012 10:37:53;15;13
21/01/2012 10:37:55;13;13
21/01/2012 10:37:58;15;13
21/01/2012 10:38:01;15;13
21/01/2012 10:38:03;13;13
21/01/2012 10:38:06;13;13
21/01/2012 10:38:08;13;13
21/01/2012 10:38:11;15;13
21/01/2012 10:38:13;15;13
21/01/2012 10:38:16;13;13
21/01/2012 10:38:19;13;13
21/01/2012 10:38:22;13;13
21/01/2012 10:38:24;13;13
21/01/2012 10:38:27;15;13
21/01/2012 10:38:29;15;13
21/01/2012 10:38:32;13;13
21/01/2012 10:38:34;13;13
21/01/2012 10:38:37;15;13
21/01/2012 10:38:39;15;13
21/01/2012 10:38:42;13;13
21/01/2012 10:38:44;13;13
21/01/2012 10:38:46;15;13
21/01/2012 10:38:49;15;13
21/01/2012 10:38:51;13;13
21/01/2012 10:38:54;13;13
21/01/2012 10:38:56;15;13
21/01/2012 10:38:59;15;13
21/01/2012 10:39:01;15;13
21/01/2012 10:39:04;15;13
21/01/2012 10:39:06;13;13
21/01/2012 10:39:09;13;13
21/01/2012 10:39:11;15;13
21/01/2012 10:39:14;15;13
21/01/2012 10:39:16;15;13
21/01/2012 10:39:19;13;13
21/01/2012 10:39:21;13;13
21/01/2012 10:39:24;15;13
21/01/2012 10:39:27;15;13
21/01/2012 10:39:30;13;13
21/01/2012 10:39:33;13;13
21/01/2012 10:39:35;15;13
21/01/2012 10:39:38;15;13
21/01/2012 10:39:40;15;13
21/01/2012 10:39:42;15;13
21/01/2012 10:39:45;13;13
21/01/2012 10:39:48;15;13
21/01/2012 10:39:50;15;13
21/01/2012 10:39:53;13;13
21/01/2012 10:39:55;15;13
21/01/2012 10:39:59;13;13
21/01/2012 10:40:01;13;13
21/01/2012 10:40:04;15;13
21/01/2012 10:40:06;13;13
21/01/2012 10:40:09;15;13
21/01/2012 10:40:11;15;13
21/01/2012 10:40:14;15;13
21/01/2012 10:40:17;13;13
21/01/2012 10:40:20;13;13
21/01/2012 10:40:23;13;13
21/01/2012 10:40:26;13;13
21/01/2012 10:40:29;15;13
21/01/2012 10:40:32;15;13
21/01/2012 10:40:36;13;13
21/01/2012 10:40:39;15;13
21/01/2012 10:40:41;13;13
21/01/2012 10:40:43;15;13
21/01/2012 10:40:45;15;13
21/01/2012 10:40:49;13;13
21/01/2012 10:40:51;15;13
21/01/2012 10:40:53;15;13
21/01/2012 10:40:55;15;13
21/01/2012 10:40:58;13;13
21/01/2012 10:40:59;13;13
21/01/2012 10:41:02;15;13
21/01/2012 10:41:05;15;13
21/01/2012 10:41:07;13;13
21/01/2012 10:41:10;15;13
21/01/2012 10:41:12;13;13
21/01/2012 10:41:15;13;13
21/01/2012 10:41:17;15;13
21/01/2012 10:41:20;15;13
21/01/2012 10:41:22;15;13
21/01/2012 10:41:25;15;13
21/01/2012 10:41:27;15;13
21/01/2012 10:41:30;13;13
21/01/2012 10:41:33;13;13
21/01/2012 10:41:35;15;13
21/01/2012 10:41:38;15;13
21/01/2012 10:41:40;13;13
21/01/2012 10:41:42;13;13
21/01/2012 10:41:45;13;13
21/01/2012 10:41:47;13;13
21/01/2012 10:41:50;15;13
21/01/2012 10:41:52;15;13
21/01/2012 10:41:54;15;13
21/01/2012 10:41:57;13;13
21/01/2012 10:41:59;13;13
21/01/2012 10:42:02;15;13
21/01/2012 10:42:04;15;13
21/01/2012 10:42:07;13;13
21/01/2012 10:42:09;13;13
21/01/2012 10:42:11;13;13
21/01/2012 10:42:14;13;13
21/01/2012 10:42:16;15;13
21/01/2012 10:42:19;15;13
21/01/2012 10:42:21;15;13
21/01/2012 10:42:23;13;13
21/01/2012 10:42:26;13;13
21/01/2012 10:42:28;15;13
21/01/2012 10:42:31;13;13
21/01/2012 10:42:33;15;13
21/01/2012 10:42:36;15;13
21/01/2012 10:42:38;13;13
21/01/2012 10:42:41;13;13
21/01/2012 10:42:43;15;13
21/01/2012 10:42:46;13;13
21/01/2012 10:42:48;15;13
21/01/2012 10:42:50;15;13
21/01/2012 10:42:53;15;13
21/01/2012 10:42:55;13;13
21/01/2012 10:42:58;13;13
21/01/2012 10:43:00;15;13
21/01/2012 10:43:03;13;13
21/01/2012 10:43:05;15;13
21/01/2012 10:43:08;15;13
21/01/2012 10:43:10;13;13
21/01/2012 10:43:13;13;13
21/01/2012 10:43:15;15;13
21/01/2012 10:43:18;15;13
21/01/2012 10:43:20;15;13
21/01/2012 10:43:22;15;13
21/01/2012 10:43:25;13;13
21/01/2012 10:43:27;15;13
21/01/2012 10:43:30;15;13
21/01/2012 10:43:32;15;13
21/01/2012 10:43:35;15;13
21/01/2012 10:43:38;13;13
21/01/2012 10:43:41;11;2
21/01/2012 10:43:44;9;4
21/01/2012 10:43:49;9;6
21/01/2012 10:43:50;11;9
21/01/2012 10:43:52;9;9
21/01/2012 10:43:55;9;9
21/01/2012 10:43:58;11;9
21/01/2012 10:44:00;9;9
21/01/2012 10:44:03;9;9
21/01/2012 10:44:05;11;9
21/01/2012 10:44:07;11;9
21/01/2012 10:44:10;11;9
21/01/2012 10:44:13;11;9
21/01/2012 10:44:15;9;9
21/01/2012 10:44:18;11;9
21/01/2012 10:44:20;9;9
21/01/2012 10:44:23;9;9
21/01/2012 10:44:25;11;9
21/01/2012 10:44:27;9;9
21/01/2012 10:44:30;9;9
21/01/2012 10:44:32;9;9
21/01/2012 10:44:35;9;9
21/01/2012 10:44:37;11;9
21/01/2012 10:44:40;9;9
21/01/2012 10:44:42;11;9
21/01/2012 10:44:45;11;9
21/01/2012 10:44:47;11;9
21/01/2012 10:44:50;11;9
21/01/2012 10:44:52;9;9
21/01/2012 10:44:55;11;9
21/01/2012 10:44:58;11;9
21/01/2012 10:45:00;9;9
21/01/2012 10:45:03;11;9
21/01/2012 10:45:05;9;9
21/01/2012 10:45:08;9;9
21/01/2012 10:45:10;9;9
21/01/2012 10:45:12;9;9
21/01/2012 10:45:15;9;9
21/01/2012 10:45:17;9;9
21/01/2012 10:45:20;9;9
21/01/2012 10:45:22;9;9
21/01/2012 10:45:25;9;9
21/01/2012 10:45:27;9;9
21/01/2012 10:45:30;9;9
21/01/2012 10:45:32;11;9
21/01/2012 10:45:35;9;9
21/01/2012 10:45:37;11;9
21/01/2012 10:45:40;9;9
21/01/2012 10:45:42;11;9
21/01/2012 10:45:45;11;9
21/01/2012 10:45:47;11;9
21/01/2012 10:45:50;11;9
21/01/2012 10:45:52;11;9
21/01/2012 10:45:54;11;9
21/01/2012 10:45:57;9;9
21/01/2012 10:45:59;11;9
21/01/2012 10:46:02;11;9
21/01/2012 10:46:04;9;9
21/01/2012 10:46:07;11;9
21/01/2012 10:46:10;9;9
21/01/2012 10:46:12;11;9
21/01/2012 10:46:15;9;9
21/01/2012 10:46:17;9;9
21/01/2012 10:46:20;9;9
21/01/2012 10:46:22;9;9
21/01/2012 10:46:24;11;9
21/01/2012 10:46:27;9;9
21/01/2012 10:46:29;11;9
21/01/2012 10:46:32;11;9
21/01/2012 10:46:34;11;9
21/01/2012 10:46:37;11;9
21/01/2012 10:46:40;11;9
21/01/2012 10:46:42;11;9
21/01/2012 10:46:44;11;9
21/01/2012 10:46:47;9;9
21/01/2012 10:46:49;9;9
21/01/2012 10:46:52;9;9
21/01/2012 10:46:54;9;9
21/01/2012 10:46:57;9;9
21/01/2012 10:46:59;9;9
21/01/2012 10:47:02;9;9
21/01/2012 10:47:04;9;9
21/01/2012 10:47:06;9;9
21/01/2012 10:47:09;9;9
21/01/2012 10:47:11;9;9
21/01/2012 10:47:14;11;9
21/01/2012 10:47:16;9;9
21/01/2012 10:47:19;11;9
21/01/2012 10:47:21;11;9
21/01/2012 10:47:24;11;9
21/01/2012 10:47:26;11;9
21/01/2012 10:47:29;9;9
21/01/2012 10:47:31;11;9
21/01/2012 10:47:34;11;9
21/01/2012 10:47:36;11;9
21/01/2012 10:47:38;11;9
21/01/2012 10:47:41;9;9
21/01/2012 10:47:44;11;9
21/01/2012 10:47:47;9;9
21/01/2012 10:47:49;9;9
21/01/2012 10:47:52;9;9
21/01/2012 10:47:55;9;9
21/01/2012 10:47:58;9;9
21/01/2012 10:48:00;9;9
21/01/2012 10:48:03;9;9
21/01/2012 10:48:05;9;9
21/01/2012 10:48:07;9;9
21/01/2012 10:48:10;11;9
21/01/2012 10:48:12;9;9
21/01/2012 10:48:15;11;9
21/01/2012 10:48:17;11;9
21/01/2012 10:48:20;9;9
21/01/2012 10:48:22;11;9
21/01/2012 10:48:25;11;9
21/01/2012 10:48:27;9;9
21/01/2012 10:48:29;11;9
21/01/2012 10:48:32;9;9
21/01/2012 10:48:34;9;9
21/01/2012 10:48:37;9;9
21/01/2012 10:48:39;9;9
21/01/2012 10:48:42;9;9
21/01/2012 10:48:45;9;9
21/01/2012 10:48:47;9;9
21/01/2012 10:48:49;9;9
21/01/2012 10:48:52;9;9
21/01/2012 10:48:54;11;9
21/01/2012 10:48:57;11;9
21/01/2012 10:48:59;11;9
21/01/2012 10:49:02;11;9
21/01/2012 10:49:04;9;9
21/01/2012 10:49:07;11;9
21/01/2012 10:49:09;9;9
21/01/2012 10:49:12;11;9
21/01/2012 10:49:14;11;9
21/01/2012 10:49:17;9;9
21/01/2012 10:49:19;11;9
21/01/2012 10:49:22;9;9
21/01/2012 10:49:24;9;9
21/01/2012 10:49:27;9;9
21/01/2012 10:49:29;9;9
21/01/2012 10:49:32;9;9
21/01/2012 10:49:34;9;9
21/01/2012 10:49:36;9;9
21/01/2012 10:49:39;9;9
21/01/2012 10:49:42;9;9
21/01/2012 10:49:44;11;9
21/01/2012 10:49:47;9;9
21/01/2012 10:49:49;11;9
21/01/2012 10:49:52;11;9
21/01/2012 10:49:54;11;9
21/01/2012 10:49:56;11;9
21/01/2012 10:49:59;9;9
21/01/2012 10:50:02;11;9
21/01/2012 10:50:04;11;9
21/01/2012 10:50:07;11;9
21/01/2012 10:50:09;11;9
21/01/2012 10:50:12;9;9
21/01/2012 10:50:14;11;9
21/01/2012 10:50:16;9;9
21/01/2012 10:50:19;9;9
21/01/2012 10:50:21;9;9
21/01/2012 10:50:24;9;9
21/01/2012 10:50:26;9;9
21/01/2012 10:50:29;9;9
21/01/2012 10:50:31;9;9
21/01/2012 10:50:34;11;9
21/01/2012 10:50:36;9;9
21/01/2012 10:50:38;11;9
21/01/2012 10:50:41;11;9
21/01/2012 10:50:43;9;9
21/01/2012 10:50:46;11;9
21/01/2012 10:50:48;11;9
21/01/2012 10:50:51;9;9
21/01/2012 10:50:53;11;9
21/01/2012 10:50:56;9;9
21/01/2012 10:50:58;11;9
21/01/2012 10:51:01;9;9
21/01/2012 10:51:03;9;9
21/01/2012 10:51:05;9;9
21/01/2012 10:51:08;9;9
21/01/2012 10:51:10;9;9
21/01/2012 10:51:13;9;9
21/01/2012 10:51:16;9;9
21/01/2012 10:51:19;9;9
21/01/2012 10:51:22;9;9
21/01/2012 10:51:25;9;9
21/01/2012 10:51:27;9;9
21/01/2012 10:51:30;9;9
21/01/2012 10:51:33;9;9
21/01/2012 10:51:36;9;9
21/01/2012 10:51:38;9;9
21/01/2012 10:51:41;9;9
21/01/2012 10:51:43;9;9
21/01/2012 10:51:46;9;9
21/01/2012 10:51:48;11;9
21/01/2012 10:51:51;9;9
21/01/2012 10:51:54;11;9
21/01/2012 10:51:56;9;9
21/01/2012 10:51:58;11;9
21/01/2012 10:52:01;11;9
21/01/2012 10:52:03;9;9
21/01/2012 10:52:06;11;9
21/01/2012 10:52:08;11;9
21/01/2012 10:52:10;11;9
21/01/2012 10:52:14;11;9
21/01/2012 10:52:16;11;9
21/01/2012 10:52:19;11;9
21/01/2012 10:52:21;9;9
21/01/2012 10:52:25;11;9
21/01/2012 10:52:29;11;9
21/01/2012 10:52:31;9;9
21/01/2012 10:52:34;11;9
21/01/2012 10:52:36;9;9
21/01/2012 10:52:38;9;9
21/01/2012 10:52:41;9;9
21/01/2012 10:52:43;9;9
21/01/2012 10:52:46;9;9
21/01/2012 10:52:48;9;9
21/01/2012 10:52:51;9;9
21/01/2012 10:52:53;9;9
21/01/2012 10:52:56;9;9
21/01/2012 10:52:58;11;9
21/01/2012 10:53:01;9;9
21/01/2012 10:53:03;11;9
21/01/2012 10:53:05;11;9
21/01/2012 10:53:08;11;9
21/01/2012 10:53:11;11;9
21/01/2012 10:53:13;9;9
21/01/2012 10:53:16;11;9
21/01/2012 10:53:18;9;9
21/01/2012 10:53:20;9;9
21/01/2012 10:53:23;9;9
21/01/2012 10:53:26;9;9
21/01/2012 10:53:29;9;9
21/01/2012 10:53:31;9;9
21/01/2012 10:53:34;9;9
21/01/2012 10:53:36;11;9
21/01/2012 10:53:39;11;9
21/01/2012 10:53:41;11;9
21/01/2012 10:53:44;11;9
21/01/2012 10:53:46;9;9
21/01/2012 10:53:48;11;9
21/01/2012 10:53:51;9;9
21/01/2012 10:53:53;9;9
21/01/2012 10:53:56;9;9
21/01/2012 10:53:58;9;9
21/01/2012 10:54:00;9;9
21/01/2012 10:54:03;9;9
21/01/2012 10:54:05;9;9
21/01/2012 10:54:08;11;9
21/01/2012 10:54:10;9;9
21/01/2012 10:54:13;11;9
21/01/2012 10:54:15;11;9
21/01/2012 10:54:18;11;9
21/01/2012 10:54:20;11;9
21/01/2012 10:54:23;9;9
21/01/2012 10:54:25;11;9
21/01/2012 10:54:28;11;9
21/01/2012 10:54:30;9;9
21/01/2012 10:54:33;11;9
21/01/2012 10:54:35;9;9
21/01/2012 10:54:38;9;9
21/01/2012 10:54:40;9;9
21/01/2012 10:54:43;9;9
21/01/2012 10:54:45;11;9
21/01/2012 10:54:48;9;9
21/01/2012 10:54:50;11;9
21/01/2012 10:54:53;9;9
21/01/2012 10:54:55;11;9
21/01/2012 10:54:57;11;9
21/01/2012 10:55:00;9;9
21/01/2012 10:55:02;11;9
21/01/2012 10:55:04;11;9
21/01/2012 10:55:07;11;9
21/01/2012 10:55:09;11;9
21/01/2012 10:55:12;9;9
21/01/2012 10:55:14;11;9
21/01/2012 10:55:17;9;9
21/01/2012 10:55:19;9;9
21/01/2012 10:55:22;9;9
21/01/2012 10:55:24;9;9
21/01/2012 10:55:27;9;9
21/01/2012 10:55:29;9;9
21/01/2012 10:55:31;9;9
21/01/2012 10:55:34;9;9
21/01/2012 10:55:36;9;9
21/01/2012 10:55:39;9;9
21/01/2012 10:55:41;9;9
21/01/2012 10:55:44;9;9
21/01/2012 10:55:46;9;9
21/01/2012 10:55:49;11;9
21/01/2012 10:55:51;11;9
21/01/2012 10:55:54;11;9
21/01/2012 10:55:56;11;9
21/01/2012 10:55:59;11;9
21/01/2012 10:56:01;11;9
21/01/2012 10:56:03;11;9
21/01/2012 10:56:06;9;9
21/01/2012 10:56:08;11;9
21/01/2012 10:56:11;9;9
21/01/2012 10:56:13;11;9
21/01/2012 10:56:16;9;9
21/01/2012 10:56:18;9;9
21/01/2012 10:56:21;9;9
21/01/2012 10:56:23;9;9
21/01/2012 10:56:26;9;9
21/01/2012 10:56:28;9;9
21/01/2012 10:56:31;9;9
21/01/2012 10:56:33;9;9
21/01/2012 10:56:35;9;9
21/01/2012 10:56:38;11;9
21/01/2012 10:56:40;9;9
21/01/2012 10:56:43;11;9
21/01/2012 10:56:45;11;9
21/01/2012 10:56:48;11;9
21/01/2012 10:56:50;11;9
21/01/2012 10:56:53;9;9
21/01/2012 10:56:55;11;9
21/01/2012 10:56:58;9;9
21/01/2012 10:57:00;11;9
21/01/2012 10:57:03;11;9
21/01/2012 10:57:05;9;9
21/01/2012 10:57:07;11;9
21/01/2012 10:57:10;9;9
21/01/2012 10:57:12;9;9
21/01/2012 10:57:15;9;9
21/01/2012 10:57:17;9;9
21/01/2012 10:57:20;9;9
21/01/2012 10:57:22;9;9
21/01/2012 10:57:25;11;9
21/01/2012 10:57:27;9;9
21/01/2012 10:57:30;11;9
21/01/2012 10:57:32;11;9
21/01/2012 10:57:34;9;9
21/01/2012 10:57:37;11;9
21/01/2012 10:57:39;9;9
21/01/2012 10:57:42;11;9
21/01/2012 10:57:44;11;9
21/01/2012 10:57:47;11;9
21/01/2012 10:57:49;11;9
21/01/2012 10:57:52;11;9
21/01/2012 10:57:54;11;9
21/01/2012 10:57:57;9;9
21/01/2012 10:57:59;11;9
21/01/2012 10:58:02;11;9
21/01/2012 10:58:04;11;9
21/01/2012 10:58:06;11;9
21/01/2012 10:58:09;11;9
21/01/2012 10:58:11;11;9
21/01/2012 10:58:14;9;9
21/01/2012 10:58:16;11;9
21/01/2012 10:58:19;9;9
21/01/2012 10:58:21;11;9
21/01/2012 10:58:24;9;9
21/01/2012 10:58:26;9;9
21/01/2012 10:58:29;9;9
21/01/2012 10:58:31;9;9
21/01/2012 10:58:34;9;9
21/01/2012 10:58:36;9;9
21/01/2012 10:58:39;9;9
21/01/2012 10:58:41;9;9
21/01/2012 10:58:44;9;9
21/01/2012 10:58:46;11;9
21/01/2012 10:58:49;9;9
21/01/2012 10:58:51;11;9
21/01/2012 10:58:54;9;9
21/01/2012 10:58:56;11;9
21/01/2012 10:58:59;11;9
21/01/2012 10:59:03;11;9
21/01/2012 10:59:05;9;9
21/01/2012 10:59:08;11;9
21/01/2012 10:59:10;11;9
21/01/2012 10:59:13;11;9
21/01/2012 10:59:15;11;9
21/01/2012 10:59:18;11;9
21/01/2012 10:59:20;11;9
21/01/2012 10:59:23;11;9
21/01/2012 10:59:25;11;9
21/01/2012 10:59:28;11;9
21/01/2012 10:59:30;11;9
21/01/2012 10:59:33;11;9
21/01/2012 10:59:35;11;9
21/01/2012 10:59:37;11;9
21/01/2012 10:59:40;11;9
21/01/2012 10:59:42;11;9
21/01/2012 10:59:45;11;9
21/01/2012 10:59:47;11;9
21/01/2012 10:59:50;9;9
21/01/2012 10:59:52;11;9
21/01/2012 10:59:55;9;9
21/01/2012 10:59:57;9;9
21/01/2012 11:00:00;11;9
21/01/2012 11:00:02;9;9
21/01/2012 11:00:04;11;9
21/01/2012 11:00:07;9;9
21/01/2012 11:00:09;11;9
21/01/2012 11:00:12;9;9
21/01/2012 11:00:15;11;9
21/01/2012 11:00:17;9;9
21/01/2012 11:00:20;9;9
21/01/2012 11:00:22;9;9
21/01/2012 11:00:25;9;9
21/01/2012 11:00:27;9;9
21/01/2012 11:00:29;9;9
21/01/2012 11:00:32;9;9
21/01/2012 11:00:34;9;9
21/01/2012 11:00:36;9;9
21/01/2012 11:00:39;9;9
21/01/2012 11:00:41;9;9
21/01/2012 11:00:44;9;9
21/01/2012 11:00:46;9;9
21/01/2012 11:00:49;9;9
21/01/2012 11:00:51;9;9
21/01/2012 11:00:54;9;9
21/01/2012 11:00:56;9;9
21/01/2012 11:00:59;9;9
21/01/2012 11:01:01;9;9
21/01/2012 11:01:04;9;9
21/01/2012 11:01:06;9;9
21/01/2012 11:01:08;9;9
21/01/2012 11:01:11;9;9
21/01/2012 11:01:13;9;9
21/01/2012 11:01:16;9;9
21/01/2012 11:01:18;9;9
21/01/2012 11:01:21;9;9
21/01/2012 11:01:23;9;9
21/01/2012 11:01:26;9;9
21/01/2012 11:01:28;9;9
21/01/2012 11:01:31;9;9
21/01/2012 11:01:33;9;9
21/01/2012 11:01:36;9;9
21/01/2012 11:01:38;9;9
21/01/2012 11:01:40;9;9
21/01/2012 11:01:43;9;9
21/01/2012 11:01:46;9;9
21/01/2012 11:01:48;9;9
21/01/2012 11:01:51;9;9
21/01/2012 11:01:53;9;9
21/01/2012 11:01:56;9;9
21/01/2012 11:01:58;9;9
21/01/2012 11:02:01;9;9
21/01/2012 11:02:03;11;9
21/01/2012 11:02:05;9;9
21/01/2012 11:02:08;9;9
21/01/2012 11:02:10;9;9
21/01/2012 11:02:12;9;9
21/01/2012 11:02:15;9;9
21/01/2012 11:02:17;9;9
21/01/2012 11:02:20;9;9
21/01/2012 11:02:23;9;9
21/01/2012 11:02:26;9;9
21/01/2012 11:02:29;9;9
21/01/2012 11:02:32;9;9
21/01/2012 11:02:35;9;9
21/01/2012 11:02:37;9;9
21/01/2012 11:02:40;9;9
21/01/2012 11:02:43;9;9
21/01/2012 11:02:48;9;9
21/01/2012 11:02:51;11;9
21/01/2012 11:02:53;9;9
21/01/2012 11:02:55;11;9
21/01/2012 11:02:58;9;9
21/01/2012 11:03:00;11;9
21/01/2012 11:03:05;9;9
21/01/2012 11:03:08;11;9
21/01/2012 11:03:10;11;9
21/01/2012 11:03:15;11;9
21/01/2012 11:03:18;11;9
21/01/2012 11:03:22;11;9
21/01/2012 11:03:26;11;9
21/01/2012 11:03:28;11;9
21/01/2012 11:03:30;11;9
21/01/2012 11:03:34;11;9
21/01/2012 11:03:37;11;9
21/01/2012 11:03:39;11;9
21/01/2012 11:03:41;11;9
21/01/2012 11:03:43;9;9
21/01/2012 11:03:46;11;9
21/01/2012 11:03:48;9;9
21/01/2012 11:03:51;11;9
21/01/2012 11:03:53;9;9
21/01/2012 11:03:56;11;9
21/01/2012 11:03:58;11;9
21/01/2012 11:04:01;11;9
21/01/2012 11:04:03;11;9
21/01/2012 11:04:05;11;9
21/01/2012 11:04:08;11;9
21/01/2012 11:04:10;11;9
21/01/2012 11:04:13;11;9
21/01/2012 11:04:15;9;9
21/01/2012 11:04:18;11;9
21/01/2012 11:04:20;9;9
21/01/2012 11:04:23;11;9
21/01/2012 11:04:25;11;9
21/01/2012 11:04:28;11;9
21/01/2012 11:04:30;11;9
21/01/2012 11:04:33;9;9
21/01/2012 11:04:35;11;9
21/01/2012 11:04:37;9;9
21/01/2012 11:04:40;11;9
21/01/2012 11:04:42;9;9
21/01/2012 11:04:45;11;9
21/01/2012 11:04:47;9;9
21/01/2012 11:04:50;11;9
21/01/2012 11:04:52;9;9
21/01/2012 11:04:55;11;9
21/01/2012 11:04:57;11;9
21/01/2012 11:05:00;11;9
21/01/2012 11:05:02;11;9
21/01/2012 11:05:04;9;9
21/01/2012 11:05:07;11;9
21/01/2012 11:05:09;15;11
21/01/2012 11:05:12;19;13
21/01/2012 11:05:14;15;15
21/01/2012 11:05:17;15;15
21/01/2012 11:05:19;17;15
21/01/2012 11:05:22;15;15
21/01/2012 11:05:24;15;15
21/01/2012 11:05:27;17;15
21/01/2012 11:05:29;15;15
21/01/2012 11:05:32;17;15
21/01/2012 11:05:34;15;15
21/01/2012 11:05:37;15;15
21/01/2012 11:05:39;15;15
21/01/2012 11:05:42;17;15
21/01/2012 11:05:44;15;15
21/01/2012 11:05:47;17;15
21/01/2012 11:05:49;17;15
21/01/2012 11:05:52;15;15
21/01/2012 11:05:54;15;15
21/01/2012 11:05:57;17;15
21/01/2012 11:05:59;15;15
21/01/2012 11:06:01;15;15
21/01/2012 11:06:04;17;15
21/01/2012 11:06:07;17;15
21/01/2012 11:06:09;15;15
21/01/2012 11:06:12;15;15
21/01/2012 11:06:14;17;15
21/01/2012 11:06:17;17;15
21/01/2012 11:06:19;15;15
21/01/2012 11:06:22;15;15
21/01/2012 11:06:24;17;15
21/01/2012 11:06:26;15;15
21/01/2012 11:06:28;15;15
21/01/2012 11:06:31;17;15
21/01/2012 11:06:33;17;15
21/01/2012 11:06:36;15;15
21/01/2012 11:06:38;15;15
21/01/2012 11:06:41;17;15
21/01/2012 11:06:43;17;15
21/01/2012 11:06:46;15;15
21/01/2012 11:06:48;15;15
21/01/2012 11:06:51;17;15
21/01/2012 11:06:53;17;15
21/01/2012 11:06:56;17;15
21/01/2012 11:06:58;15;15
21/01/2012 11:07:00;15;15
21/01/2012 11:07:03;17;15
21/01/2012 11:07:05;17;15
21/01/2012 11:07:08;15;15
21/01/2012 11:07:10;17;15
21/01/2012 11:07:13;15;15
21/01/2012 11:07:15;15;15
21/01/2012 11:07:18;15;15
21/01/2012 11:07:20;15;15
21/01/2012 11:07:23;17;15
21/01/2012 11:07:25;17;15
21/01/2012 11:07:28;17;15
21/01/2012 11:07:30;15;15
21/01/2012 11:07:32;15;15
21/01/2012 11:07:35;17;15
21/01/2012 11:07:37;17;15
21/01/2012 11:07:40;15;15
21/01/2012 11:07:42;15;15
21/01/2012 11:07:45;17;15
21/01/2012 11:07:47;17;15
21/01/2012 11:07:50;17;15
21/01/2012 11:07:52;17;15
21/01/2012 11:07:55;17;15
21/01/2012 11:07:57;17;15
21/01/2012 11:07:59;17;15
21/01/2012 11:08:02;15;15
21/01/2012 11:08:04;17;15
21/01/2012 11:08:07;15;15
21/01/2012 11:08:09;17;15
21/01/2012 11:08:12;15;15
21/01/2012 11:08:14;15;15
21/01/2012 11:08:17;17;15
21/01/2012 11:08:19;15;15
21/01/2012 11:08:22;17;15
21/01/2012 11:08:24;17;15
21/01/2012 11:08:27;17;15
21/01/2012 11:08:29;15;15
21/01/2012 11:08:31;15;15
21/01/2012 11:08:34;17;15
21/01/2012 11:08:36;17;15
21/01/2012 11:08:39;17;15
21/01/2012 11:08:41;17;15
21/01/2012 11:08:44;15;15
21/01/2012 11:08:46;17;15
21/01/2012 11:08:49;15;15
21/01/2012 11:08:51;15;15
21/01/2012 11:08:54;17;15
21/01/2012 11:08:56;17;15
21/01/2012 11:08:59;17;15
21/01/2012 11:09:01;15;15
21/01/2012 11:09:03;15;15
21/01/2012 11:09:06;17;15
21/01/2012 11:09:08;17;15
21/01/2012 11:09:11;15;15
21/01/2012 11:09:13;15;15
21/01/2012 11:09:16;17;15
21/01/2012 11:09:18;17;15
21/01/2012 11:09:21;15;15
21/01/2012 11:09:23;17;15
21/01/2012 11:09:26;17;15
21/01/2012 11:09:28;15;15
21/01/2012 11:09:30;15;15
21/01/2012 11:09:33;15;15
21/01/2012 11:09:35;15;15
21/01/2012 11:09:38;17;15
21/01/2012 11:09:40;15;15
21/01/2012 11:09:43;17;15
21/01/2012 11:09:45;17;15
21/01/2012 11:09:48;15;15
21/01/2012 11:09:50;15;15
21/01/2012 11:09:53;17;15
21/01/2012 11:09:55;17;15
21/01/2012 11:09:58;17;15
21/01/2012 11:10:00;15;15
21/01/2012 11:10:02;15;15
21/01/2012 11:10:05;17;15
21/01/2012 11:10:07;17;15
21/01/2012 11:10:10;15;15
21/01/2012 11:10:12;15;15
21/01/2012 11:10:15;17;15
21/01/2012 11:10:17;17;15
21/01/2012 11:10:20;17;15
21/01/2012 11:10:22;17;15
21/01/2012 11:10:25;17;15
21/01/2012 11:10:27;15;15
21/01/2012 11:10:29;15;15
21/01/2012 11:10:32;17;15
21/01/2012 11:10:34;17;15
21/01/2012 11:10:37;15;15
21/01/2012 11:10:40;15;15
21/01/2012 11:10:42;17;15
21/01/2012 11:10:45;17;15
21/01/2012 11:10:47;15;15
21/01/2012 11:10:50;15;15
21/01/2012 11:10:52;17;15
21/01/2012 11:10:54;17;15
21/01/2012 11:10:57;17;15
21/01/2012 11:10:59;15;15
21/01/2012 11:11:01;15;15
21/01/2012 11:11:04;15;15
21/01/2012 11:11:06;15;15
21/01/2012 11:11:09;15;15
21/01/2012 11:11:11;15;15
21/01/2012 11:11:14;15;15
21/01/2012 11:11:16;15;15
21/01/2012 11:11:19;15;15
21/01/2012 11:11:22;15;15
21/01/2012 11:11:24;17;15
21/01/2012 11:11:27;15;15
21/01/2012 11:11:29;15;15
21/01/2012 11:11:32;17;15
21/01/2012 11:11:34;15;15
21/01/2012 11:11:37;17;15
21/01/2012 11:11:39;17;15
21/01/2012 11:11:42;15;15
21/01/2012 11:11:46;17;15
21/01/2012 11:11:49;17;15
21/01/2012 11:11:51;17;15
21/01/2012 11:11:53;17;15
21/01/2012 11:11:56;17;15
21/01/2012 11:11:58;15;15
21/01/2012 11:12:01;17;15
21/01/2012 11:12:03;15;15
21/01/2012 11:12:05;17;15
21/01/2012 11:12:08;15;15
21/01/2012 11:12:10;17;15
21/01/2012 11:12:13;15;15
21/01/2012 11:12:15;15;15
21/01/2012 11:12:18;17;15
21/01/2012 11:12:21;17;15
21/01/2012 11:12:23;15;15
21/01/2012 11:12:25;15;15
21/01/2012 11:12:28;15;15
21/01/2012 11:12:30;17;15
21/01/2012 11:12:33;17;15
21/01/2012 11:12:35;17;15
21/01/2012 11:12:37;17;15
21/01/2012 11:12:40;15;15
21/01/2012 11:12:42;15;15
21/01/2012 11:12:45;15;15
21/01/2012 11:12:47;15;15
21/01/2012 11:12:50;15;15
21/01/2012 11:12:52;15;15
21/01/2012 11:12:55;15;15
21/01/2012 11:12:57;15;15
21/01/2012 11:12:59;15;15
21/01/2012 11:13:02;15;15
21/01/2012 11:13:04;15;15
21/01/2012 11:13:07;17;15
21/01/2012 11:13:09;17;15
21/01/2012 11:13:12;15;15
21/01/2012 11:13:14;15;15
21/01/2012 11:13:17;17;15
21/01/2012 11:13:19;17;15
21/01/2012 11:13:22;15;15
21/01/2012 11:13:24;15;15
21/01/2012 11:13:27;15;15
21/01/2012 11:13:29;17;15
21/01/2012 11:13:32;17;15
21/01/2012 11:13:34;15;15
21/01/2012 11:13:37;17;15
21/01/2012 11:13:39;15;15
21/01/2012 11:13:42;15;15
21/01/2012 11:13:44;15;15
21/01/2012 11:13:47;15;15
21/01/2012 11:13:49;15;15
21/01/2012 11:13:52;15;15
21/01/2012 11:13:54;15;15
21/01/2012 11:13:57;15;15
21/01/2012 11:14:00;15;15
21/01/2012 11:14:03;15;15
21/01/2012 11:14:05;15;15
21/01/2012 11:14:08;17;15
21/01/2012 11:14:11;17;15
21/01/2012 11:14:14;15;15
21/01/2012 11:14:16;15;15
21/01/2012 11:14:19;17;15
21/01/2012 11:14:22;17;15
21/01/2012 11:14:24;15;15
21/01/2012 11:14:26;15;15
21/01/2012 11:14:31;15;15
21/01/2012 11:14:34;15;15
21/01/2012 11:14:36;17;15
21/01/2012 11:14:38;17;15
21/01/2012 11:14:41;15;15
21/01/2012 11:14:43;17;15
21/01/2012 11:14:48;15;15
21/01/2012 11:14:51;15;15
21/01/2012 11:14:53;15;15
21/01/2012 11:14:56;17;15
21/01/2012 11:14:58;15;15
21/01/2012 11:15:00;17;15
21/01/2012 11:15:03;15;15
21/01/2012 11:15:06;15;15
21/01/2012 11:15:10;17;15
21/01/2012 11:15:12;15;15
21/01/2012 11:15:15;15;15
21/01/2012 11:15:17;17;15
21/01/2012 11:15:20;17;15
21/01/2012 11:15:22;17;15
21/01/2012 11:15:25;15;15
21/01/2012 11:15:27;17;15
21/01/2012 11:15:30;15;15
21/01/2012 11:15:32;15;15
21/01/2012 11:15:34;17;15
21/01/2012 11:15:37;15;15
21/01/2012 11:15:40;17;15
21/01/2012 11:15:42;15;15
21/01/2012 11:15:44;17;15
21/01/2012 11:15:47;15;15
21/01/2012 11:15:49;15;15
21/01/2012 11:15:52;15;15
21/01/2012 11:15:54;15;15
21/01/2012 11:15:56;15;15
21/01/2012 11:15:59;15;15
21/01/2012 11:16:01;17;15
21/01/2012 11:16:02;17;15
21/01/2012 11:16:04;15;15
21/01/2012 11:16:07;15;15
21/01/2012 11:16:09;17;15
21/01/2012 11:16:11;15;15
21/01/2012 11:16:13;15;15
21/01/2012 11:16:16;15;15
21/01/2012 11:16:18;15;15
21/01/2012 11:16:20;17;15
21/01/2012 11:16:23;15;15
21/01/2012 11:16:25;15;15
21/01/2012 11:16:28;15;15
21/01/2012 11:16:30;15;15
21/01/2012 11:16:33;15;15
21/01/2012 11:16:35;15;15
21/01/2012 11:16:38;15;15
21/01/2012 11:16:40;17;15
21/01/2012 11:16:43;15;15
21/01/2012 11:16:45;17;15
21/01/2012 11:16:48;15;15
21/01/2012 11:16:50;17;15
21/01/2012 11:16:52;15;15
21/01/2012 11:16:55;15;15
21/01/2012 11:16:57;15;15
21/01/2012 11:17:00;15;15
21/01/2012 11:17:03;17;15
21/01/2012 11:17:05;17;15
21/01/2012 11:17:08;15;15
21/01/2012 11:17:10;15;15
21/01/2012 11:17:13;17;15
21/01/2012 11:17:15;15;15
21/01/2012 11:17:17;15;15
21/01/2012 11:17:20;15;15
21/01/2012 11:17:22;15;15
21/01/2012 11:17:25;17;15
21/01/2012 11:17:27;15;15
21/01/2012 11:17:30;17;15
21/01/2012 11:17:32;17;15
21/01/2012 11:17:35;17;15
21/01/2012 11:17:37;15;15
21/01/2012 11:17:40;15;15
21/01/2012 11:17:42;15;15
21/01/2012 11:17:44;15;15
21/01/2012 11:17:47;15;15
21/01/2012 11:17:49;15;15
21/01/2012 11:17:52;17;15
21/01/2012 11:17:54;15;15
21/01/2012 11:17:57;17;15
21/01/2012 11:17:59;17;15
21/01/2012 11:18:02;15;15
21/01/2012 11:18:04;15;15
21/01/2012 11:18:07;15;15
21/01/2012 11:18:09;15;15
21/01/2012 11:18:12;15;15
21/01/2012 11:18:14;17;15
21/01/2012 11:18:16;15;15
21/01/2012 11:18:19;17;15
21/01/2012 11:18:21;15;15
21/01/2012 11:18:24;17;15
21/01/2012 11:18:26;17;15
21/01/2012 11:18:29;15;15
21/01/2012 11:18:31;17;15
21/01/2012 11:18:34;15;15
21/01/2012 11:18:36;17;15
21/01/2012 11:18:39;17;15
21/01/2012 11:18:41;17;15
21/01/2012 11:18:43;15;15
21/01/2012 11:18:46;15;15
21/01/2012 11:18:48;15;15
21/01/2012 11:18:51;17;15
21/01/2012 11:18:54;17;15
21/01/2012 11:18:56;17;15
21/01/2012 11:18:59;17;15
21/01/2012 11:19:01;15;15
21/01/2012 11:19:04;15;15
21/01/2012 11:19:06;17;15
21/01/2012 11:19:08;17;15
21/01/2012 11:19:11;17;15
21/01/2012 11:19:13;15;15
21/01/2012 11:19:15;17;15
21/01/2012 11:19:18;15;15
21/01/2012 11:19:20;17;15
21/01/2012 11:19:23;15;15
21/01/2012 11:19:25;15;15
21/01/2012 11:19:28;15;15
21/01/2012 11:19:30;15;15
21/01/2012 11:19:33;15;15
21/01/2012 11:19:35;15;15
21/01/2012 11:19:38;15;15
21/01/2012 11:19:40;15;15
21/01/2012 11:19:43;15;15
21/01/2012 11:19:45;15;15
21/01/2012 11:19:47;15;15
21/01/2012 11:19:50;15;15
21/01/2012 11:19:52;15;15
21/01/2012 11:19:55;17;15
21/01/2012 11:19:57;17;15
21/01/2012 11:20:00;15;15
21/01/2012 11:20:02;15;15
21/01/2012 11:20:05;17;15
21/01/2012 11:20:07;17;15
21/01/2012 11:20:10;17;15
21/01/2012 11:20:12;15;15
21/01/2012 11:20:14;15;15
21/01/2012 11:20:17;17;15
21/01/2012 11:20:19;17;15
21/01/2012 11:20:22;17;15
21/01/2012 11:20:24;17;15
21/01/2012 11:20:27;15;15
21/01/2012 11:20:29;17;15
21/01/2012 11:20:32;15;15
21/01/2012 11:20:34;15;15
21/01/2012 11:20:37;15;15
21/01/2012 11:20:39;15;15
21/01/2012 11:20:42;17;15
21/01/2012 11:20:45;15;15
21/01/2012 11:20:47;17;15
21/01/2012 11:20:50;15;15
21/01/2012 11:20:52;17;15
21/01/2012 11:20:55;15;15
21/01/2012 11:20:57;17;15
21/01/2012 11:21:00;15;15
21/01/2012 11:21:02;15;15
21/01/2012 11:21:04;15;15
21/01/2012 11:21:06;15;15
21/01/2012 11:21:09;15;15
21/01/2012 11:21:11;17;15
21/01/2012 11:21:14;17;15
21/01/2012 11:21:16;17;15
21/01/2012 11:21:18;17;15
21/01/2012 11:21:21;15;15
21/01/2012 11:21:23;15;15
21/01/2012 11:21:26;15;15
21/01/2012 11:21:28;15;15
21/01/2012 11:21:31;15;15
21/01/2012 11:21:33;15;15
21/01/2012 11:21:36;17;15
21/01/2012 11:21:38;15;15
21/01/2012 11:21:41;15;15
21/01/2012 11:21:43;15;15
21/01/2012 11:21:46;15;15
21/01/2012 11:21:48;15;15
21/01/2012 11:21:50;17;15
21/01/2012 11:21:53;15;15
21/01/2012 11:21:55;17;15
21/01/2012 11:21:58;15;15
21/01/2012 11:22:00;15;15
21/01/2012 11:22:03;15;15
21/01/2012 11:22:05;15;15
21/01/2012 11:22:08;15;15
21/01/2012 11:22:10;15;15
21/01/2012 11:22:13;17;15
21/01/2012 11:22:15;17;15
21/01/2012 11:22:18;17;15
21/01/2012 11:22:20;17;15
21/01/2012 11:22:22;17;15
21/01/2012 11:22:25;15;15
21/01/2012 11:22:27;17;15
21/01/2012 11:22:30;15;15
21/01/2012 11:22:32;17;15
21/01/2012 11:22:35;15;15
21/01/2012 11:22:37;17;15
21/01/2012 11:22:40;15;15
21/01/2012 11:22:42;15;15
21/01/2012 11:22:45;17;15
21/01/2012 11:22:47;15;15
21/01/2012 11:22:49;17;15
21/01/2012 11:22:52;17;15
21/01/2012 11:22:54;15;15
21/01/2012 11:22:57;17;15
21/01/2012 11:22:59;15;15
21/01/2012 11:23:02;17;15
21/01/2012 11:23:04;17;15
21/01/2012 11:23:07;15;15
21/01/2012 11:23:09;17;15
21/01/2012 11:23:12;15;15
21/01/2012 11:23:14;15;15
21/01/2012 11:23:17;15;15
21/01/2012 11:23:19;17;15
21/01/2012 11:23:21;17;15
21/01/2012 11:23:24;15;15
21/01/2012 11:23:26;17;15
21/01/2012 11:23:29;15;15
21/01/2012 11:23:31;15;15
21/01/2012 11:23:34;15;15
21/01/2012 11:23:36;15;15
21/01/2012 11:23:39;17;15
21/01/2012 11:23:41;15;15
21/01/2012 11:23:44;17;15
21/01/2012 11:23:46;17;15
21/01/2012 11:23:48;15;15
21/01/2012 11:23:51;15;15
21/01/2012 11:23:53;15;15
21/01/2012 11:23:56;15;15
21/01/2012 11:23:58;15;15
21/01/2012 11:24:01;15;15
21/01/2012 11:24:03;15;15
21/01/2012 11:24:06;15;15
21/01/2012 11:24:08;15;15
21/01/2012 11:24:11;15;15
21/01/2012 11:24:13;15;15
21/01/2012 11:24:16;15;15
21/01/2012 11:24:18;17;15
21/01/2012 11:24:20;15;15
21/01/2012 11:24:23;15;15
21/01/2012 11:24:25;17;15
21/01/2012 11:24:28;15;15
21/01/2012 11:24:30;15;15
21/01/2012 11:24:33;15;15
21/01/2012 11:24:35;15;15
21/01/2012 11:24:38;17;15
21/01/2012 11:24:40;15;15
21/01/2012 11:24:43;17;15
21/01/2012 11:24:45;17;15
21/01/2012 11:24:48;17;15
21/01/2012 11:24:50;17;15
21/01/2012 11:24:53;17;15
21/01/2012 11:24:55;17;15
21/01/2012 11:24:58;17;15
21/01/2012 11:25:00;17;15
21/01/2012 11:25:03;17;15
21/01/2012 11:25:05;17;15
21/01/2012 11:25:08;15;15
21/01/2012 11:25:10;17;15
21/01/2012 11:25:12;15;15
21/01/2012 11:25:15;15;15
21/01/2012 11:25:17;17;15
21/01/2012 11:25:19;17;15
21/01/2012 11:25:22;15;15
21/01/2012 11:25:24;17;15
21/01/2012 11:25:27;17;15
21/01/2012 11:25:29;17;15
21/01/2012 11:25:32;15;15
21/01/2012 11:25:34;15;15
21/01/2012 11:25:37;15;15
21/01/2012 11:25:39;15;15
21/01/2012 11:25:42;17;15
21/01/2012 11:25:44;17;15
21/01/2012 11:25:47;15;15
21/01/2012 11:25:49;17;15
21/01/2012 11:25:51;17;15
21/01/2012 11:25:54;17;15
21/01/2012 11:25:56;17;15
21/01/2012 11:25:59;15;15
21/01/2012 11:26:01;17;15
21/01/2012 11:26:04;15;15
21/01/2012 11:26:06;17;15
21/01/2012 11:26:09;17;15
21/01/2012 11:26:11;17;15
21/01/2012 11:26:14;17;15
21/01/2012 11:26:16;15;15
21/01/2012 11:26:19;15;15
21/01/2012 11:26:21;15;15
21/01/2012 11:26:24;15;15
21/01/2012 11:26:26;17;15
21/01/2012 11:26:29;17;15
21/01/2012 11:26:31;15;15
21/01/2012 11:26:34;15;15
21/01/2012 11:26:36;15;15
21/01/2012 11:26:38;15;15
21/01/2012 11:26:41;17;15
21/01/2012 11:26:43;17;15
21/01/2012 11:26:46;17;15
21/01/2012 11:26:48;15;15
21/01/2012 11:26:50;15;15
21/01/2012 11:26:53;15;15
21/01/2012 11:26:55;15;15
21/01/2012 11:26:58;17;15
21/01/2012 11:27:00;15;15
21/01/2012 11:27:03;17;15
21/01/2012 11:27:05;17;15
21/01/2012 11:27:08;15;15
21/01/2012 11:27:10;17;15
21/01/2012 11:27:13;17;15
21/01/2012 11:27:15;17;15
21/01/2012 11:27:18;15;15
21/01/2012 11:27:20;17;15
21/01/2012 11:27:22;15;15
21/01/2012 11:27:25;15;15
21/01/2012 11:27:27;15;15
21/01/2012 11:27:30;15;15
21/01/2012 11:27:32;15;15
21/01/2012 11:27:35;17;15
21/01/2012 11:27:37;17;15
21/01/2012 11:27:40;17;15
21/01/2012 11:27:42;17;15
21/01/2012 11:27:45;17;15
21/01/2012 11:27:47;15;15
21/01/2012 11:27:49;15;15
21/01/2012 11:27:52;17;15
21/01/2012 11:27:54;17;15
21/01/2012 11:27:57;15;15
21/01/2012 11:27:59;17;15
21/01/2012 11:28:02;15;15
21/01/2012 11:28:04;15;15
21/01/2012 11:28:07;15;15
21/01/2012 11:28:09;15;15
21/01/2012 11:28:12;17;15
21/01/2012 11:28:14;17;15
21/01/2012 11:28:17;15;15
21/01/2012 11:28:19;17;15
21/01/2012 11:28:21;17;15
21/01/2012 11:28:24;17;15
21/01/2012 11:28:26;17;15
21/01/2012 11:28:29;17;15
21/01/2012 11:28:31;17;15
21/01/2012 11:28:34;17;15
21/01/2012 11:28:36;15;15
21/01/2012 11:28:39;17;15
21/01/2012 11:28:41;17;15
21/01/2012 11:28:44;15;15
21/01/2012 11:28:46;17;15
21/01/2012 11:28:48;17;15
21/01/2012 11:28:51;15;15
21/01/2012 11:28:53;15;15
21/01/2012 11:28:56;15;15
21/01/2012 11:28:58;15;15
21/01/2012 11:29:01;17;15
21/01/2012 11:29:03;17;15
21/01/2012 11:29:06;15;15
21/01/2012 11:29:08;15;15
21/01/2012 11:29:11;15;15
21/01/2012 11:29:13;15;15
21/01/2012 11:29:16;15;15
21/01/2012 11:29:18;17;15
21/01/2012 11:29:20;15;15
21/01/2012 11:29:23;17;15
21/01/2012 11:29:25;17;15
21/01/2012 11:29:28;17;15
21/01/2012 11:29:30;17;15
21/01/2012 11:29:33;15;15
21/01/2012 11:29:35;17;15
21/01/2012 11:29:38;15;15
21/01/2012 11:29:40;17;15
21/01/2012 11:29:43;17;15
21/01/2012 11:29:45;15;15
21/01/2012 11:29:48;15;15
21/01/2012 11:29:50;15;15
21/01/2012 11:29:52;15;15
21/01/2012 11:29:55;15;15
21/01/2012 11:29:58;15;15
21/01/2012 11:30:00;17;15
21/01/2012 11:30:03;15;15
21/01/2012 11:30:05;17;15
21/01/2012 11:30:08;17;15
21/01/2012 11:30:10;15;15
21/01/2012 11:30:13;15;15
21/01/2012 11:30:15;15;15
21/01/2012 11:30:17;17;15
21/01/2012 11:30:19;17;15
21/01/2012 11:30:22;15;15
21/01/2012 11:30:24;15;15
21/01/2012 11:30:27;15;15
21/01/2012 11:30:29;15;15
21/01/2012 11:30:32;17;15
21/01/2012 11:30:34;17;15
21/01/2012 11:30:37;17;15
21/01/2012 11:30:39;17;15
21/01/2012 11:30:42;15;15
21/01/2012 11:30:44;15;15
21/01/2012 11:30:47;17;15
21/01/2012 11:30:49;15;15
21/01/2012 11:30:51;17;15
21/01/2012 11:30:54;15;15
21/01/2012 11:30:56;17;15
21/01/2012 11:30:59;15;15
21/01/2012 11:31:01;17;15
21/01/2012 11:31:04;15;15
21/01/2012 11:31:06;15;15
21/01/2012 11:31:09;15;15
21/01/2012 11:31:11;15;15
21/01/2012 11:31:14;17;15
21/01/2012 11:31:16;17;15
21/01/2012 11:31:18;17;15
21/01/2012 11:31:21;15;15
21/01/2012 11:31:23;15;15
21/01/2012 11:31:26;17;15
21/01/2012 11:31:28;17;15
21/01/2012 11:31:31;15;15
21/01/2012 11:31:33;15;15
21/01/2012 11:31:36;17;15
21/01/2012 11:31:38;15;15
21/01/2012 11:31:41;17;15
21/01/2012 11:31:43;17;15
21/01/2012 11:31:46;17;15
21/01/2012 11:31:48;15;15
21/01/2012 11:31:51;15;15
21/01/2012 11:31:53;15;15
21/01/2012 11:31:56;15;15
21/01/2012 11:31:59;15;15
21/01/2012 11:32:01;15;15
21/01/2012 11:32:04;17;15
21/01/2012 11:32:06;15;15
21/01/2012 11:32:09;15;15
21/01/2012 11:32:11;15;15
21/01/2012 11:32:13;15;15
21/01/2012 11:32:16;15;15
21/01/2012 11:32:18;17;15
21/01/2012 11:32:21;15;15
21/01/2012 11:32:23;15;15
21/01/2012 11:32:26;15;15
21/01/2012 11:32:28;15;15
21/01/2012 11:32:31;15;15
21/01/2012 11:32:33;17;15
21/01/2012 11:32:35;15;15
21/01/2012 11:32:38;17;15
21/01/2012 11:32:40;17;15
21/01/2012 11:32:43;15;15
21/01/2012 11:32:45;15;15
21/01/2012 11:32:48;17;15
21/01/2012 11:32:50;17;15
21/01/2012 11:32:53;15;15
21/01/2012 11:32:55;17;15
21/01/2012 11:32:58;15;15
21/01/2012 11:33:00;15;15
21/01/2012 11:33:02;15;15
21/01/2012 11:33:05;17;15
21/01/2012 11:33:07;17;15
21/01/2012 11:33:10;15;15
21/01/2012 11:33:12;15;15
21/01/2012 11:33:15;15;15
21/01/2012 11:33:17;15;15
21/01/2012 11:33:20;17;15
21/01/2012 11:33:22;15;15
21/01/2012 11:33:25;17;15
21/01/2012 11:33:27;17;15
21/01/2012 11:33:30;17;15
21/01/2012 11:33:32;17;15
21/01/2012 11:33:35;17;15
21/01/2012 11:33:37;15;15
21/01/2012 11:33:40;15;15
21/01/2012 11:33:43;17;15
21/01/2012 11:33:45;17;15
21/01/2012 11:33:48;15;15
21/01/2012 11:33:50;17;15
21/01/2012 11:33:52;15;15
21/01/2012 11:33:55;15;15
21/01/2012 11:33:57;15;15
21/01/2012 11:34:00;17;15
21/01/2012 11:34:02;17;15
21/01/2012 11:34:04;15;15
21/01/2012 11:34:07;15;15
21/01/2012 11:34:09;15;15
21/01/2012 11:34:11;15;15
21/01/2012 11:34:14;17;15
21/01/2012 11:34:16;17;15
21/01/2012 11:34:19;15;15
21/01/2012 11:34:21;15;15
21/01/2012 11:34:24;17;15
21/01/2012 11:34:26;17;15
21/01/2012 11:34:28;15;15
21/01/2012 11:34:31;17;15
21/01/2012 11:34:33;17;15
21/01/2012 11:34:36;17;15
21/01/2012 11:34:38;17;15
21/01/2012 11:34:41;15;15
21/01/2012 11:34:43;17;15
21/01/2012 11:34:46;15;15
21/01/2012 11:34:48;15;15
21/01/2012 11:34:51;15;15
21/01/2012 11:34:53;15;15
21/01/2012 11:34:56;15;15
21/01/2012 11:34:58;17;15
21/01/2012 11:35:00;17;15
21/01/2012 11:35:03;17;15
21/01/2012 11:35:05;17;15
21/01/2012 11:35:08;15;15
21/01/2012 11:35:10;15;15
21/01/2012 11:35:13;17;15
21/01/2012 11:35:15;17;15
21/01/2012 11:35:18;15;15
21/01/2012 11:35:20;17;15
21/01/2012 11:35:23;15;15
21/01/2012 11:35:25;15;15
21/01/2012 11:35:27;15;15
21/01/2012 11:35:30;15;15
21/01/2012 11:35:32;15;15
21/01/2012 11:35:35;17;15
21/01/2012 11:35:37;17;15
21/01/2012 11:35:40;15;15
21/01/2012 11:35:42;15;15
21/01/2012 11:35:45;17;15
21/01/2012 11:35:47;17;15
21/01/2012 11:35:50;15;15
21/01/2012 11:35:52;17;15
21/01/2012 11:35:55;17;15
21/01/2012 11:35:57;15;15
21/01/2012 11:35:59;17;15
21/01/2012 11:36:02;15;15
21/01/2012 11:36:04;17;15
21/01/2012 11:36:07;15;15
21/01/2012 11:36:09;15;15
21/01/2012 11:36:12;17;15
21/01/2012 11:36:14;15;15
21/01/2012 11:36:17;17;15
21/01/2012 11:36:19;17;15
21/01/2012 11:36:22;15;15
21/01/2012 11:36:24;15;15
21/01/2012 11:36:27;15;15
21/01/2012 11:36:29;17;15
21/01/2012 11:36:31;17;15
21/01/2012 11:36:34;15;15
21/01/2012 11:36:36;15;15
21/01/2012 11:36:39;17;15
21/01/2012 11:36:41;17;15
21/01/2012 11:36:44;15;15
21/01/2012 11:36:46;15;15
21/01/2012 11:36:49;17;15
21/01/2012 11:36:51;17;15
21/01/2012 11:36:54;17;15
21/01/2012 11:36:56;17;15
21/01/2012 11:36:59;17;15
21/01/2012 11:37:01;15;15
21/01/2012 11:37:04;15;15
21/01/2012 11:37:06;15;15
21/01/2012 11:37:09;15;15
21/01/2012 11:37:11;15;15
21/01/2012 11:37:13;15;15
21/01/2012 11:37:16;17;15
21/01/2012 11:37:18;15;15
21/01/2012 11:37:21;17;15
21/01/2012 11:37:23;15;15
21/01/2012 11:37:26;17;15
21/01/2012 11:37:28;17;15
21/01/2012 11:37:31;15;15
21/01/2012 11:37:33;17;15
21/01/2012 11:37:36;15;15
21/01/2012 11:37:38;15;15
21/01/2012 11:37:41;15;15
21/01/2012 11:37:43;17;15
21/01/2012 11:37:46;17;15
21/01/2012 11:37:48;15;15
21/01/2012 11:37:51;15;15
21/01/2012 11:37:53;17;15
21/01/2012 11:37:56;17;15
21/01/2012 11:37:58;15;15
21/01/2012 11:38:01;15;15
21/01/2012 11:38:03;17;15
21/01/2012 11:38:06;17;15
21/01/2012 11:38:08;17;15
21/01/2012 11:38:10;17;15
21/01/2012 11:38:13;17;15
21/01/2012 11:38:15;15;15
21/01/2012 11:38:18;15;15
21/01/2012 11:38:20;15;15
21/01/2012 11:38:22;15;15
21/01/2012 11:38:25;17;15
21/01/2012 11:38:27;15;15
21/01/2012 11:38:30;17;15
21/01/2012 11:38:32;17;15
21/01/2012 11:38:35;15;15
21/01/2012 11:38:38;17;15
21/01/2012 11:38:40;17;15
21/01/2012 11:38:42;15;15
21/01/2012 11:38:45;17;15
21/01/2012 11:38:47;15;15
21/01/2012 11:38:50;15;15
21/01/2012 11:38:52;17;15
21/01/2012 11:38:54;17;15
21/01/2012 11:38:57;15;15
21/01/2012 11:38:59;15;15
21/01/2012 11:39:02;17;15
21/01/2012 11:39:04;17;15
21/01/2012 11:39:07;15;15
21/01/2012 11:39:09;15;15
21/01/2012 11:39:12;15;15
21/01/2012 11:39:14;17;15
21/01/2012 11:39:16;17;15
21/01/2012 11:39:19;17;15
21/01/2012 11:39:21;17;15
21/01/2012 11:39:24;15;15
21/01/2012 11:39:26;15;15
21/01/2012 11:39:29;17;15
21/01/2012 11:39:31;17;15
21/01/2012 11:39:34;15;15
21/01/2012 11:39:36;17;15
21/01/2012 11:39:39;15;15
21/01/2012 11:39:41;15;15
21/01/2012 11:39:44;17;15
21/01/2012 11:39:46;15;15
21/01/2012 11:39:48;17;15
21/01/2012 11:39:51;15;15
21/01/2012 11:39:53;17;15
21/01/2012 11:39:56;15;15
21/01/2012 11:39:58;17;15
21/01/2012 11:40:01;17;15
21/01/2012 11:40:03;17;15
21/01/2012 11:40:06;17;15
21/01/2012 11:40:09;17;15
21/01/2012 11:40:11;17;15
21/01/2012 11:40:13;17;15
21/01/2012 11:40:16;17;15
21/01/2012 11:40:18;15;15
21/01/2012 11:40:21;15;15
21/01/2012 11:40:23;17;15
21/01/2012 11:40:28;17;15
21/01/2012 11:40:30;17;15
21/01/2012 11:40:33;15;15
21/01/2012 11:40:35;15;15
21/01/2012 11:40:38;17;15
21/01/2012 11:40:40;17;15
21/01/2012 11:40:43;15;15
21/01/2012 11:40:45;17;15
21/01/2012 11:40:47;17;15
21/01/2012 11:40:50;15;15
21/01/2012 11:40:53;15;15
21/01/2012 11:40:55;15;15
21/01/2012 11:40:58;15;15
21/01/2012 11:41:00;15;15
21/01/2012 11:41:03;15;15
21/01/2012 11:41:05;17;15
21/01/2012 11:41:08;15;15
21/01/2012 11:41:10;17;15
21/01/2012 11:41:12;17;15
21/01/2012 11:41:14;15;15
21/01/2012 11:41:17;17;15
21/01/2012 11:41:19;17;15
21/01/2012 11:41:22;17;15
21/01/2012 11:41:24;17;15
21/01/2012 11:41:27;15;15
21/01/2012 11:41:29;17;15
21/01/2012 11:41:32;15;15
21/01/2012 11:41:34;15;15
21/01/2012 11:41:37;17;15
21/01/2012 11:41:39;17;15
21/01/2012 11:41:42;17;15
21/01/2012 11:41:44;15;15
21/01/2012 11:41:46;15;15
21/01/2012 11:41:49;17;15
21/01/2012 11:41:52;17;15
21/01/2012 11:41:54;15;15
21/01/2012 11:41:57;15;15
21/01/2012 11:42:00;17;15
21/01/2012 11:42:02;17;15
21/01/2012 11:42:04;15;15
21/01/2012 11:42:07;15;15
21/01/2012 11:42:10;17;15
21/01/2012 11:42:12;17;15
21/01/2012 11:42:14;17;15
21/01/2012 11:42:17;15;15
21/01/2012 11:42:19;15;15
21/01/2012 11:42:21;15;15
21/01/2012 11:42:24;15;15
21/01/2012 11:42:26;17;15
21/01/2012 11:42:29;17;15
21/01/2012 11:42:31;15;15
21/01/2012 11:42:33;15;15
21/01/2012 11:42:36;15;15
21/01/2012 11:42:38;15;15
21/01/2012 11:42:41;15;15
21/01/2012 11:42:43;15;15
21/01/2012 11:42:45;15;15
21/01/2012 11:42:48;17;15
21/01/2012 11:42:50;17;15
21/01/2012 11:42:53;17;15
21/01/2012 11:42:55;17;15
21/01/2012 11:42:58;15;15
21/01/2012 11:43:00;15;15
21/01/2012 11:43:03;17;15
21/01/2012 11:43:05;17;15
21/01/2012 11:43:08;15;15
21/01/2012 11:43:10;15;15
21/01/2012 11:43:13;15;15
21/01/2012 11:43:15;17;15
21/01/2012 11:43:18;15;15
21/01/2012 11:43:20;17;15
21/01/2012 11:43:23;17;15
21/01/2012 11:43:25;15;15
21/01/2012 11:43:27;15;15
21/01/2012 11:43:30;15;15
21/01/2012 11:43:32;15;15
21/01/2012 11:43:35;17;15
21/01/2012 11:43:37;17;15
21/01/2012 11:43:40;17;15
21/01/2012 11:43:42;15;15
21/01/2012 11:43:44;15;15
21/01/2012 11:43:47;15;15
21/01/2012 11:43:49;15;15
21/01/2012 11:43:52;17;15
21/01/2012 11:43:54;17;15
21/01/2012 11:43:57;17;15
21/01/2012 11:43:59;17;15
21/01/2012 11:44:02;15;15
21/01/2012 11:44:04;17;15
21/01/2012 11:44:07;15;15
21/01/2012 11:44:09;15;15
21/01/2012 11:44:12;17;15
21/01/2012 11:44:14;15;15
21/01/2012 11:44:17;15;15
21/01/2012 11:44:19;15;15
21/01/2012 11:44:22;15;15
21/01/2012 11:44:24;17;15
21/01/2012 11:44:27;17;15
21/01/2012 11:44:29;15;15
21/01/2012 11:44:34;17;15
21/01/2012 11:44:36;15;15
21/01/2012 11:44:39;15;15
21/01/2012 11:44:42;17;15
21/01/2012 11:44:44;17;15
21/01/2012 11:44:47;15;15
21/01/2012 11:44:49;15;15
21/01/2012 11:44:52;17;15
21/01/2012 11:44:54;17;15
21/01/2012 11:44:57;17;15
21/01/2012 11:44:59;17;15
21/01/2012 11:45:01;15;15
21/01/2012 11:45:03;15;15
21/01/2012 11:45:06;17;15
21/01/2012 11:45:08;15;15
21/01/2012 11:45:10;15;15
21/01/2012 11:45:13;17;15
21/01/2012 11:45:15;17;15
21/01/2012 11:45:18;15;15
21/01/2012 11:45:20;17;15
21/01/2012 11:45:23;15;15
21/01/2012 11:45:25;15;15
21/01/2012 11:45:28;15;15
21/01/2012 11:45:30;15;15
21/01/2012 11:45:33;15;15
21/01/2012 11:45:35;17;15
21/01/2012 11:45:38;15;15
21/01/2012 11:45:40;15;15
21/01/2012 11:45:42;15;13
21/01/2012 11:45:45;15;13
21/01/2012 11:45:47;9;13
21/01/2012 11:45:50;2;9
21/01/2012 11:45:52;0;4
 
