07/01/2012 12:40:00;2;2
07/01/2012 12:40:03;41;11
07/01/2012 12:40:03;38;6
07/01/2012 12:40:04;41;17
07/01/2012 12:40:05;41;26
07/01/2012 12:40:08;41;38
07/01/2012 12:40:10;41;41
07/01/2012 12:40:11;43;41
07/01/2012 12:40:12;41;41
07/01/2012 12:40:14;41;41
07/01/2012 12:40:16;30;38
07/01/2012 12:40:17;2;34
07/01/2012 12:40:20;0;19
07/01/2012 12:40:20;2;23
07/01/2012 12:40:21;0;9
07/01/2012 12:40:23;2;4
07/01/2012 12:43:28;21;4
07/01/2012 12:43:29;21;6
07/01/2012 12:43:31;21;11
07/01/2012 12:43:33;21;13
07/01/2012 12:43:34;19;15
07/01/2012 12:43:36;21;19
07/01/2012 12:43:37;21;19
07/01/2012 12:43:39;21;19
07/01/2012 12:43:40;21;19
07/01/2012 12:43:42;21;19
07/01/2012 12:43:43;21;19
07/01/2012 12:43:44;21;19
07/01/2012 12:43:46;21;19
07/01/2012 12:43:47;21;19
07/01/2012 12:43:49;21;19
07/01/2012 12:43:50;21;19
07/01/2012 12:43:51;21;19
07/01/2012 12:43:53;21;19
07/01/2012 12:43:54;19;19
07/01/2012 12:43:56;21;19
07/01/2012 12:43:58;19;19
07/01/2012 12:43:59;21;19
07/01/2012 12:44:00;21;19
07/01/2012 12:44:02;21;19
07/01/2012 12:44:03;19;19
07/01/2012 12:44:05;23;19
07/01/2012 12:44:06;21;19
07/01/2012 12:44:08;21;21
07/01/2012 12:44:09;21;21
07/01/2012 12:44:11;21;21
07/01/2012 12:44:12;21;21
07/01/2012 12:44:14;21;21
07/01/2012 12:44:15;21;21
07/01/2012 12:44:17;21;21
07/01/2012 12:44:19;21;21
07/01/2012 12:44:20;21;21
07/01/2012 12:44:22;21;21
07/01/2012 12:44:24;21;21
07/01/2012 12:44:24;21;21
07/01/2012 12:44:26;21;21
07/01/2012 12:44:27;21;21
07/01/2012 12:44:29;21;21
07/01/2012 12:44:30;21;21
07/01/2012 12:44:31;21;21
07/01/2012 12:44:33;21;21
07/01/2012 12:44:34;21;21
07/01/2012 12:44:36;21;21
07/01/2012 12:44:37;21;21
07/01/2012 12:44:39;21;21
07/01/2012 12:44:41;21;19
07/01/2012 12:44:42;19;19
07/01/2012 12:44:43;21;19
07/01/2012 12:44:44;19;19
07/01/2012 12:44:46;21;19
07/01/2012 12:44:47;21;19
07/01/2012 12:44:47;21;19
07/01/2012 12:44:49;19;19
07/01/2012 12:44:50;21;19
07/01/2012 12:44:52;21;19
07/01/2012 12:44:53;19;19
07/01/2012 12:44:56;21;19
07/01/2012 12:44:56;21;19
07/01/2012 12:44:57;21;19
07/01/2012 12:44:59;19;19
07/01/2012 12:45:00;21;19
07/01/2012 12:45:02;21;19
07/01/2012 12:45:03;21;19
07/01/2012 12:45:06;19;19
07/01/2012 12:45:06;21;19
07/01/2012 12:45:07;21;19
07/01/2012 12:45:10;21;19
07/01/2012 12:45:10;21;19
07/01/2012 12:45:11;21;19
07/01/2012 12:45:13;21;19
07/01/2012 12:45:15;21;19
07/01/2012 12:45:16;19;19
07/01/2012 12:45:17;21;19
07/01/2012 12:45:19;21;19
07/01/2012 12:45:20;21;19
07/01/2012 12:45:22;21;19
07/01/2012 12:45:23;21;19
07/01/2012 12:45:24;21;19
07/01/2012 12:45:26;19;19
07/01/2012 12:45:28;21;19
07/01/2012 12:45:30;21;19
07/01/2012 12:45:31;21;19
07/01/2012 12:45:34;21;19
07/01/2012 12:45:34;21;19
07/01/2012 12:45:34;21;19
07/01/2012 12:45:35;19;19
07/01/2012 12:45:37;21;19
07/01/2012 12:45:38;21;19
07/01/2012 12:45:39;19;19
07/01/2012 12:45:41;21;19
07/01/2012 12:45:43;21;19
07/01/2012 12:45:44;21;19
07/01/2012 12:45:45;19;19
07/01/2012 12:45:47;21;19
07/01/2012 12:45:48;21;19
07/01/2012 12:45:50;21;19
07/01/2012 12:45:51;19;19
07/01/2012 12:45:53;21;19
07/01/2012 12:45:54;21;19
07/01/2012 12:45:56;21;19
07/01/2012 12:45:57;21;19
07/01/2012 12:46:00;21;19
07/01/2012 12:46:00;21;19
07/01/2012 12:46:07;19;19
07/01/2012 12:46:10;21;19
07/01/2012 12:46:12;21;19
07/01/2012 12:46:14;21;19
07/01/2012 12:46:15;21;19
07/01/2012 12:46:17;21;19
07/01/2012 12:46:18;19;19
07/01/2012 12:46:20;21;19
07/01/2012 12:46:21;21;19
07/01/2012 12:46:23;21;19
07/01/2012 12:46:24;21;19
07/01/2012 12:46:25;21;19
07/01/2012 12:46:27;19;19
07/01/2012 12:46:28;21;19
07/01/2012 12:46:30;21;19
07/01/2012 12:46:31;21;19
07/01/2012 12:46:33;21;19
07/01/2012 12:46:34;19;19
07/01/2012 12:46:35;21;19
07/01/2012 12:46:37;21;19
07/01/2012 12:46:38;21;19
07/01/2012 12:46:40;21;19
07/01/2012 12:46:41;21;19
07/01/2012 12:46:42;21;21
07/01/2012 12:46:44;21;21
07/01/2012 12:46:45;21;21
07/01/2012 12:46:47;19;19
07/01/2012 12:46:48;21;19
07/01/2012 12:46:49;21;19
07/01/2012 12:46:52;21;19
07/01/2012 12:46:55;21;21
07/01/2012 12:46:56;21;21
07/01/2012 12:46:58;21;21
07/01/2012 12:46:59;21;19
07/01/2012 12:47:01;21;19
07/01/2012 12:47:02;21;19
07/01/2012 12:47:04;21;19
07/01/2012 12:47:05;21;19
07/01/2012 12:47:07;21;21
07/01/2012 12:47:08;21;21
07/01/2012 12:47:10;21;21
07/01/2012 12:47:11;21;21
07/01/2012 12:47:12;21;21
07/01/2012 12:47:14;21;21
07/01/2012 12:47:15;21;21
07/01/2012 12:47:17;21;21
07/01/2012 12:47:18;21;21
07/01/2012 12:47:20;21;21
07/01/2012 12:47:21;21;21
07/01/2012 12:47:23;21;21
07/01/2012 12:47:24;21;21
07/01/2012 12:47:25;21;21
07/01/2012 12:47:27;21;19
07/01/2012 12:47:28;21;19
07/01/2012 12:47:30;21;19
07/01/2012 12:47:31;21;19
07/01/2012 12:47:33;21;19
07/01/2012 12:47:34;21;21
07/01/2012 12:47:35;21;21
07/01/2012 12:47:37;21;21
07/01/2012 12:47:38;21;21
07/01/2012 12:47:40;21;21
07/01/2012 12:47:41;21;21
07/01/2012 12:47:43;21;21
07/01/2012 12:47:44;21;21
07/01/2012 12:47:45;21;21
07/01/2012 12:47:47;21;21
07/01/2012 12:47:48;21;21
07/01/2012 12:47:51;21;21
07/01/2012 12:47:51;21;21
07/01/2012 12:47:53;21;21
07/01/2012 12:47:53;21;21
07/01/2012 12:47:54;21;21
07/01/2012 12:47:56;19;19
07/01/2012 12:47:57;21;19
07/01/2012 12:47:59;21;19
07/01/2012 12:48:00;21;19
07/01/2012 12:48:01;21;19
07/01/2012 12:48:03;21;19
07/01/2012 12:48:04;21;19
07/01/2012 12:48:06;21;19
07/01/2012 12:48:07;21;19
07/01/2012 12:48:09;21;19
07/01/2012 12:48:10;21;19
07/01/2012 12:48:12;21;21
07/01/2012 12:48:13;19;19
07/01/2012 12:48:14;21;19
07/01/2012 12:48:16;21;19
07/01/2012 12:48:17;21;19
07/01/2012 12:48:19;21;19
07/01/2012 12:48:20;21;19
07/01/2012 12:48:22;21;19
07/01/2012 12:48:23;21;19
07/01/2012 12:48:24;21;19
07/01/2012 12:48:26;21;19
07/01/2012 12:48:27;19;19
07/01/2012 12:48:29;21;19
07/01/2012 12:48:30;21;19
07/01/2012 12:48:32;21;19
07/01/2012 12:48:33;21;19
07/01/2012 12:48:34;21;19
07/01/2012 12:48:36;19;19
07/01/2012 12:48:37;21;19
07/01/2012 12:48:39;21;19
07/01/2012 12:48:40;21;19
07/01/2012 12:48:42;21;19
07/01/2012 12:48:43;19;19
07/01/2012 12:48:45;21;19
07/01/2012 12:48:46;21;19
07/01/2012 12:48:47;21;19
07/01/2012 12:48:49;21;19
07/01/2012 12:48:50;21;19
07/01/2012 12:48:52;19;19
07/01/2012 12:48:53;21;19
07/01/2012 12:48:55;21;19
07/01/2012 12:48:56;21;19
07/01/2012 12:48:58;21;19
07/01/2012 12:48:59;21;19
07/01/2012 12:49:00;21;21
07/01/2012 12:49:02;21;21
07/01/2012 12:49:03;21;21
07/01/2012 12:49:05;21;21
07/01/2012 12:49:06;21;21
07/01/2012 12:49:08;21;19
07/01/2012 12:49:09;21;19
07/01/2012 12:49:10;21;19
07/01/2012 12:49:12;21;19
07/01/2012 12:49:13;21;19
07/01/2012 12:49:15;21;21
07/01/2012 12:49:16;21;21
07/01/2012 12:49:17;19;19
07/01/2012 12:49:19;21;19
07/01/2012 12:49:20;21;19
07/01/2012 12:49:22;21;19
07/01/2012 12:49:23;21;19
07/01/2012 12:49:25;21;19
07/01/2012 12:49:26;21;21
07/01/2012 12:49:28;21;19
07/01/2012 12:49:29;21;19
07/01/2012 12:49:30;21;19
07/01/2012 12:49:32;21;19
07/01/2012 12:49:33;21;19
07/01/2012 12:49:35;19;19
07/01/2012 12:49:36;21;19
07/01/2012 12:49:38;21;19
07/01/2012 12:49:39;21;19
07/01/2012 12:49:40;21;19
07/01/2012 12:49:42;21;19
07/01/2012 12:49:43;21;19
07/01/2012 12:49:45;21;19
07/01/2012 12:49:46;21;19
07/01/2012 12:49:47;21;19
07/01/2012 12:49:49;21;21
07/01/2012 12:49:50;19;19
07/01/2012 12:49:52;21;19
07/01/2012 12:49:53;21;19
07/01/2012 12:49:55;21;19
07/01/2012 12:49:56;21;19
07/01/2012 12:49:57;19;19
07/01/2012 12:49:59;21;19
07/01/2012 12:50:00;21;19
07/01/2012 12:50:02;21;19
07/01/2012 12:50:03;21;19
07/01/2012 12:50:05;21;19
07/01/2012 12:50:06;21;21
07/01/2012 12:50:07;19;19
07/01/2012 12:50:09;21;19
07/01/2012 12:50:10;21;19
07/01/2012 12:50:12;21;19
07/01/2012 12:50:13;21;19
07/01/2012 12:50:15;21;21
07/01/2012 12:50:16;21;21
07/01/2012 12:50:17;21;21
07/01/2012 12:50:19;19;19
07/01/2012 12:50:20;21;19
07/01/2012 12:50:22;21;19
07/01/2012 12:50:23;21;19
07/01/2012 12:50:25;21;19
07/01/2012 12:50:26;19;19
07/01/2012 12:50:28;21;19
07/01/2012 12:50:29;21;19
07/01/2012 12:50:30;21;19
07/01/2012 12:50:32;21;19
07/01/2012 12:50:33;21;19
07/01/2012 12:50:35;21;21
07/01/2012 12:50:36;19;19
07/01/2012 12:50:38;21;19
07/01/2012 12:50:39;21;19
07/01/2012 12:50:41;21;19
07/01/2012 12:50:43;19;19
07/01/2012 12:50:44;21;19
07/01/2012 12:50:46;21;19
07/01/2012 12:50:47;21;19
07/01/2012 12:50:49;21;19
07/01/2012 12:50:50;19;19
07/01/2012 12:50:52;21;19
07/01/2012 12:50:53;21;19
07/01/2012 12:50:55;21;19
07/01/2012 12:50:57;21;19
07/01/2012 12:50:58;19;19
07/01/2012 12:51:00;21;19
07/01/2012 12:51:01;21;19
07/01/2012 12:51:03;21;19
07/01/2012 12:51:04;19;19
07/01/2012 12:51:06;21;19
07/01/2012 12:51:07;21;19
07/01/2012 12:51:08;21;19
07/01/2012 12:51:10;21;19
07/01/2012 12:51:11;19;19
07/01/2012 12:51:13;21;19
07/01/2012 12:51:14;21;19
07/01/2012 12:51:16;21;19
07/01/2012 12:51:17;21;19
07/01/2012 12:51:18;19;19
07/01/2012 12:51:20;21;19
07/01/2012 12:51:21;21;19
07/01/2012 12:51:23;21;19
07/01/2012 12:51:24;19;19
07/01/2012 12:51:26;21;19
07/01/2012 12:51:27;21;19
07/01/2012 12:51:29;21;19
07/01/2012 12:51:30;19;19
07/01/2012 12:51:31;21;19
07/01/2012 12:51:33;21;19
07/01/2012 12:51:34;21;19
07/01/2012 12:51:36;21;19
07/01/2012 12:51:37;21;19
07/01/2012 12:51:39;21;21
07/01/2012 12:51:40;21;21
07/01/2012 12:51:41;21;21
07/01/2012 12:51:43;21;21
07/01/2012 12:51:46;21;21
07/01/2012 12:51:46;21;21
07/01/2012 12:51:47;21;21
07/01/2012 12:51:49;21;21
07/01/2012 12:51:50;21;21
07/01/2012 12:51:51;21;21
07/01/2012 12:51:53;21;21
07/01/2012 12:51:54;21;21
07/01/2012 12:51:56;21;21
07/01/2012 12:51:57;21;21
07/01/2012 12:51:59;19;19
07/01/2012 12:52:00;21;19
07/01/2012 12:52:01;21;19
07/01/2012 12:52:03;21;19
07/01/2012 12:52:04;21;19
07/01/2012 12:52:06;21;19
07/01/2012 12:52:07;21;21
07/01/2012 12:52:09;21;21
07/01/2012 12:52:10;21;21
07/01/2012 12:52:12;21;21
07/01/2012 12:52:14;21;21
07/01/2012 12:52:15;21;21
07/01/2012 12:52:17;21;21
07/01/2012 12:52:18;21;21
07/01/2012 12:52:20;21;21
07/01/2012 12:52:21;21;21
07/01/2012 12:52:23;21;21
07/01/2012 12:52:24;21;21
07/01/2012 12:52:26;21;21
07/01/2012 12:52:27;21;21
07/01/2012 12:52:29;21;21
07/01/2012 12:52:31;21;21
07/01/2012 12:52:32;21;21
07/01/2012 12:52:33;21;21
07/01/2012 12:52:35;21;21
07/01/2012 12:52:36;21;21
07/01/2012 12:52:44;21;19
07/01/2012 12:52:49;21;21
07/01/2012 12:52:56;21;21
07/01/2012 12:52:56;21;21
07/01/2012 12:53:00;21;21
07/01/2012 12:53:03;21;21
07/01/2012 12:53:05;21;21
07/01/2012 12:53:07;21;21
07/01/2012 12:53:08;21;21
07/01/2012 12:53:12;21;21
07/01/2012 12:53:14;21;21
07/01/2012 12:53:15;21;21
07/01/2012 12:53:17;21;21
07/01/2012 12:53:18;21;21
07/01/2012 12:53:20;21;21
07/01/2012 12:53:21;21;21
07/01/2012 12:53:23;21;21
07/01/2012 12:53:24;19;19
07/01/2012 12:53:26;23;21
07/01/2012 12:53:27;19;19
07/01/2012 12:53:29;21;19
07/01/2012 12:53:30;21;19
07/01/2012 12:53:32;21;19
07/01/2012 12:53:33;21;21
07/01/2012 12:53:35;21;21
07/01/2012 12:53:36;21;21
07/01/2012 12:53:37;21;21
07/01/2012 12:53:39;21;21
07/01/2012 12:53:40;21;21
07/01/2012 12:53:42;21;21
07/01/2012 12:53:43;21;21
07/01/2012 12:53:45;21;21
07/01/2012 12:53:46;21;21
07/01/2012 12:53:48;19;19
07/01/2012 12:53:50;21;19
07/01/2012 12:53:52;21;19
07/01/2012 12:53:52;21;19
07/01/2012 12:53:55;21;19
07/01/2012 12:53:55;21;21
07/01/2012 12:53:56;21;21
07/01/2012 12:53:59;19;19
07/01/2012 12:54:00;21;21
07/01/2012 12:54:00;21;19
07/01/2012 12:54:00;21;21
07/01/2012 12:54:01;21;19
07/01/2012 12:54:02;21;19
07/01/2012 12:54:04;19;19
07/01/2012 12:54:05;21;19
07/01/2012 12:54:07;21;19
07/01/2012 12:54:08;21;19
07/01/2012 12:54:10;21;19
07/01/2012 12:54:11;21;19
07/01/2012 12:54:13;21;19
07/01/2012 12:54:14;21;19
07/01/2012 12:54:15;21;19
07/01/2012 12:54:17;19;19
07/01/2012 12:54:18;21;19
07/01/2012 12:54:20;21;19
07/01/2012 12:54:21;21;19
07/01/2012 12:54:23;19;19
07/01/2012 12:54:24;21;19
07/01/2012 12:54:25;21;19
07/01/2012 12:54:27;21;19
07/01/2012 12:54:28;21;19
07/01/2012 12:54:30;21;19
07/01/2012 12:54:31;21;19
07/01/2012 12:54:33;19;19
07/01/2012 12:54:34;21;19
07/01/2012 12:54:36;21;19
07/01/2012 12:54:37;21;19
07/01/2012 12:54:39;21;19
07/01/2012 12:54:40;21;19
07/01/2012 12:54:42;21;19
07/01/2012 12:54:43;19;19
07/01/2012 12:54:45;21;19
07/01/2012 12:54:46;21;19
07/01/2012 12:54:48;21;19
07/01/2012 12:54:50;21;19
07/01/2012 12:54:51;21;19
07/01/2012 12:54:53;21;19
07/01/2012 12:54:54;19;19
07/01/2012 12:54:56;21;19
07/01/2012 12:54:57;21;19
07/01/2012 12:54:59;21;19
07/01/2012 12:55:00;21;19
07/01/2012 12:55:02;21;19
07/01/2012 12:55:03;21;19
07/01/2012 12:55:05;21;19
07/01/2012 12:55:07;19;19
07/01/2012 12:55:08;21;19
07/01/2012 12:55:10;21;19
07/01/2012 12:55:11;19;19
07/01/2012 12:55:13;21;19
07/01/2012 12:55:14;21;19
07/01/2012 12:55:16;19;19
07/01/2012 12:55:17;21;19
07/01/2012 12:55:19;21;19
07/01/2012 12:55:20;21;19
07/01/2012 12:55:22;21;19
07/01/2012 12:55:23;21;19
07/01/2012 12:55:25;21;19
07/01/2012 12:55:26;21;19
07/01/2012 12:55:28;21;19
07/01/2012 12:55:29;21;19
07/01/2012 12:55:31;21;19
07/01/2012 12:55:32;19;19
07/01/2012 12:55:34;21;19
07/01/2012 12:55:35;21;19
07/01/2012 12:55:37;21;19
07/01/2012 12:55:38;21;19
07/01/2012 12:55:40;21;19
07/01/2012 12:55:41;21;19
07/01/2012 12:55:43;19;19
07/01/2012 12:55:45;21;19
07/01/2012 12:55:46;21;19
07/01/2012 12:55:48;21;19
07/01/2012 12:55:49;21;19
07/01/2012 12:55:51;21;19
07/01/2012 12:55:52;21;19
07/01/2012 12:55:54;21;19
07/01/2012 12:55:55;21;19
07/01/2012 12:55:57;21;19
07/01/2012 12:55:58;19;19
07/01/2012 12:56:00;21;19
07/01/2012 12:56:01;21;19
07/01/2012 12:56:03;21;19
07/01/2012 12:56:05;21;19
07/01/2012 12:56:06;21;19
07/01/2012 12:56:08;21;19
07/01/2012 12:56:09;21;19
07/01/2012 12:56:10;21;19
07/01/2012 12:56:12;21;19
07/01/2012 12:56:13;21;19
07/01/2012 12:56:15;21;19
07/01/2012 12:56:16;19;19
07/01/2012 12:56:18;21;19
07/01/2012 12:56:19;21;19
07/01/2012 12:56:20;21;19
07/01/2012 12:56:22;21;19
07/01/2012 12:56:23;23;21
07/01/2012 12:56:25;23;21
07/01/2012 12:56:26;21;21
07/01/2012 12:56:28;23;21
07/01/2012 12:56:29;21;21
07/01/2012 12:56:30;23;21
07/01/2012 12:56:32;21;21
07/01/2012 12:56:33;23;21
07/01/2012 12:56:35;21;21
07/01/2012 12:56:36;23;21
07/01/2012 12:56:38;21;21
07/01/2012 12:56:39;23;21
07/01/2012 12:56:40;23;21
07/01/2012 12:56:42;21;21
07/01/2012 12:56:43;21;21
07/01/2012 12:56:45;21;21
07/01/2012 12:56:46;21;21
07/01/2012 12:56:48;21;21
07/01/2012 12:56:49;21;21
07/01/2012 12:56:50;21;21
07/01/2012 12:56:52;23;21
07/01/2012 12:56:53;21;21
07/01/2012 12:56:55;23;21
07/01/2012 12:56:56;21;21
07/01/2012 12:56:58;19;21
07/01/2012 12:56:59;21;21
07/01/2012 12:57:01;21;21
07/01/2012 12:57:02;21;21
07/01/2012 12:57:03;19;19
07/01/2012 12:57:05;21;19
07/01/2012 12:57:06;21;19
07/01/2012 12:57:08;21;19
07/01/2012 12:57:09;19;19
07/01/2012 12:57:11;21;19
07/01/2012 12:57:12;21;19
07/01/2012 12:57:13;21;19
07/01/2012 12:57:15;19;19
07/01/2012 12:57:16;21;19
07/01/2012 12:57:18;21;19
07/01/2012 12:57:19;21;19
07/01/2012 12:57:21;21;19
07/01/2012 12:57:22;19;19
07/01/2012 12:57:23;21;19
07/01/2012 12:57:25;21;19
07/01/2012 12:57:26;21;19
07/01/2012 12:57:28;21;19
07/01/2012 12:57:29;19;19
07/01/2012 12:57:33;21;19
07/01/2012 12:57:33;21;19
07/01/2012 12:57:34;19;19
07/01/2012 12:57:36;21;19
07/01/2012 12:57:36;21;19
07/01/2012 12:57:37;21;19
07/01/2012 12:57:39;21;19
07/01/2012 12:57:40;21;19
07/01/2012 12:57:41;21;19
07/01/2012 12:57:41;21;19
07/01/2012 12:57:41;21;19
07/01/2012 12:57:42;19;19
07/01/2012 12:57:44;21;19
07/01/2012 12:57:45;21;19
07/01/2012 12:57:47;21;19
07/01/2012 12:57:49;19;19
07/01/2012 12:57:50;21;19
07/01/2012 12:57:51;21;19
07/01/2012 12:57:54;21;19
07/01/2012 12:57:54;21;19
07/01/2012 12:57:55;21;19
07/01/2012 12:57:56;21;19
07/01/2012 12:57:58;19;19
07/01/2012 12:58:02;21;19
07/01/2012 12:58:04;19;19
07/01/2012 12:58:05;21;19
07/01/2012 12:58:06;21;19
07/01/2012 12:58:08;21;19
07/01/2012 12:58:09;21;19
07/01/2012 12:58:11;21;19
07/01/2012 12:58:12;21;19
07/01/2012 12:58:14;21;19
07/01/2012 12:58:15;19;19
07/01/2012 12:58:16;21;19
07/01/2012 12:58:18;21;19
07/01/2012 12:58:19;21;19
07/01/2012 12:58:21;19;19
07/01/2012 12:58:22;21;19
07/01/2012 12:58:24;21;19
07/01/2012 12:58:25;21;19
07/01/2012 12:58:27;19;19
07/01/2012 12:58:28;21;19
07/01/2012 12:58:29;21;19
07/01/2012 12:58:31;21;19
07/01/2012 12:58:32;19;19
07/01/2012 12:58:34;21;19
07/01/2012 12:58:35;21;19
07/01/2012 12:58:36;21;19
07/01/2012 12:58:38;21;19
07/01/2012 12:58:39;21;19
07/01/2012 12:58:41;21;19
07/01/2012 12:58:42;21;19
07/01/2012 12:58:44;21;19
07/01/2012 12:58:45;19;19
07/01/2012 12:58:47;21;19
07/01/2012 12:58:48;21;19
07/01/2012 12:58:50;21;19
07/01/2012 12:58:51;21;19
07/01/2012 12:58:52;19;19
07/01/2012 12:58:54;21;19
07/01/2012 12:58:55;21;19
07/01/2012 12:58:57;21;19
07/01/2012 12:58:58;19;19
07/01/2012 12:58:59;21;19
07/01/2012 12:59:01;21;19
07/01/2012 12:59:04;19;19
07/01/2012 12:59:04;21;19
07/01/2012 12:59:05;21;19
07/01/2012 12:59:07;21;19
07/01/2012 12:59:08;21;19
07/01/2012 12:59:09;21;19
07/01/2012 12:59:11;21;19
07/01/2012 12:59:12;21;19
07/01/2012 12:59:13;21;19
07/01/2012 12:59:15;21;19
07/01/2012 12:59:17;19;19
07/01/2012 12:59:18;21;19
07/01/2012 12:59:19;21;19
07/01/2012 12:59:21;21;19
07/01/2012 12:59:22;19;19
07/01/2012 12:59:24;21;19
07/01/2012 12:59:25;21;19
07/01/2012 12:59:27;21;19
07/01/2012 12:59:28;19;19
07/01/2012 12:59:29;21;19
07/01/2012 12:59:31;21;19
07/01/2012 12:59:32;21;19
07/01/2012 12:59:34;21;19
07/01/2012 12:59:35;21;19
07/01/2012 12:59:37;21;19
07/01/2012 12:59:38;21;19
07/01/2012 12:59:40;21;19
07/01/2012 12:59:41;21;19
07/01/2012 12:59:42;21;19
07/01/2012 12:59:44;21;19
07/01/2012 12:59:45;21;19
07/01/2012 12:59:47;21;19
07/01/2012 12:59:48;21;19
07/01/2012 12:59:50;21;19
07/01/2012 12:59:51;21;19
07/01/2012 12:59:52;21;19
07/01/2012 12:59:54;19;19
07/01/2012 12:59:55;21;19
07/01/2012 12:59:57;21;19
07/01/2012 12:59:58;21;19
07/01/2012 12:59:59;21;19
07/01/2012 13:00:01;19;19
07/01/2012 13:00:02;21;19
07/01/2012 13:00:04;21;19
07/01/2012 13:00:05;21;19
07/01/2012 13:00:07;19;19
07/01/2012 13:00:08;21;19
07/01/2012 13:00:10;21;19
07/01/2012 13:00:11;21;19
07/01/2012 13:00:12;21;19
07/01/2012 13:00:14;21;19
07/01/2012 13:00:15;21;19
07/01/2012 13:00:17;21;19
07/01/2012 13:00:18;21;19
07/01/2012 13:00:20;21;19
07/01/2012 13:00:21;19;19
07/01/2012 13:00:22;21;19
07/01/2012 13:00:24;21;19
07/01/2012 13:00:25;21;19
07/01/2012 13:00:27;19;19
07/01/2012 13:00:28;21;19
07/01/2012 13:00:30;21;19
07/01/2012 13:00:31;21;19
07/01/2012 13:00:32;19;19
07/01/2012 13:00:34;21;19
07/01/2012 13:00:35;21;19
07/01/2012 13:00:37;21;19
07/01/2012 13:00:38;21;19
07/01/2012 13:00:39;19;19
07/01/2012 13:00:41;21;19
07/01/2012 13:00:42;21;19
07/01/2012 13:00:44;21;19
07/01/2012 13:00:45;21;19
07/01/2012 13:00:47;21;19
07/01/2012 13:00:48;21;19
07/01/2012 13:00:49;21;19
07/01/2012 13:00:51;21;19
07/01/2012 13:00:52;21;19
07/01/2012 13:00:54;21;19
07/01/2012 13:00:55;21;19
07/01/2012 13:00:57;21;19
07/01/2012 13:00:58;21;19
07/01/2012 13:01:00;21;19
07/01/2012 13:01:01;21;19
07/01/2012 13:01:02;21;19
07/01/2012 13:01:04;21;19
07/01/2012 13:01:05;21;19
07/01/2012 13:01:07;21;19
07/01/2012 13:01:08;21;19
07/01/2012 13:01:10;21;19
07/01/2012 13:01:11;21;19
07/01/2012 13:01:12;21;19
07/01/2012 13:01:14;21;19
07/01/2012 13:01:15;21;19
07/01/2012 13:01:17;21;19
07/01/2012 13:01:18;21;19
07/01/2012 13:01:20;21;19
07/01/2012 13:01:21;21;19
07/01/2012 13:01:23;21;19
07/01/2012 13:01:24;21;19
07/01/2012 13:01:25;21;19
07/01/2012 13:01:27;21;19
07/01/2012 13:01:28;21;19
07/01/2012 13:01:30;21;19
07/01/2012 13:01:31;21;19
07/01/2012 13:01:32;21;19
07/01/2012 13:01:34;21;19
07/01/2012 13:01:35;19;19
07/01/2012 13:01:37;21;19
07/01/2012 13:01:38;21;19
07/01/2012 13:01:40;21;19
07/01/2012 13:01:41;21;19
07/01/2012 13:01:42;19;19
07/01/2012 13:01:44;21;19
07/01/2012 13:01:45;21;19
07/01/2012 13:01:47;21;19
07/01/2012 13:01:48;21;19
07/01/2012 13:01:50;19;19
07/01/2012 13:01:51;21;19
07/01/2012 13:01:52;21;19
07/01/2012 13:01:54;21;19
07/01/2012 13:01:55;21;19
07/01/2012 13:01:57;21;19
07/01/2012 13:01:58;21;19
07/01/2012 13:02:00;21;19
07/01/2012 13:02:01;21;19
07/01/2012 13:02:02;21;19
07/01/2012 13:02:04;19;19
07/01/2012 13:02:05;21;19
07/01/2012 13:02:07;21;19
07/01/2012 13:02:08;21;19
07/01/2012 13:02:10;21;19
07/01/2012 13:02:11;19;19
07/01/2012 13:02:12;21;19
07/01/2012 13:02:14;21;19
07/01/2012 13:02:15;21;19
07/01/2012 13:02:17;21;19
07/01/2012 13:02:18;19;19
07/01/2012 13:02:20;21;19
07/01/2012 13:02:21;21;19
07/01/2012 13:02:22;21;19
07/01/2012 13:02:24;21;19
07/01/2012 13:02:25;19;19
07/01/2012 13:02:27;21;19
07/01/2012 13:02:28;21;19
07/01/2012 13:02:30;21;19
07/01/2012 13:02:31;21;19
07/01/2012 13:02:33;19;19
07/01/2012 13:02:34;21;19
07/01/2012 13:02:36;21;19
07/01/2012 13:02:37;21;19
07/01/2012 13:02:38;21;19
07/01/2012 13:02:40;21;19
07/01/2012 13:02:41;21;19
07/01/2012 13:02:43;21;19
07/01/2012 13:02:44;21;19
07/01/2012 13:02:46;21;19
07/01/2012 13:02:47;21;19
07/01/2012 13:02:49;19;19
07/01/2012 13:02:50;21;19
07/01/2012 13:02:51;21;19
07/01/2012 13:02:53;21;19
07/01/2012 13:02:54;21;19
07/01/2012 13:02:56;21;19
07/01/2012 13:02:57;21;19
07/01/2012 13:02:59;21;19
07/01/2012 13:03:00;21;19
07/01/2012 13:03:02;19;19
07/01/2012 13:03:03;21;19
07/01/2012 13:03:04;21;19
07/01/2012 13:03:06;21;19
07/01/2012 13:03:07;21;19
07/01/2012 13:03:09;19;19
07/01/2012 13:03:10;21;19
07/01/2012 13:03:12;21;19
07/01/2012 13:03:13;21;19
07/01/2012 13:03:14;21;19
07/01/2012 13:03:16;19;19
07/01/2012 13:03:17;21;19
07/01/2012 13:03:19;21;19
07/01/2012 13:03:20;21;19
07/01/2012 13:03:22;21;19
07/01/2012 13:03:23;19;19
07/01/2012 13:03:24;21;19
07/01/2012 13:03:26;21;19
07/01/2012 13:03:27;21;19
07/01/2012 13:03:29;21;19
07/01/2012 13:03:30;19;19
07/01/2012 13:03:32;21;19
07/01/2012 13:03:33;21;19
07/01/2012 13:03:34;21;19
07/01/2012 13:03:36;21;19
07/01/2012 13:03:37;19;19
07/01/2012 13:03:39;21;19
07/01/2012 13:03:40;21;19
07/01/2012 13:03:42;21;19
07/01/2012 13:03:43;21;19
07/01/2012 13:03:44;19;19
07/01/2012 13:03:46;21;19
07/01/2012 13:03:47;21;19
07/01/2012 13:03:49;21;19
07/01/2012 13:03:50;21;19
07/01/2012 13:03:52;19;19
07/01/2012 13:03:53;21;19
07/01/2012 13:03:54;21;19
07/01/2012 13:03:56;21;19
07/01/2012 13:03:57;21;19
07/01/2012 13:03:59;19;19
07/01/2012 13:04:00;21;19
07/01/2012 13:04:02;21;19
07/01/2012 13:04:03;21;19
07/01/2012 13:04:04;21;19
07/01/2012 13:04:06;21;19
07/01/2012 13:04:07;21;21
07/01/2012 13:04:09;21;19
07/01/2012 13:04:10;21;19
07/01/2012 13:04:12;21;19
07/01/2012 13:04:13;21;19
07/01/2012 13:04:15;21;19
07/01/2012 13:04:16;21;21
07/01/2012 13:04:17;19;19
07/01/2012 13:04:19;21;19
07/01/2012 13:04:20;21;19
07/01/2012 13:04:22;21;19
07/01/2012 13:04:23;21;19
07/01/2012 13:04:25;21;19
07/01/2012 13:04:26;21;19
07/01/2012 13:04:28;21;19
07/01/2012 13:04:29;21;19
07/01/2012 13:04:30;21;19
07/01/2012 13:04:32;21;19
07/01/2012 13:04:36;21;19
07/01/2012 13:04:44;21;19
07/01/2012 13:04:46;19;19
07/01/2012 13:04:48;21;19
07/01/2012 13:04:50;21;19
07/01/2012 13:04:51;21;19
07/01/2012 13:04:53;21;19
07/01/2012 13:04:54;19;19
07/01/2012 13:04:56;21;19
07/01/2012 13:04:57;21;19
07/01/2012 13:04:58;21;19
07/01/2012 13:05:00;21;19
07/01/2012 13:05:01;19;19
07/01/2012 13:05:03;21;19
07/01/2012 13:05:04;21;19
07/01/2012 13:05:06;21;19
07/01/2012 13:05:07;21;19
07/01/2012 13:05:09;21;19
07/01/2012 13:05:10;19;19
07/01/2012 13:05:12;21;19
07/01/2012 13:05:13;21;19
07/01/2012 13:05:14;21;19
07/01/2012 13:05:16;21;19
07/01/2012 13:05:17;21;19
07/01/2012 13:05:18;21;19
07/01/2012 13:05:22;21;19
07/01/2012 13:05:22;21;19
07/01/2012 13:05:23;21;19
07/01/2012 13:05:25;21;19
07/01/2012 13:05:26;19;19
07/01/2012 13:05:28;21;19
07/01/2012 13:05:29;21;19
07/01/2012 13:05:30;21;19
07/01/2012 13:05:32;21;19
07/01/2012 13:05:33;21;19
07/01/2012 13:05:35;19;19
07/01/2012 13:05:36;21;19
07/01/2012 13:05:38;21;19
07/01/2012 13:05:39;21;19
07/01/2012 13:05:40;21;19
07/01/2012 13:05:42;21;19
07/01/2012 13:05:43;21;19
07/01/2012 13:05:45;21;19
07/01/2012 13:05:46;21;19
07/01/2012 13:05:48;21;19
07/01/2012 13:05:49;19;19
07/01/2012 13:05:50;21;19
07/01/2012 13:05:52;21;19
07/01/2012 13:05:53;21;19
07/01/2012 13:05:55;21;19
07/01/2012 13:05:56;21;19
07/01/2012 13:05:58;19;19
07/01/2012 13:05:59;21;19
07/01/2012 13:06:00;21;19
07/01/2012 13:06:02;21;19
07/01/2012 13:06:03;21;19
07/01/2012 13:06:05;21;19
07/01/2012 13:06:06;19;19
07/01/2012 13:06:08;21;19
07/01/2012 13:06:09;21;19
07/01/2012 13:06:10;21;19
07/01/2012 13:06:12;21;19
07/01/2012 13:06:13;21;19
07/01/2012 13:06:15;21;21
07/01/2012 13:06:16;21;19
07/01/2012 13:06:18;21;19
07/01/2012 13:06:19;21;19
07/01/2012 13:06:20;21;19
07/01/2012 13:06:22;21;19
07/01/2012 13:06:23;19;19
07/01/2012 13:06:25;21;19
07/01/2012 13:06:26;21;19
07/01/2012 13:06:28;21;19
07/01/2012 13:06:29;21;19
07/01/2012 13:06:31;21;19
07/01/2012 13:06:32;21;19
07/01/2012 13:06:33;21;19
07/01/2012 13:06:35;21;19
07/01/2012 13:06:36;21;19
07/01/2012 13:06:38;21;19
07/01/2012 13:06:39;21;21
07/01/2012 13:06:41;19;19
07/01/2012 13:06:42;21;19
07/01/2012 13:06:43;21;19
07/01/2012 13:06:45;21;19
07/01/2012 13:06:46;21;19
07/01/2012 13:06:48;21;19
07/01/2012 13:06:49;21;19
07/01/2012 13:06:51;21;19
07/01/2012 13:06:52;21;19
07/01/2012 13:06:53;21;19
07/01/2012 13:06:55;21;19
07/01/2012 13:06:56;21;21
07/01/2012 13:06:58;19;19
07/01/2012 13:06:59;21;19
07/01/2012 13:07:01;21;19
07/01/2012 13:07:02;21;19
07/01/2012 13:07:03;21;19
07/01/2012 13:07:05;21;19
07/01/2012 13:07:06;21;21
07/01/2012 13:07:08;19;19
07/01/2012 13:07:09;21;19
07/01/2012 13:07:11;21;19
07/01/2012 13:07:12;21;19
07/01/2012 13:07:13;21;19
07/01/2012 13:07:15;21;19
07/01/2012 13:07:16;21;21
07/01/2012 13:07:18;19;19
07/01/2012 13:07:19;21;19
07/01/2012 13:07:21;21;19
07/01/2012 13:07:22;21;19
07/01/2012 13:07:23;21;19
07/01/2012 13:07:25;21;19
07/01/2012 13:07:26;19;19
07/01/2012 13:07:28;21;19
07/01/2012 13:07:29;21;19
07/01/2012 13:07:31;21;19
07/01/2012 13:07:32;21;19
07/01/2012 13:07:33;21;19
07/01/2012 13:07:35;21;21
07/01/2012 13:07:36;21;21
07/01/2012 13:07:38;21;21
07/01/2012 13:07:39;21;21
07/01/2012 13:07:41;21;21
07/01/2012 13:07:42;21;21
07/01/2012 13:07:43;23;21
07/01/2012 13:07:45;15;19
07/01/2012 13:07:46;2;15
07/01/2012 13:07:48;2;13
07/01/2012 13:07:49;2;9
07/01/2012 13:07:50;15;6
07/01/2012 13:07:50;15;6
07/01/2012 13:07:52;41;9
07/01/2012 13:07:53;41;17
07/01/2012 13:07:55;43;21
07/01/2012 13:07:56;41;32
07/01/2012 13:07:58;43;36
07/01/2012 13:07:59;43;41
07/01/2012 13:08:01;41;41
07/01/2012 13:08:02;43;41
07/01/2012 13:08:03;41;41
07/01/2012 13:08:05;43;41
07/01/2012 13:08:06;0;34
07/01/2012 13:08:09;2;19
07/01/2012 13:08:10;0;15
07/01/2012 13:08:12;2;9
07/01/2012 13:30:23;15;2
07/01/2012 13:30:24;19;6
07/01/2012 13:30:26;21;9
07/01/2012 13:30:27;19;15
07/01/2012 13:30:28;21;17
07/01/2012 13:30:30;21;19
07/01/2012 13:30:31;21;19
07/01/2012 13:30:33;21;19
07/01/2012 13:30:34;21;19
07/01/2012 13:30:36;21;19
07/01/2012 13:30:37;21;19
07/01/2012 13:30:38;21;21
07/01/2012 13:30:40;21;21
07/01/2012 13:30:41;21;21
07/01/2012 13:30:43;23;21
07/01/2012 13:30:44;21;21
07/01/2012 13:30:46;21;21
07/01/2012 13:30:47;21;21
07/01/2012 13:30:49;21;21
07/01/2012 13:30:50;21;21
07/01/2012 13:30:52;21;21
07/01/2012 13:30:53;21;21
07/01/2012 13:30:55;21;21
07/01/2012 13:30:56;21;21
07/01/2012 13:30:57;21;21
07/01/2012 13:30:59;21;21
07/01/2012 13:31:00;21;21
07/01/2012 13:31:02;21;21
07/01/2012 13:31:03;21;21
07/01/2012 13:31:05;21;21
07/01/2012 13:31:06;21;21
07/01/2012 13:31:07;21;21
07/01/2012 13:31:09;21;21
07/01/2012 13:31:10;21;21
07/01/2012 13:31:12;21;21
07/01/2012 13:31:13;23;21
07/01/2012 13:31:15;21;21
07/01/2012 13:31:16;21;21
07/01/2012 13:31:17;21;21
07/01/2012 13:31:19;21;21
07/01/2012 13:31:20;21;21
07/01/2012 13:31:22;21;21
07/01/2012 13:31:23;21;21
07/01/2012 13:31:25;23;21
07/01/2012 13:31:26;21;21
07/01/2012 13:31:27;21;21
07/01/2012 13:31:29;21;21
07/01/2012 13:31:30;21;21
07/01/2012 13:31:32;21;21
07/01/2012 13:31:33;21;21
07/01/2012 13:31:35;23;21
07/01/2012 13:31:36;21;21
07/01/2012 13:31:37;21;21
07/01/2012 13:31:39;21;21
07/01/2012 13:31:40;21;21
07/01/2012 13:31:42;21;21
07/01/2012 13:31:43;21;21
07/01/2012 13:31:45;21;21
07/01/2012 13:31:46;21;21
07/01/2012 13:31:48;21;21
07/01/2012 13:31:50;21;21
07/01/2012 13:31:52;21;21
07/01/2012 13:31:53;21;21
07/01/2012 13:31:55;21;21
07/01/2012 13:31:56;21;21
07/01/2012 13:31:58;21;21
07/01/2012 13:31:59;21;21
07/01/2012 13:32:00;21;21
07/01/2012 13:32:02;21;21
07/01/2012 13:32:03;21;21
07/01/2012 13:32:05;21;21
07/01/2012 13:32:06;21;21
07/01/2012 13:32:08;21;21
07/01/2012 13:32:09;21;21
07/01/2012 13:32:10;21;21
07/01/2012 13:32:12;21;21
07/01/2012 13:32:13;23;21
07/01/2012 13:32:15;21;21
07/01/2012 13:32:16;21;21
07/01/2012 13:32:18;21;21
07/01/2012 13:32:19;21;21
07/01/2012 13:32:21;21;21
07/01/2012 13:32:22;21;21
07/01/2012 13:32:24;21;21
07/01/2012 13:32:25;21;21
07/01/2012 13:32:27;21;21
07/01/2012 13:32:29;21;21
07/01/2012 13:32:30;21;21
07/01/2012 13:32:32;21;21
07/01/2012 13:32:33;21;21
07/01/2012 13:32:35;21;21
07/01/2012 13:32:36;21;21
07/01/2012 13:32:38;21;21
07/01/2012 13:32:39;21;21
07/01/2012 13:32:41;21;21
07/01/2012 13:32:42;23;21
07/01/2012 13:32:44;21;21
07/01/2012 13:32:45;21;21
07/01/2012 13:32:47;21;21
07/01/2012 13:32:48;21;21
07/01/2012 13:32:50;21;21
07/01/2012 13:32:51;21;21
07/01/2012 13:32:53;21;21
07/01/2012 13:32:54;21;21
07/01/2012 13:32:56;23;21
07/01/2012 13:32:57;21;21
07/01/2012 13:32:59;21;21
07/01/2012 13:33:00;21;21
07/01/2012 13:33:01;21;21
07/01/2012 13:33:03;23;21
07/01/2012 13:33:04;21;21
07/01/2012 13:33:06;21;21
07/01/2012 13:33:07;21;21
07/01/2012 13:33:09;23;21
07/01/2012 13:33:10;21;21
07/01/2012 13:33:12;21;21
07/01/2012 13:33:13;21;21
07/01/2012 13:33:14;23;21
07/01/2012 13:33:16;21;21
07/01/2012 13:33:17;21;21
07/01/2012 13:33:19;21;21
07/01/2012 13:33:20;23;21
07/01/2012 13:33:22;21;21
07/01/2012 13:33:23;21;21
07/01/2012 13:33:24;21;21
07/01/2012 13:33:26;21;21
07/01/2012 13:33:27;21;21
07/01/2012 13:33:29;21;21
07/01/2012 13:33:30;21;21
07/01/2012 13:33:32;21;21
07/01/2012 13:33:33;23;21
07/01/2012 13:33:34;21;21
07/01/2012 13:33:36;21;21
07/01/2012 13:33:37;21;21
07/01/2012 13:33:39;23;21
07/01/2012 13:33:40;21;21
07/01/2012 13:33:42;21;21
07/01/2012 13:33:43;21;21
07/01/2012 13:33:45;23;21
07/01/2012 13:33:46;21;21
07/01/2012 13:33:48;21;21
07/01/2012 13:33:49;21;21
07/01/2012 13:33:50;21;21
07/01/2012 13:33:52;21;21
07/01/2012 13:33:53;21;21
07/01/2012 13:33:55;21;21
07/01/2012 13:33:56;23;21
07/01/2012 13:33:58;21;21
07/01/2012 13:33:59;21;21
07/01/2012 13:34:00;23;21
07/01/2012 13:34:02;21;21
07/01/2012 13:34:03;21;21
07/01/2012 13:34:05;21;21
07/01/2012 13:34:06;23;21
07/01/2012 13:34:08;21;21
07/01/2012 13:34:09;21;21
07/01/2012 13:34:10;21;21
07/01/2012 13:34:12;23;21
07/01/2012 13:34:13;21;21
07/01/2012 13:34:15;21;21
07/01/2012 13:34:16;21;21
07/01/2012 13:34:18;23;21
07/01/2012 13:34:19;21;21
07/01/2012 13:34:21;21;21
07/01/2012 13:34:22;21;21
07/01/2012 13:34:23;21;21
07/01/2012 13:34:25;23;21
07/01/2012 13:34:26;21;21
07/01/2012 13:34:28;21;21
07/01/2012 13:34:29;21;21
07/01/2012 13:34:31;21;21
07/01/2012 13:34:32;21;21
07/01/2012 13:34:33;23;21
07/01/2012 13:34:35;21;21
07/01/2012 13:34:36;21;21
07/01/2012 13:34:38;21;21
07/01/2012 13:34:39;21;21
07/01/2012 13:34:41;21;21
07/01/2012 13:34:42;21;21
07/01/2012 13:34:44;21;21
07/01/2012 13:34:45;21;21
07/01/2012 13:34:46;21;21
07/01/2012 13:34:48;21;21
07/01/2012 13:34:49;21;21
07/01/2012 13:34:51;21;21
07/01/2012 13:34:52;21;21
07/01/2012 13:34:54;21;21
07/01/2012 13:34:55;21;21
07/01/2012 13:34:56;21;21
07/01/2012 13:34:58;21;21
07/01/2012 13:34:59;21;21
07/01/2012 13:35:01;23;21
07/01/2012 13:35:02;21;21
07/01/2012 13:35:04;21;21
07/01/2012 13:35:05;21;21
07/01/2012 13:35:06;21;21
07/01/2012 13:35:08;23;21
07/01/2012 13:35:09;21;21
07/01/2012 13:35:11;21;21
07/01/2012 13:35:12;21;21
07/01/2012 13:35:14;21;21
07/01/2012 13:35:15;23;21
07/01/2012 13:35:16;21;21
07/01/2012 13:35:18;21;21
07/01/2012 13:35:19;21;21
07/01/2012 13:35:21;23;21
07/01/2012 13:35:22;21;21
07/01/2012 13:35:24;21;21
07/01/2012 13:35:25;21;21
07/01/2012 13:35:26;21;21
07/01/2012 13:35:28;21;21
07/01/2012 13:35:29;21;21
07/01/2012 13:35:31;21;21
07/01/2012 13:35:32;21;21
07/01/2012 13:35:34;23;21
07/01/2012 13:35:35;21;21
07/01/2012 13:35:36;21;21
07/01/2012 13:35:38;21;21
07/01/2012 13:35:39;23;21
07/01/2012 13:35:41;21;21
07/01/2012 13:35:42;21;21
07/01/2012 13:35:44;21;21
07/01/2012 13:35:45;23;21
07/01/2012 13:35:46;21;21
07/01/2012 13:35:48;21;21
07/01/2012 13:35:49;21;21
07/01/2012 13:35:51;23;21
07/01/2012 13:35:52;21;21
07/01/2012 13:35:54;21;21
07/01/2012 13:35:55;21;21
07/01/2012 13:35:56;21;21
07/01/2012 13:35:58;21;21
07/01/2012 13:35:59;21;21
07/01/2012 13:36:01;21;21
07/01/2012 13:36:02;21;21
07/01/2012 13:36:03;23;21
07/01/2012 13:36:05;21;21
07/01/2012 13:36:06;21;21
07/01/2012 13:36:08;21;21
07/01/2012 13:36:09;21;21
07/01/2012 13:36:11;21;21
07/01/2012 13:36:12;21;21
07/01/2012 13:36:13;21;21
07/01/2012 13:36:15;21;21
07/01/2012 13:36:16;23;21
07/01/2012 13:36:18;21;21
07/01/2012 13:36:19;21;21
07/01/2012 13:36:21;21;21
07/01/2012 13:36:22;21;21
07/01/2012 13:36:24;23;21
07/01/2012 13:36:25;21;21
07/01/2012 13:36:26;21;21
07/01/2012 13:36:28;21;21
07/01/2012 13:36:29;23;21
07/01/2012 13:36:31;21;21
07/01/2012 13:36:32;21;21
07/01/2012 13:36:34;21;21
07/01/2012 13:36:36;23;21
07/01/2012 13:36:37;21;21
07/01/2012 13:36:39;21;21
07/01/2012 13:36:40;21;21
07/01/2012 13:36:42;23;21
07/01/2012 13:36:43;21;21
07/01/2012 13:36:45;21;21
07/01/2012 13:36:47;21;21
07/01/2012 13:36:49;21;21
07/01/2012 13:36:50;21;21
07/01/2012 13:36:52;23;21
07/01/2012 13:36:54;21;21
07/01/2012 13:36:55;21;21
07/01/2012 13:36:57;21;21
07/01/2012 13:36:58;21;21
07/01/2012 13:37:00;21;21
07/01/2012 13:37:01;21;21
07/01/2012 13:37:03;21;21
07/01/2012 13:37:04;21;21
07/01/2012 13:37:06;21;21
07/01/2012 13:37:07;21;21
07/01/2012 13:37:09;21;21
07/01/2012 13:37:10;21;21
07/01/2012 13:37:12;23;21
07/01/2012 13:37:14;21;21
07/01/2012 13:37:15;21;21
07/01/2012 13:37:17;21;21
07/01/2012 13:37:18;21;21
07/01/2012 13:37:20;23;21
07/01/2012 13:37:21;21;21
07/01/2012 13:37:22;21;21
07/01/2012 13:37:24;21;21
07/01/2012 13:37:25;23;21
07/01/2012 13:37:27;21;21
07/01/2012 13:37:28;21;21
07/01/2012 13:37:30;21;21
07/01/2012 13:37:31;21;21
07/01/2012 13:37:32;23;21
07/01/2012 13:37:34;21;21
07/01/2012 13:37:35;21;21
07/01/2012 13:37:37;21;21
07/01/2012 13:37:38;21;21
07/01/2012 13:37:40;23;21
07/01/2012 13:37:41;21;21
07/01/2012 13:37:42;21;21
07/01/2012 13:37:44;21;21
07/01/2012 13:37:45;21;21
07/01/2012 13:37:47;21;21
07/01/2012 13:37:48;21;21
07/01/2012 13:37:50;21;21
07/01/2012 13:37:51;21;21
07/01/2012 13:37:53;21;21
07/01/2012 13:37:55;21;21
07/01/2012 13:37:56;21;21
07/01/2012 13:37:58;21;21
07/01/2012 13:38:00;21;21
07/01/2012 13:38:01;21;21
07/01/2012 13:38:03;21;21
07/01/2012 13:38:04;21;21
07/01/2012 13:38:06;21;21
07/01/2012 13:38:08;21;21
07/01/2012 13:38:09;21;21
07/01/2012 13:38:10;21;21
07/01/2012 13:38:12;23;21
07/01/2012 13:38:14;21;21
07/01/2012 13:38:15;21;21
07/01/2012 13:38:17;21;21
07/01/2012 13:38:18;21;21
07/01/2012 13:38:20;23;21
07/01/2012 13:38:21;21;21
07/01/2012 13:38:23;21;21
07/01/2012 13:38:25;21;21
07/01/2012 13:38:26;23;21
07/01/2012 13:38:27;21;21
07/01/2012 13:38:29;21;21
07/01/2012 13:38:30;21;21
07/01/2012 13:38:32;21;21
07/01/2012 13:38:33;21;21
07/01/2012 13:38:35;23;21
07/01/2012 13:38:36;21;21
07/01/2012 13:38:37;21;21
07/01/2012 13:38:39;21;21
07/01/2012 13:38:40;21;21
07/01/2012 13:38:42;23;21
07/01/2012 13:38:43;21;21
07/01/2012 13:38:45;21;21
07/01/2012 13:38:46;21;21
07/01/2012 13:38:48;21;21
07/01/2012 13:38:49;23;21
07/01/2012 13:38:50;21;21
07/01/2012 13:38:52;21;21
07/01/2012 13:38:54;21;21
07/01/2012 13:38:55;21;21
07/01/2012 13:38:57;23;21
07/01/2012 13:38:58;21;21
07/01/2012 13:39:00;21;21
07/01/2012 13:39:01;21;21
07/01/2012 13:39:03;23;21
07/01/2012 13:39:04;21;21
07/01/2012 13:39:06;21;21
07/01/2012 13:39:07;21;21
07/01/2012 13:39:09;21;21
07/01/2012 13:39:10;23;21
07/01/2012 13:39:12;21;21
07/01/2012 13:39:13;21;21
07/01/2012 13:39:15;21;21
07/01/2012 13:39:16;23;21
07/01/2012 13:39:18;21;21
07/01/2012 13:39:20;21;21
07/01/2012 13:39:21;21;21
07/01/2012 13:39:23;21;21
07/01/2012 13:39:24;23;21
07/01/2012 13:39:26;21;21
07/01/2012 13:39:27;21;21
07/01/2012 13:39:29;21;21
07/01/2012 13:39:31;21;21
07/01/2012 13:39:33;21;21
07/01/2012 13:39:34;21;21
07/01/2012 13:39:36;21;21
07/01/2012 13:39:37;21;21
07/01/2012 13:39:39;21;21
07/01/2012 13:39:40;21;21
07/01/2012 13:39:42;21;21
07/01/2012 13:39:43;21;21
07/01/2012 13:39:44;21;21
07/01/2012 13:39:46;21;21
07/01/2012 13:39:47;21;21
07/01/2012 13:39:49;21;21
07/01/2012 13:39:50;21;21
07/01/2012 13:39:52;21;21
07/01/2012 13:39:53;21;21
07/01/2012 13:39:55;21;21
07/01/2012 13:39:56;23;21
07/01/2012 13:39:58;21;21
07/01/2012 13:39:59;21;21
07/01/2012 13:40:01;21;21
07/01/2012 13:40:02;21;21
07/01/2012 13:40:04;23;21
07/01/2012 13:40:05;21;21
07/01/2012 13:40:07;21;21
07/01/2012 13:40:08;21;21
07/01/2012 13:40:10;23;21
07/01/2012 13:40:11;21;21
07/01/2012 13:40:12;21;21
07/01/2012 13:40:14;21;21
07/01/2012 13:40:15;21;21
07/01/2012 13:40:17;21;21
07/01/2012 13:40:18;23;21
07/01/2012 13:40:20;21;21
07/01/2012 13:40:21;21;21
07/01/2012 13:40:22;21;21
07/01/2012 13:40:24;23;21
07/01/2012 13:40:25;21;21
07/01/2012 13:40:27;21;21
07/01/2012 13:40:28;21;21
07/01/2012 13:40:30;23;21
07/01/2012 13:40:31;21;21
07/01/2012 13:40:32;21;21
07/01/2012 13:40:34;21;21
07/01/2012 13:40:35;23;21
07/01/2012 13:40:37;21;21
07/01/2012 13:40:38;21;21
07/01/2012 13:40:40;21;21
07/01/2012 13:40:41;23;21
07/01/2012 13:40:43;21;21
07/01/2012 13:40:44;21;21
07/01/2012 13:40:45;21;21
07/01/2012 13:40:47;23;21
07/01/2012 13:40:48;21;21
07/01/2012 13:40:50;21;21
07/01/2012 13:40:51;21;21
07/01/2012 13:40:52;23;21
07/01/2012 13:40:54;21;21
07/01/2012 13:40:55;21;21
07/01/2012 13:40:57;21;21
07/01/2012 13:40:58;21;21
07/01/2012 13:41:00;21;21
07/01/2012 13:41:01;21;21
07/01/2012 13:41:02;21;21
07/01/2012 13:41:04;21;21
07/01/2012 13:41:05;23;21
07/01/2012 13:41:07;21;21
07/01/2012 13:41:08;21;21
07/01/2012 13:41:10;21;21
07/01/2012 13:41:11;23;21
07/01/2012 13:41:12;21;21
07/01/2012 13:41:14;21;21
07/01/2012 13:41:15;21;21
07/01/2012 13:41:17;21;21
07/01/2012 13:41:18;23;21
07/01/2012 13:41:20;21;21
07/01/2012 13:41:21;21;21
07/01/2012 13:41:22;21;21
07/01/2012 13:41:24;23;21
07/01/2012 13:41:25;21;21
07/01/2012 13:41:27;21;21
07/01/2012 13:41:28;21;21
07/01/2012 13:41:30;23;21
07/01/2012 13:41:31;21;21
07/01/2012 13:41:33;21;21
07/01/2012 13:41:34;21;21
07/01/2012 13:41:35;21;21
07/01/2012 13:41:37;21;21
07/01/2012 13:41:38;21;21
07/01/2012 13:41:40;21;21
07/01/2012 13:41:41;21;21
07/01/2012 13:41:43;21;21
07/01/2012 13:41:44;21;21
07/01/2012 13:41:45;21;21
07/01/2012 13:41:47;23;21
07/01/2012 13:41:48;21;21
07/01/2012 13:41:50;21;21
07/01/2012 13:41:51;21;21
07/01/2012 13:41:53;21;21
07/01/2012 13:41:54;21;21
07/01/2012 13:41:55;21;21
07/01/2012 13:41:57;21;21
07/01/2012 13:41:58;21;21
07/01/2012 13:42:00;21;21
07/01/2012 13:42:01;21;21
07/01/2012 13:42:03;21;21
07/01/2012 13:42:04;21;21
07/01/2012 13:42:05;23;21
07/01/2012 13:42:07;21;21
07/01/2012 13:42:08;21;21
07/01/2012 13:42:10;21;21
07/01/2012 13:42:11;23;21
07/01/2012 13:42:13;21;21
07/01/2012 13:42:14;21;21
07/01/2012 13:42:15;21;21
07/01/2012 13:42:17;23;21
07/01/2012 13:42:18;21;21
07/01/2012 13:42:20;21;21
07/01/2012 13:42:21;21;21
07/01/2012 13:42:23;21;21
07/01/2012 13:42:24;21;21
07/01/2012 13:42:25;21;21
07/01/2012 13:42:27;21;21
07/01/2012 13:42:28;21;21
07/01/2012 13:42:30;21;21
07/01/2012 13:42:31;21;21
07/01/2012 13:42:33;21;21
07/01/2012 13:42:34;21;21
07/01/2012 13:42:36;23;21
07/01/2012 13:42:37;21;21
07/01/2012 13:42:38;21;21
07/01/2012 13:42:40;21;21
07/01/2012 13:42:41;23;21
07/01/2012 13:42:43;21;21
07/01/2012 13:42:44;21;21
07/01/2012 13:42:46;21;21
07/01/2012 13:42:47;21;21
07/01/2012 13:42:49;21;21
07/01/2012 13:42:50;21;21
07/01/2012 13:42:52;21;21
07/01/2012 13:42:53;23;21
07/01/2012 13:42:55;21;21
07/01/2012 13:42:57;21;21
07/01/2012 13:42:58;21;21
07/01/2012 13:43:00;23;21
07/01/2012 13:43:01;21;21
07/01/2012 13:43:03;21;21
07/01/2012 13:43:04;21;21
07/01/2012 13:43:06;23;21
07/01/2012 13:43:07;21;21
07/01/2012 13:43:09;21;21
07/01/2012 13:43:10;21;21
07/01/2012 13:43:12;23;21
07/01/2012 13:43:14;21;21
07/01/2012 13:43:15;21;21
07/01/2012 13:43:17;21;21
07/01/2012 13:43:18;21;21
07/01/2012 13:43:20;21;21
07/01/2012 13:43:21;21;21
07/01/2012 13:43:23;21;21
07/01/2012 13:43:24;21;21
07/01/2012 13:43:26;23;21
07/01/2012 13:43:27;21;21
07/01/2012 13:43:29;21;21
07/01/2012 13:43:30;21;21
07/01/2012 13:43:32;21;21
07/01/2012 13:43:33;21;21
07/01/2012 13:43:35;21;21
07/01/2012 13:43:36;21;21
07/01/2012 13:43:38;21;21
07/01/2012 13:43:39;23;21
07/01/2012 13:43:41;21;21
07/01/2012 13:43:42;21;21
07/01/2012 13:43:43;21;21
07/01/2012 13:43:45;23;21
07/01/2012 13:43:46;21;21
07/01/2012 13:43:48;21;21
07/01/2012 13:43:49;21;21
07/01/2012 13:43:51;23;21
07/01/2012 13:43:52;21;21
07/01/2012 13:43:53;21;21
07/01/2012 13:43:55;21;21
07/01/2012 13:43:56;23;21
07/01/2012 13:43:58;21;21
07/01/2012 13:43:59;21;21
07/01/2012 13:44:01;21;21
07/01/2012 13:44:02;21;21
07/01/2012 13:44:03;21;21
07/01/2012 13:44:05;21;21
07/01/2012 13:44:06;21;21
07/01/2012 13:44:08;23;21
07/01/2012 13:44:09;21;21
07/01/2012 13:44:11;21;21
07/01/2012 13:44:12;21;21
07/01/2012 13:44:14;23;21
07/01/2012 13:44:15;21;21
07/01/2012 13:44:16;21;21
07/01/2012 13:44:18;21;21
07/01/2012 13:44:19;23;21
07/01/2012 13:44:21;21;21
07/01/2012 13:44:22;21;21
07/01/2012 13:44:24;21;21
07/01/2012 13:44:25;23;21
07/01/2012 13:44:26;21;21
07/01/2012 13:44:28;21;21
07/01/2012 13:44:29;21;21
07/01/2012 13:44:31;23;21
07/01/2012 13:44:32;21;21
07/01/2012 13:44:34;21;21
07/01/2012 13:44:35;21;21
07/01/2012 13:44:36;21;21
07/01/2012 13:44:38;23;21
07/01/2012 13:44:39;21;21
07/01/2012 13:44:41;21;21
07/01/2012 13:44:42;21;21
07/01/2012 13:44:44;21;21
07/01/2012 13:44:45;21;21
07/01/2012 13:44:47;21;21
07/01/2012 13:44:48;21;21
07/01/2012 13:44:49;21;21
07/01/2012 13:44:51;21;21
07/01/2012 13:44:52;21;21
07/01/2012 13:44:54;21;21
07/01/2012 13:44:55;23;21
07/01/2012 13:44:57;21;21
07/01/2012 13:44:58;21;21
07/01/2012 13:44:59;21;21
07/01/2012 13:45:01;23;21
07/01/2012 13:45:02;21;21
07/01/2012 13:45:04;21;21
07/01/2012 13:45:05;21;21
07/01/2012 13:45:07;23;21
07/01/2012 13:45:08;21;21
07/01/2012 13:45:09;21;21
07/01/2012 13:45:11;21;21
07/01/2012 13:45:12;21;21
07/01/2012 13:45:14;21;21
07/01/2012 13:45:15;21;21
07/01/2012 13:45:17;21;21
07/01/2012 13:45:18;21;21
07/01/2012 13:45:19;23;21
07/01/2012 13:45:21;21;21
07/01/2012 13:45:22;21;21
07/01/2012 13:45:24;21;21
07/01/2012 13:45:25;21;21
07/01/2012 13:45:27;21;21
07/01/2012 13:45:28;21;21
07/01/2012 13:45:29;21;21
07/01/2012 13:45:31;23;21
07/01/2012 13:45:32;21;21
07/01/2012 13:45:34;21;21
07/01/2012 13:45:35;21;21
07/01/2012 13:45:37;23;21
07/01/2012 13:45:38;21;21
07/01/2012 13:45:40;21;21
07/01/2012 13:45:41;21;21
07/01/2012 13:45:42;23;21
07/01/2012 13:45:44;21;21
07/01/2012 13:45:45;21;21
07/01/2012 13:45:47;23;21
07/01/2012 13:45:48;21;21
07/01/2012 13:45:50;21;21
07/01/2012 13:45:51;21;21
07/01/2012 13:45:52;23;21
07/01/2012 13:45:54;21;21
07/01/2012 13:45:55;21;21
07/01/2012 13:45:57;21;21
07/01/2012 13:45:58;23;21
07/01/2012 13:46:00;21;21
07/01/2012 13:46:01;21;21
07/01/2012 13:46:02;21;21
07/01/2012 13:46:04;21;21
07/01/2012 13:46:05;21;21
07/01/2012 13:46:07;21;21
07/01/2012 13:46:08;21;21
07/01/2012 13:46:10;23;21
07/01/2012 13:46:11;21;21
07/01/2012 13:46:12;21;21
07/01/2012 13:46:14;21;21
07/01/2012 13:46:15;23;21
07/01/2012 13:46:17;21;21
07/01/2012 13:46:18;21;21
07/01/2012 13:46:20;21;21
07/01/2012 13:46:21;21;21
07/01/2012 13:46:22;21;21
07/01/2012 13:46:24;21;21
07/01/2012 13:46:25;23;21
07/01/2012 13:46:27;21;21
07/01/2012 13:46:28;21;21
07/01/2012 13:46:30;21;21
07/01/2012 13:46:31;21;21
07/01/2012 13:46:33;21;21
07/01/2012 13:46:34;21;21
07/01/2012 13:46:35;21;21
07/01/2012 13:46:37;21;21
07/01/2012 13:46:38;21;21
07/01/2012 13:46:40;21;21
07/01/2012 13:46:41;23;21
07/01/2012 13:46:43;21;21
07/01/2012 13:46:44;21;21
07/01/2012 13:46:45;21;21
07/01/2012 13:46:47;23;21
07/01/2012 13:46:48;21;21
07/01/2012 13:46:50;21;21
07/01/2012 13:46:51;23;21
07/01/2012 13:46:53;21;21
07/01/2012 13:46:54;21;21
07/01/2012 13:46:56;21;21
07/01/2012 13:46:57;21;21
07/01/2012 13:46:59;21;21
07/01/2012 13:47:00;21;21
07/01/2012 13:47:01;21;21
07/01/2012 13:47:03;23;21
07/01/2012 13:47:04;21;21
07/01/2012 13:47:06;21;21
07/01/2012 13:47:07;21;21
07/01/2012 13:47:09;23;21
07/01/2012 13:47:10;21;21
07/01/2012 13:47:11;21;21
07/01/2012 13:47:13;21;21
07/01/2012 13:47:14;21;21
07/01/2012 13:47:16;21;21
07/01/2012 13:47:17;21;21
07/01/2012 13:47:19;21;21
07/01/2012 13:47:20;23;21
07/01/2012 13:47:22;21;21
07/01/2012 13:47:23;21;21
07/01/2012 13:47:24;21;21
07/01/2012 13:47:26;23;21
07/01/2012 13:47:27;21;21
07/01/2012 13:47:29;21;21
07/01/2012 13:47:30;21;21
07/01/2012 13:47:32;21;21
07/01/2012 13:47:33;21;21
07/01/2012 13:47:34;21;21
07/01/2012 13:47:36;23;21
07/01/2012 13:47:37;21;21
07/01/2012 13:47:39;21;21
07/01/2012 13:47:40;21;21
07/01/2012 13:47:42;23;21
07/01/2012 13:47:43;21;21
07/01/2012 13:47:45;21;21
07/01/2012 13:47:46;21;21
07/01/2012 13:47:47;23;21
07/01/2012 13:47:49;21;21
07/01/2012 13:47:50;21;21
07/01/2012 13:47:52;21;21
07/01/2012 13:47:53;21;21
07/01/2012 13:47:55;21;21
07/01/2012 13:47:56;21;21
07/01/2012 13:47:57;23;21
07/01/2012 13:47:59;21;21
07/01/2012 13:48:00;21;21
07/01/2012 13:48:02;21;21
07/01/2012 13:48:03;21;21
07/01/2012 13:48:05;21;21
07/01/2012 13:48:06;21;21
07/01/2012 13:48:07;21;21
07/01/2012 13:48:09;23;21
07/01/2012 13:48:10;21;21
07/01/2012 13:48:12;21;21
07/01/2012 13:48:13;21;21
07/01/2012 13:48:15;21;21
07/01/2012 13:48:16;21;21
07/01/2012 13:48:18;21;21
07/01/2012 13:48:19;23;21
07/01/2012 13:48:20;21;21
07/01/2012 13:48:22;21;21
07/01/2012 13:48:23;21;21
07/01/2012 13:48:25;23;21
07/01/2012 13:48:26;21;21
07/01/2012 13:48:28;21;21
07/01/2012 13:48:29;21;21
07/01/2012 13:48:31;23;21
07/01/2012 13:48:32;21;21
07/01/2012 13:48:33;21;21
07/01/2012 13:48:35;23;21
07/01/2012 13:48:36;21;21
07/01/2012 13:48:38;21;21
07/01/2012 13:48:39;21;21
07/01/2012 13:48:41;23;21
07/01/2012 13:48:42;21;21
07/01/2012 13:48:43;21;21
07/01/2012 13:48:45;23;21
07/01/2012 13:48:46;21;21
07/01/2012 13:48:48;21;21
07/01/2012 13:48:49;21;21
07/01/2012 13:48:51;23;21
07/01/2012 13:48:52;21;21
07/01/2012 13:48:53;21;21
07/01/2012 13:48:55;23;21
07/01/2012 13:48:56;21;21
07/01/2012 13:48:58;21;21
07/01/2012 13:48:59;21;21
07/01/2012 13:49:01;23;21
07/01/2012 13:49:02;21;21
07/01/2012 13:49:03;21;21
07/01/2012 13:49:05;21;21
07/01/2012 13:49:06;21;21
07/01/2012 13:49:08;21;21
07/01/2012 13:49:09;23;21
07/01/2012 13:49:11;21;21
07/01/2012 13:49:12;21;21
07/01/2012 13:49:13;21;21
07/01/2012 13:49:15;21;21
07/01/2012 13:49:16;21;21
07/01/2012 13:49:18;21;21
07/01/2012 13:49:19;23;21
07/01/2012 13:49:21;21;21
07/01/2012 13:49:22;21;21
07/01/2012 13:49:23;21;21
07/01/2012 13:49:25;21;21
07/01/2012 13:49:26;21;21
07/01/2012 13:49:28;21;21
07/01/2012 13:49:29;23;21
07/01/2012 13:49:31;21;21
07/01/2012 13:49:32;21;21
07/01/2012 13:49:33;23;21
07/01/2012 13:49:35;21;21
07/01/2012 13:49:36;21;21
07/01/2012 13:49:38;23;21
07/01/2012 13:49:39;21;21
07/01/2012 13:49:41;21;21
07/01/2012 13:49:42;21;21
07/01/2012 13:49:43;23;21
07/01/2012 13:49:45;21;21
07/01/2012 13:49:46;21;21
07/01/2012 13:49:48;23;21
07/01/2012 13:49:49;21;21
07/01/2012 13:49:51;21;21
07/01/2012 13:49:52;23;21
07/01/2012 13:49:53;21;21
07/01/2012 13:49:55;21;21
07/01/2012 13:49:56;21;21
07/01/2012 13:49:58;21;21
07/01/2012 13:49:59;21;21
07/01/2012 13:50:01;21;21
07/01/2012 13:50:02;21;21
07/01/2012 13:50:03;21;21
07/01/2012 13:50:05;21;21
07/01/2012 13:50:06;21;21
07/01/2012 13:50:08;23;21
07/01/2012 13:50:09;21;21
07/01/2012 13:50:11;21;21
07/01/2012 13:50:12;21;21
07/01/2012 13:50:13;21;21
07/01/2012 13:50:15;21;21
07/01/2012 13:50:16;21;21
07/01/2012 13:50:18;23;21
07/01/2012 13:50:19;21;21
07/01/2012 13:50:21;21;21
07/01/2012 13:50:22;21;21
07/01/2012 13:50:23;21;21
07/01/2012 13:50:25;21;21
07/01/2012 13:50:26;23;21
07/01/2012 13:50:28;21;21
07/01/2012 13:50:29;21;21
07/01/2012 13:50:31;23;21
07/01/2012 13:50:32;21;21
07/01/2012 13:50:33;21;21
07/01/2012 13:50:35;21;21
07/01/2012 13:50:36;21;21
07/01/2012 13:50:38;21;21
07/01/2012 13:50:39;23;21
07/01/2012 13:50:41;21;21
07/01/2012 13:50:42;21;21
07/01/2012 13:50:43;23;21
07/01/2012 13:50:45;21;21
07/01/2012 13:50:46;21;21
07/01/2012 13:50:48;23;21
07/01/2012 13:50:49;21;21
07/01/2012 13:50:51;21;21
07/01/2012 13:50:52;21;21
07/01/2012 13:50:53;21;21
07/01/2012 13:50:55;21;21
07/01/2012 13:50:56;23;21
07/01/2012 13:50:58;21;21
07/01/2012 13:50:59;21;21
07/01/2012 13:51:01;23;21
07/01/2012 13:51:02;21;21
07/01/2012 13:51:03;21;21
07/01/2012 13:51:05;21;21
07/01/2012 13:51:06;21;21
07/01/2012 13:51:08;21;21
07/01/2012 13:51:09;21;21
07/01/2012 13:51:11;21;21
07/01/2012 13:51:12;23;21
07/01/2012 13:51:13;21;21
07/01/2012 13:51:15;21;21
07/01/2012 13:51:16;21;21
07/01/2012 13:51:18;23;21
07/01/2012 13:51:19;21;21
07/01/2012 13:51:21;21;21
07/01/2012 13:51:22;21;21
07/01/2012 13:51:23;21;21
07/01/2012 13:51:25;21;21
07/01/2012 13:51:26;23;21
07/01/2012 13:51:28;21;21
07/01/2012 13:51:29;21;21
07/01/2012 13:51:31;23;21
07/01/2012 13:51:32;21;21
07/01/2012 13:51:33;21;21
07/01/2012 13:51:35;21;21
07/01/2012 13:51:36;21;21
07/01/2012 13:51:38;21;21
07/01/2012 13:51:39;23;21
07/01/2012 13:51:41;21;21
07/01/2012 13:51:42;21;21
07/01/2012 13:51:44;21;21
07/01/2012 13:51:45;21;21
07/01/2012 13:51:46;21;21
07/01/2012 13:51:48;21;21
07/01/2012 13:51:50;21;21
07/01/2012 13:51:51;21;21
07/01/2012 13:51:52;21;21
07/01/2012 13:51:54;23;21
07/01/2012 13:51:55;21;21
07/01/2012 13:51:57;21;21
07/01/2012 13:51:58;23;21
07/01/2012 13:52:00;21;21
07/01/2012 13:52:01;21;21
07/01/2012 13:52:02;23;21
07/01/2012 13:52:04;21;21
07/01/2012 13:52:05;21;21
07/01/2012 13:52:07;23;21
07/01/2012 13:52:08;21;21
07/01/2012 13:52:10;21;21
07/01/2012 13:52:11;23;21
07/01/2012 13:52:13;21;21
07/01/2012 13:52:14;21;21
07/01/2012 13:52:15;21;21
07/01/2012 13:52:17;21;21
07/01/2012 13:52:18;23;21
07/01/2012 13:52:20;21;21
07/01/2012 13:52:21;21;21
07/01/2012 13:52:23;23;21
07/01/2012 13:52:24;21;21
07/01/2012 13:52:26;21;21
07/01/2012 13:52:27;23;21
07/01/2012 13:52:28;21;21
07/01/2012 13:52:30;21;21
07/01/2012 13:52:31;23;21
07/01/2012 13:52:33;21;21
07/01/2012 13:52:34;21;21
07/01/2012 13:52:36;23;21
07/01/2012 13:52:37;21;21
07/01/2012 13:52:38;21;21
07/01/2012 13:52:40;23;21
07/01/2012 13:52:41;21;21
07/01/2012 13:52:43;21;21
07/01/2012 13:52:44;21;21
07/01/2012 13:52:46;21;21
07/01/2012 13:52:47;21;21
07/01/2012 13:52:49;21;21
07/01/2012 13:52:50;21;21
07/01/2012 13:52:51;21;21
07/01/2012 13:52:53;23;21
07/01/2012 13:52:54;21;21
07/01/2012 13:52:56;21;21
07/01/2012 13:52:57;23;21
07/01/2012 13:52:59;21;21
07/01/2012 13:53:00;21;21
07/01/2012 13:53:01;23;21
07/01/2012 13:53:03;21;21
07/01/2012 13:53:04;21;21
07/01/2012 13:53:06;21;21
07/01/2012 13:53:07;23;21
07/01/2012 13:53:09;21;21
07/01/2012 13:53:10;21;21
07/01/2012 13:53:12;21;21
07/01/2012 13:53:13;21;21
07/01/2012 13:53:15;21;21
07/01/2012 13:53:17;23;21
07/01/2012 13:53:18;21;21
07/01/2012 13:53:20;21;21
07/01/2012 13:53:21;21;21
07/01/2012 13:53:23;21;21
07/01/2012 13:53:24;21;21
07/01/2012 13:53:26;23;21
07/01/2012 13:53:27;21;21
07/01/2012 13:53:29;21;21
07/01/2012 13:53:30;23;21
07/01/2012 13:53:32;21;21
07/01/2012 13:53:34;21;21
07/01/2012 13:53:35;21;21
07/01/2012 13:53:37;21;21
07/01/2012 13:53:38;21;21
07/01/2012 13:53:40;21;21
07/01/2012 13:53:41;21;21
07/01/2012 13:53:43;21;21
07/01/2012 13:53:44;21;21
07/01/2012 13:53:45;23;21
07/01/2012 13:53:47;21;21
07/01/2012 13:53:49;21;21
07/01/2012 13:53:50;23;21
07/01/2012 13:53:52;21;21
07/01/2012 13:53:53;21;21
07/01/2012 13:53:55;21;21
07/01/2012 13:53:56;23;21
07/01/2012 13:53:58;21;21
07/01/2012 13:53:59;21;21
07/01/2012 13:54:01;21;21
07/01/2012 13:54:02;21;21
07/01/2012 13:54:04;21;21
07/01/2012 13:54:05;23;21
07/01/2012 13:54:07;21;21
07/01/2012 13:54:08;21;21
07/01/2012 13:54:10;23;21
07/01/2012 13:54:12;21;21
07/01/2012 13:54:13;21;21
07/01/2012 13:54:15;21;21
07/01/2012 13:54:16;21;21
07/01/2012 13:54:18;21;21
07/01/2012 13:54:20;21;21
07/01/2012 13:54:21;23;21
07/01/2012 13:54:23;21;21
07/01/2012 13:54:25;21;21
07/01/2012 13:54:26;23;21
07/01/2012 13:54:28;21;21
07/01/2012 13:54:29;21;21
07/01/2012 13:54:31;23;21
07/01/2012 13:54:33;21;21
07/01/2012 13:54:34;21;21
07/01/2012 13:54:35;21;21
07/01/2012 13:54:37;21;21
07/01/2012 13:54:38;21;21
07/01/2012 13:54:40;23;21
07/01/2012 13:54:41;21;21
07/01/2012 13:54:43;21;21
07/01/2012 13:54:44;23;21
07/01/2012 13:54:46;21;21
07/01/2012 13:54:47;21;21
07/01/2012 13:54:49;21;21
07/01/2012 13:54:50;21;21
07/01/2012 13:54:52;21;21
07/01/2012 13:54:54;21;21
07/01/2012 13:54:55;21;21
07/01/2012 13:54:57;21;21
07/01/2012 13:54:58;23;21
07/01/2012 13:55:00;21;21
07/01/2012 13:55:01;21;21
07/01/2012 13:55:03;21;21
07/01/2012 13:55:04;23;21
07/01/2012 13:55:06;21;21
07/01/2012 13:55:07;21;21
07/01/2012 13:55:09;23;21
07/01/2012 13:55:10;21;21
07/01/2012 13:55:12;21;21
07/01/2012 13:55:13;21;21
07/01/2012 13:55:15;23;21
07/01/2012 13:55:16;21;21
07/01/2012 13:55:18;21;21
07/01/2012 13:55:19;21;21
07/01/2012 13:55:21;21;21
07/01/2012 13:55:23;21;21
07/01/2012 13:55:24;23;21
07/01/2012 13:55:26;21;21
07/01/2012 13:55:27;21;21
07/01/2012 13:55:29;23;21
07/01/2012 13:55:30;21;21
07/01/2012 13:55:32;21;21
07/01/2012 13:55:33;21;21
07/01/2012 13:55:35;21;21
07/01/2012 13:55:36;21;21
07/01/2012 13:55:38;23;21
07/01/2012 13:55:40;21;21
07/01/2012 13:55:41;21;21
07/01/2012 13:55:42;21;21
07/01/2012 13:55:44;21;21
07/01/2012 13:55:45;21;21
07/01/2012 13:55:47;23;21
07/01/2012 13:55:48;21;21
07/01/2012 13:55:50;21;21
07/01/2012 13:55:51;23;21
07/01/2012 13:55:52;21;21
07/01/2012 13:55:54;21;21
07/01/2012 13:55:55;23;21
07/01/2012 13:55:57;2;17
07/01/2012 13:55:58;2;15
07/01/2012 13:56:00;2;13
07/01/2012 13:56:01;2;9
07/01/2012 13:56:02;21;9
07/01/2012 13:56:04;41;13
07/01/2012 13:56:05;41;17
07/01/2012 13:56:07;43;28
07/01/2012 13:56:08;41;32
07/01/2012 13:56:10;43;38
07/01/2012 13:56:11;43;41
07/01/2012 13:56:12;41;41
07/01/2012 13:56:14;43;41
07/01/2012 13:56:15;41;41
07/01/2012 13:56:17;26;38
07/01/2012 13:56:18;0;34
07/01/2012 13:56:20;0;28
07/01/2012 13:56:21;0;19
07/01/2012 13:56:22;2;13
07/01/2012 13:56:24;2;2
07/01/2012 16:06:44;2;2
07/01/2012 16:06:46;2;2
07/01/2012 16:06:47;19;4
07/01/2012 16:06:48;21;9
07/01/2012 16:06:50;21;11
07/01/2012 16:06:51;21;15
07/01/2012 16:06:53;21;17
07/01/2012 16:06:54;21;21
07/01/2012 16:06:56;23;21
07/01/2012 16:06:57;21;21
07/01/2012 16:06:59;21;21
07/01/2012 16:07:00;21;21
07/01/2012 16:07:01;21;21
07/01/2012 16:07:03;21;21
07/01/2012 16:07:04;21;21
07/01/2012 16:07:06;21;21
07/01/2012 16:07:07;21;21
07/01/2012 16:07:09;21;21
07/01/2012 16:07:10;21;21
07/01/2012 16:07:11;21;21
07/01/2012 16:07:13;21;21
07/01/2012 16:07:14;21;21
07/01/2012 16:07:16;21;21
07/01/2012 16:07:17;21;21
07/01/2012 16:07:19;21;21
07/01/2012 16:07:20;21;21
07/01/2012 16:07:21;21;21
07/01/2012 16:07:23;21;21
07/01/2012 16:07:24;21;21
07/01/2012 16:07:26;21;21
07/01/2012 16:07:27;21;21
07/01/2012 16:07:29;21;21
07/01/2012 16:07:30;21;21
07/01/2012 16:07:31;21;21
07/01/2012 16:07:33;21;21
07/01/2012 16:07:34;21;21
07/01/2012 16:07:36;21;21
07/01/2012 16:07:37;21;21
07/01/2012 16:07:39;21;21
07/01/2012 16:07:40;21;21
07/01/2012 16:07:41;21;21
07/01/2012 16:07:43;23;21
07/01/2012 16:07:44;21;21
07/01/2012 16:07:46;21;21
07/01/2012 16:07:47;21;21
07/01/2012 16:07:49;21;21
07/01/2012 16:07:50;21;21
07/01/2012 16:07:52;21;21
07/01/2012 16:07:53;21;21
07/01/2012 16:07:55;21;21
07/01/2012 16:07:56;21;21
07/01/2012 16:07:57;21;21
07/01/2012 16:07:59;21;21
07/01/2012 16:08:00;21;21
07/01/2012 16:08:02;15;19
07/01/2012 16:08:03;0;17
07/01/2012 16:08:05;2;13
07/01/2012 16:08:06;0;9
07/01/2012 16:08:07;0;6
07/01/2012 16:08:09;0;2
07/01/2012 19:01:30;4;2
07/01/2012 19:01:32;13;2
07/01/2012 19:01:33;21;6
07/01/2012 19:01:35;21;9
07/01/2012 19:01:36;21;13
07/01/2012 19:01:38;21;15
07/01/2012 19:01:39;21;19
07/01/2012 19:01:40;19;19
07/01/2012 19:01:42;21;19
07/01/2012 19:01:43;21;19
07/01/2012 19:01:45;21;19
07/01/2012 19:01:46;21;19
07/01/2012 19:01:48;21;19
07/01/2012 19:01:49;21;21
07/01/2012 19:01:50;19;19
07/01/2012 19:01:52;21;19
07/01/2012 19:01:53;21;19
07/01/2012 19:01:55;21;19
07/01/2012 19:01:56;21;19
07/01/2012 19:01:58;21;19
07/01/2012 19:01:59;21;21
07/01/2012 19:02:00;21;21
07/01/2012 19:02:02;21;21
07/01/2012 19:02:03;21;21
07/01/2012 19:02:05;21;19
07/01/2012 19:02:06;21;19
07/01/2012 19:02:08;21;19
07/01/2012 19:02:09;21;19
07/01/2012 19:02:10;21;19
07/01/2012 19:02:12;21;21
07/01/2012 19:02:13;21;21
07/01/2012 19:02:15;21;21
07/01/2012 19:02:16;21;21
07/01/2012 19:02:18;21;21
07/01/2012 19:02:19;21;21
07/01/2012 19:02:20;21;21
07/01/2012 19:02:22;21;21
07/01/2012 19:02:23;21;21
07/01/2012 19:02:25;19;19
07/01/2012 19:02:26;21;19
07/01/2012 19:02:28;21;19
07/01/2012 19:02:29;21;19
07/01/2012 19:02:31;21;19
07/01/2012 19:02:32;21;21
07/01/2012 19:02:34;21;21
07/01/2012 19:02:35;21;21
07/01/2012 19:02:36;21;21
07/01/2012 19:02:38;21;21
07/01/2012 19:02:39;21;21
07/01/2012 19:02:41;21;21
07/01/2012 19:02:42;21;21
07/01/2012 19:02:44;21;21
07/01/2012 19:02:45;21;21
07/01/2012 19:02:46;21;21
07/01/2012 19:02:48;21;21
07/01/2012 19:02:49;21;21
07/01/2012 19:02:51;21;21
07/01/2012 19:02:52;21;21
07/01/2012 19:02:54;21;21
07/01/2012 19:02:55;21;21
07/01/2012 19:02:56;21;21
07/01/2012 19:02:58;21;21
07/01/2012 19:02:59;21;21
07/01/2012 19:03:01;21;21
07/01/2012 19:03:02;21;21
07/01/2012 19:03:04;21;21
07/01/2012 19:03:05;21;21
07/01/2012 19:03:06;21;19
07/01/2012 19:03:08;21;19
07/01/2012 19:03:09;21;19
07/01/2012 19:03:11;21;19
07/01/2012 19:03:12;21;19
07/01/2012 19:03:14;21;21
07/01/2012 19:03:15;21;21
07/01/2012 19:03:16;21;21
07/01/2012 19:03:18;21;21
07/01/2012 19:03:19;21;21
07/01/2012 19:03:21;21;21
07/01/2012 19:03:22;21;21
07/01/2012 19:03:24;21;21
07/01/2012 19:03:25;21;21
07/01/2012 19:03:27;21;21
07/01/2012 19:03:28;21;21
07/01/2012 19:03:30;21;21
07/01/2012 19:03:31;21;21
07/01/2012 19:03:32;21;21
07/01/2012 19:03:34;21;21
07/01/2012 19:03:35;21;21
07/01/2012 19:03:37;21;21
07/01/2012 19:03:38;21;21
07/01/2012 19:03:40;21;21
07/01/2012 19:03:41;21;21
07/01/2012 19:03:42;21;21
07/01/2012 19:03:44;21;21
07/01/2012 19:03:45;21;21
07/01/2012 19:03:47;21;21
07/01/2012 19:03:48;21;21
07/01/2012 19:03:50;21;21
07/01/2012 19:03:51;21;21
07/01/2012 19:03:52;21;21
07/01/2012 19:03:54;21;21
07/01/2012 19:03:55;21;21
07/01/2012 19:03:57;21;21
07/01/2012 19:03:58;21;21
07/01/2012 19:04:00;21;21
07/01/2012 19:04:01;21;21
07/01/2012 19:04:02;21;21
07/01/2012 19:04:04;21;21
07/01/2012 19:04:05;21;21
07/01/2012 19:04:07;21;21
07/01/2012 19:04:08;21;21
07/01/2012 19:04:09;21;21
07/01/2012 19:04:11;21;21
07/01/2012 19:04:12;21;21
07/01/2012 19:04:14;21;21
07/01/2012 19:04:15;21;21
07/01/2012 19:04:17;21;21
07/01/2012 19:04:18;21;21
07/01/2012 19:04:19;21;21
07/01/2012 19:04:21;21;21
07/01/2012 19:04:22;21;21
07/01/2012 19:04:24;21;21
07/01/2012 19:04:25;21;21
07/01/2012 19:04:27;21;21
07/01/2012 19:04:28;21;21
07/01/2012 19:04:30;21;21
07/01/2012 19:04:31;21;21
07/01/2012 19:04:32;21;21
07/01/2012 19:04:34;21;21
07/01/2012 19:04:35;21;21
07/01/2012 19:04:37;21;21
07/01/2012 19:04:38;21;21
07/01/2012 19:04:40;21;21
07/01/2012 19:04:41;21;21
07/01/2012 19:04:42;21;21
07/01/2012 19:04:44;21;21
07/01/2012 19:04:45;21;21
07/01/2012 19:04:47;21;21
07/01/2012 19:04:48;21;21
07/01/2012 19:04:50;21;21
07/01/2012 19:04:51;21;21
07/01/2012 19:04:52;21;21
07/01/2012 19:04:54;21;21
07/01/2012 19:04:55;21;21
07/01/2012 19:04:56;21;21
07/01/2012 19:04:57;21;21
07/01/2012 19:04:58;21;21
07/01/2012 19:04:59;21;21
07/01/2012 19:05:01;21;21
07/01/2012 19:05:02;21;21
07/01/2012 19:05:04;21;21
07/01/2012 19:05:05;21;21
07/01/2012 19:05:06;21;21
07/01/2012 19:05:08;21;21
07/01/2012 19:05:09;21;21
07/01/2012 19:05:11;23;21
07/01/2012 19:05:12;21;21
07/01/2012 19:05:13;21;21
07/01/2012 19:05:15;23;21
07/01/2012 19:05:16;21;21
07/01/2012 19:05:18;23;21
07/01/2012 19:05:19;21;21
07/01/2012 19:05:21;21;21
07/01/2012 19:05:22;23;21
07/01/2012 19:05:24;21;21
07/01/2012 19:05:25;23;21
07/01/2012 19:05:26;21;21
07/01/2012 19:05:28;21;21
07/01/2012 19:05:29;23;21
07/01/2012 19:05:31;21;21
07/01/2012 19:05:32;21;21
07/01/2012 19:05:34;21;21
07/01/2012 19:05:35;21;21
07/01/2012 19:05:37;21;21
07/01/2012 19:05:38;19;19
07/01/2012 19:05:39;21;19
07/01/2012 19:05:41;21;19
07/01/2012 19:05:42;21;19
07/01/2012 19:05:44;21;19
07/01/2012 19:05:45;19;19
07/01/2012 19:05:46;21;19
07/01/2012 19:05:48;21;19
07/01/2012 19:05:49;21;19
07/01/2012 19:05:51;21;19
07/01/2012 19:05:52;21;19
07/01/2012 19:05:54;21;21
07/01/2012 19:05:55;21;21
07/01/2012 19:05:56;21;21
07/01/2012 19:05:58;21;21
07/01/2012 19:05:59;21;21
07/01/2012 19:06:01;21;21
07/01/2012 19:06:02;19;19
07/01/2012 19:06:04;21;19
07/01/2012 19:06:05;21;19
07/01/2012 19:06:06;21;19
07/01/2012 19:06:08;21;19
07/01/2012 19:06:09;21;19
07/01/2012 19:06:11;21;21
07/01/2012 19:06:12;21;21
07/01/2012 19:06:14;21;21
07/01/2012 19:06:15;21;21
07/01/2012 19:06:17;21;21
07/01/2012 19:06:18;19;19
07/01/2012 19:06:19;21;19
07/01/2012 19:06:21;21;19
07/01/2012 19:06:22;21;19
07/01/2012 19:06:24;21;19
07/01/2012 19:06:25;19;19
07/01/2012 19:06:27;21;19
07/01/2012 19:06:28;21;19
07/01/2012 19:06:30;21;19
07/01/2012 19:06:31;21;19
07/01/2012 19:06:32;21;19
07/01/2012 19:06:34;21;19
07/01/2012 19:06:35;19;19
07/01/2012 19:06:37;21;19
07/01/2012 19:06:38;21;19
07/01/2012 19:06:39;21;19
07/01/2012 19:06:41;21;19
07/01/2012 19:06:42;21;19
07/01/2012 19:06:44;21;19
07/01/2012 19:06:45;19;19
07/01/2012 19:06:47;21;19
07/01/2012 19:06:48;21;19
07/01/2012 19:06:50;21;19
07/01/2012 19:06:51;19;19
07/01/2012 19:06:52;21;19
07/01/2012 19:06:54;21;19
07/01/2012 19:06:55;21;19
07/01/2012 19:06:57;19;19
07/01/2012 19:06:58;21;19
07/01/2012 19:07:00;21;19
07/01/2012 19:07:01;21;19
07/01/2012 19:07:02;19;19
07/01/2012 19:07:04;21;19
07/01/2012 19:07:05;21;19
07/01/2012 19:07:07;21;19
07/01/2012 19:07:08;19;19
07/01/2012 19:07:11;21;19
07/01/2012 19:07:12;21;19
07/01/2012 19:07:14;19;19
07/01/2012 19:07:15;21;19
07/01/2012 19:07:17;21;19
07/01/2012 19:07:18;21;19
07/01/2012 19:07:20;21;19
07/01/2012 19:07:21;21;19
07/01/2012 19:07:23;21;19
07/01/2012 19:07:24;21;19
07/01/2012 19:07:26;21;19
07/01/2012 19:07:27;19;19
07/01/2012 19:07:28;21;19
07/01/2012 19:07:30;21;19
07/01/2012 19:07:31;21;19
07/01/2012 19:07:33;19;19
07/01/2012 19:07:34;21;19
07/01/2012 19:07:36;21;19
07/01/2012 19:07:37;21;19
07/01/2012 19:07:38;19;19
07/01/2012 19:07:40;21;19
07/01/2012 19:07:41;21;19
07/01/2012 19:07:43;21;19
07/01/2012 19:07:44;19;19
07/01/2012 19:07:46;21;19
07/01/2012 19:07:47;21;19
07/01/2012 19:07:48;21;19
07/01/2012 19:07:50;21;19
07/01/2012 19:07:51;21;19
07/01/2012 19:07:53;21;19
07/01/2012 19:07:54;21;19
07/01/2012 19:07:56;19;19
07/01/2012 19:07:57;21;19
07/01/2012 19:07:58;21;19
07/01/2012 19:08:00;21;19
07/01/2012 19:08:01;21;19
07/01/2012 19:08:03;19;19
07/01/2012 19:08:04;21;19
07/01/2012 19:08:05;21;19
07/01/2012 19:08:07;21;19
07/01/2012 19:08:08;19;19
07/01/2012 19:08:10;21;19
07/01/2012 19:08:12;21;19
07/01/2012 19:08:13;21;19
07/01/2012 19:08:15;21;19
07/01/2012 19:08:16;21;19
07/01/2012 19:08:18;21;19
07/01/2012 19:08:19;19;19
07/01/2012 19:08:20;21;19
07/01/2012 19:08:22;21;19
07/01/2012 19:08:23;19;19
07/01/2012 19:08:25;21;19
07/01/2012 19:08:26;21;19
07/01/2012 19:08:28;21;19
07/01/2012 19:08:29;19;19
07/01/2012 19:08:30;21;19
07/01/2012 19:08:32;21;19
07/01/2012 19:08:33;21;19
07/01/2012 19:08:34;19;19
07/01/2012 19:08:36;21;19
07/01/2012 19:08:38;21;19
07/01/2012 19:08:39;21;19
07/01/2012 19:08:40;21;19
07/01/2012 19:08:42;19;19
07/01/2012 19:08:43;21;19
07/01/2012 19:08:45;21;19
07/01/2012 19:08:46;21;19
07/01/2012 19:08:47;21;19
07/01/2012 19:08:49;21;19
07/01/2012 19:08:50;21;19
07/01/2012 19:08:52;21;19
07/01/2012 19:08:53;21;19
07/01/2012 19:08:55;21;21
07/01/2012 19:08:56;21;21
07/01/2012 19:08:58;21;21
07/01/2012 19:09:00;21;21
07/01/2012 19:09:01;21;21
07/01/2012 19:09:02;21;21
07/01/2012 19:09:05;21;21
07/01/2012 19:09:07;21;21
07/01/2012 19:09:09;21;21
07/01/2012 19:09:10;21;21
07/01/2012 19:09:12;21;21
07/01/2012 19:09:13;21;21
07/01/2012 19:09:14;23;21
07/01/2012 19:09:18;21;21
07/01/2012 19:09:20;21;21
07/01/2012 19:09:23;21;21
07/01/2012 19:09:25;21;21
07/01/2012 19:09:27;21;21
07/01/2012 19:09:29;21;21
07/01/2012 19:09:31;21;21
07/01/2012 19:09:33;21;21
07/01/2012 19:09:35;21;21
07/01/2012 19:09:36;21;21
07/01/2012 19:09:37;21;21
07/01/2012 19:09:39;21;21
07/01/2012 19:09:40;21;21
07/01/2012 19:09:42;21;21
07/01/2012 19:09:43;21;21
07/01/2012 19:09:45;21;21
07/01/2012 19:09:46;21;21
07/01/2012 19:09:47;21;21
07/01/2012 19:09:49;21;21
07/01/2012 19:09:50;21;21
07/01/2012 19:09:52;21;21
07/01/2012 19:09:53;21;21
07/01/2012 19:09:55;21;21
07/01/2012 19:09:56;21;21
07/01/2012 19:09:57;21;21
07/01/2012 19:09:59;21;21
07/01/2012 19:10:00;21;21
07/01/2012 19:10:02;21;21
07/01/2012 19:10:03;21;21
07/01/2012 19:10:04;21;21
07/01/2012 19:10:06;21;21
07/01/2012 19:10:07;21;21
07/01/2012 19:10:09;21;21
07/01/2012 19:10:10;21;21
07/01/2012 19:10:12;21;21
07/01/2012 19:10:13;21;21
07/01/2012 19:10:14;21;21
07/01/2012 19:10:16;21;21
07/01/2012 19:10:17;21;21
07/01/2012 19:10:19;21;21
07/01/2012 19:10:20;21;21
07/01/2012 19:10:22;21;21
07/01/2012 19:10:23;21;21
07/01/2012 19:10:25;21;21
07/01/2012 19:10:26;21;21
07/01/2012 19:10:27;21;21
07/01/2012 19:10:29;21;21
07/01/2012 19:10:30;21;21
07/01/2012 19:10:32;21;21
07/01/2012 19:10:33;21;21
07/01/2012 19:10:35;21;21
07/01/2012 19:10:36;21;21
07/01/2012 19:10:37;21;21
07/01/2012 19:10:39;21;21
07/01/2012 19:10:40;21;21
07/01/2012 19:10:42;19;19
07/01/2012 19:10:43;21;19
07/01/2012 19:10:45;21;19
07/01/2012 19:10:46;21;19
07/01/2012 19:10:48;21;19
07/01/2012 19:10:49;21;19
07/01/2012 19:10:51;21;21
07/01/2012 19:10:52;21;21
07/01/2012 19:10:54;21;21
07/01/2012 19:10:55;21;21
07/01/2012 19:10:57;23;21
07/01/2012 19:10:58;21;21
07/01/2012 19:11:00;21;21
07/01/2012 19:11:01;21;21
07/01/2012 19:11:03;21;21
07/01/2012 19:11:04;21;21
07/01/2012 19:11:06;21;21
07/01/2012 19:11:07;21;21
07/01/2012 19:11:09;21;21
07/01/2012 19:11:11;21;21
07/01/2012 19:11:12;21;21
07/01/2012 19:11:14;21;21
07/01/2012 19:11:15;21;21
07/01/2012 19:11:16;21;21
07/01/2012 19:11:18;21;21
07/01/2012 19:11:19;21;21
07/01/2012 19:11:21;21;21
07/01/2012 19:11:22;21;21
07/01/2012 19:11:23;21;21
07/01/2012 19:11:25;21;21
07/01/2012 19:11:26;21;21
07/01/2012 19:11:28;21;21
07/01/2012 19:11:29;21;21
07/01/2012 19:11:31;19;19
07/01/2012 19:11:32;21;19
07/01/2012 19:11:33;21;19
07/01/2012 19:11:35;21;19
07/01/2012 19:11:36;19;19
07/01/2012 19:11:38;21;19
07/01/2012 19:11:39;21;19
07/01/2012 19:11:41;21;19
07/01/2012 19:11:42;19;19
07/01/2012 19:11:44;21;19
07/01/2012 19:11:45;21;19
07/01/2012 19:11:46;21;19
07/01/2012 19:11:48;21;19
07/01/2012 19:11:49;21;19
07/01/2012 19:11:51;21;19
07/01/2012 19:11:52;21;19
07/01/2012 19:11:54;21;19
07/01/2012 19:11:55;21;19
07/01/2012 19:11:56;19;19
07/01/2012 19:11:58;21;19
07/01/2012 19:11:59;21;19
07/01/2012 19:12:01;21;19
07/01/2012 19:12:02;19;19
07/01/2012 19:12:04;21;19
07/01/2012 19:12:05;21;19
07/01/2012 19:12:07;21;19
07/01/2012 19:12:13;21;19
07/01/2012 19:12:18;21;19
07/01/2012 19:12:20;19;19
07/01/2012 19:12:21;21;19
07/01/2012 19:12:22;21;19
07/01/2012 19:12:24;21;19
07/01/2012 19:12:27;21;19
07/01/2012 19:12:28;21;19
07/01/2012 19:12:30;21;19
07/01/2012 19:12:31;19;19
07/01/2012 19:12:33;21;19
07/01/2012 19:12:34;21;19
07/01/2012 19:12:36;21;19
07/01/2012 19:12:37;21;19
07/01/2012 19:12:39;21;19
07/01/2012 19:12:40;21;19
07/01/2012 19:12:42;21;19
07/01/2012 19:12:43;21;19
07/01/2012 19:12:44;21;19
07/01/2012 19:12:46;21;19
07/01/2012 19:12:47;21;19
07/01/2012 19:12:49;19;19
07/01/2012 19:12:50;21;19
07/01/2012 19:12:52;21;19
07/01/2012 19:12:53;21;19
07/01/2012 19:12:55;21;19
07/01/2012 19:12:56;19;19
07/01/2012 19:12:57;21;19
07/01/2012 19:12:59;21;19
07/01/2012 19:13:00;21;19
07/01/2012 19:13:02;21;19
07/01/2012 19:13:03;21;19
07/01/2012 19:13:04;21;21
07/01/2012 19:13:06;21;21
07/01/2012 19:13:07;23;21
07/01/2012 19:13:09;21;21
07/01/2012 19:13:10;19;21
07/01/2012 19:13:12;21;21
07/01/2012 19:13:13;21;21
07/01/2012 19:13:15;21;19
07/01/2012 19:13:16;19;19
07/01/2012 19:13:17;21;19
07/01/2012 19:13:19;21;19
07/01/2012 19:13:20;21;19
07/01/2012 19:13:22;19;19
07/01/2012 19:13:23;21;19
07/01/2012 19:13:24;21;19
07/01/2012 19:13:26;21;19
07/01/2012 19:13:27;21;19
07/01/2012 19:13:29;21;19
07/01/2012 19:13:30;21;21
07/01/2012 19:13:31;21;19
07/01/2012 19:13:33;21;19
07/01/2012 19:13:34;21;19
07/01/2012 19:13:36;21;19
07/01/2012 19:13:37;21;19
07/01/2012 19:13:39;21;21
07/01/2012 19:13:40;19;19
07/01/2012 19:13:42;21;19
07/01/2012 19:13:43;21;19
07/01/2012 19:13:45;21;19
07/01/2012 19:13:46;19;19
07/01/2012 19:13:47;21;19
07/01/2012 19:13:49;21;19
07/01/2012 19:13:50;21;19
07/01/2012 19:13:52;21;19
07/01/2012 19:13:53;19;19
07/01/2012 19:13:55;21;19
07/01/2012 19:13:56;21;19
07/01/2012 19:13:58;21;19
07/01/2012 19:13:59;19;19
07/01/2012 19:14:00;21;19
07/01/2012 19:14:02;21;19
07/01/2012 19:14:03;21;19
07/01/2012 19:14:05;21;19
07/01/2012 19:14:06;21;19
07/01/2012 19:14:08;21;19
07/01/2012 19:14:09;21;19
07/01/2012 19:14:10;21;19
07/01/2012 19:14:12;21;19
07/01/2012 19:14:13;21;19
07/01/2012 19:14:15;21;19
07/01/2012 19:14:16;21;19
07/01/2012 19:14:18;19;19
07/01/2012 19:14:19;21;19
07/01/2012 19:14:20;21;19
07/01/2012 19:14:22;21;19
07/01/2012 19:14:23;19;19
07/01/2012 19:14:25;21;19
07/01/2012 19:14:26;21;19
07/01/2012 19:14:28;21;19
07/01/2012 19:14:29;19;19
07/01/2012 19:14:30;21;19
07/01/2012 19:14:32;21;19
07/01/2012 19:14:33;21;19
07/01/2012 19:14:35;21;19
07/01/2012 19:14:36;21;19
07/01/2012 19:14:38;21;19
07/01/2012 19:14:39;21;19
07/01/2012 19:14:40;21;19
07/01/2012 19:14:42;21;19
07/01/2012 19:14:43;21;19
07/01/2012 19:14:45;21;19
07/01/2012 19:14:46;21;19
07/01/2012 19:14:48;21;19
07/01/2012 19:14:49;19;19
07/01/2012 19:14:50;21;19
07/01/2012 19:14:52;21;19
07/01/2012 19:14:53;21;19
07/01/2012 19:14:55;21;19
07/01/2012 19:14:56;21;19
07/01/2012 19:14:58;19;19
07/01/2012 19:14:59;21;19
07/01/2012 19:15:00;21;19
07/01/2012 19:15:02;23;21
07/01/2012 19:15:03;23;21
07/01/2012 19:15:05;21;21
07/01/2012 19:15:06;23;21
07/01/2012 19:15:08;21;21
07/01/2012 19:15:09;19;21
07/01/2012 19:15:10;21;21
07/01/2012 19:15:12;21;21
07/01/2012 19:15:13;21;21
07/01/2012 19:15:15;19;19
07/01/2012 19:15:16;21;19
07/01/2012 19:15:18;21;19
07/01/2012 19:15:19;19;19
07/01/2012 19:15:20;21;19
07/01/2012 19:15:22;21;19
07/01/2012 19:15:23;19;19
07/01/2012 19:15:25;21;19
07/01/2012 19:15:26;21;19
07/01/2012 19:15:28;21;19
07/01/2012 19:15:29;19;19
07/01/2012 19:15:30;21;19
07/01/2012 19:15:32;21;19
07/01/2012 19:15:33;21;19
07/01/2012 19:15:35;19;19
07/01/2012 19:15:36;21;19
07/01/2012 19:15:37;21;19
07/01/2012 19:15:39;21;19
07/01/2012 19:15:40;19;19
07/01/2012 19:15:42;21;19
07/01/2012 19:15:43;21;19
07/01/2012 19:15:45;21;19
07/01/2012 19:15:46;19;19
07/01/2012 19:15:48;21;19
07/01/2012 19:15:49;21;19
07/01/2012 19:15:50;21;19
07/01/2012 19:15:52;21;19
07/01/2012 19:15:53;19;19
07/01/2012 19:15:55;21;19
07/01/2012 19:15:56;21;19
07/01/2012 19:15:58;21;19
07/01/2012 19:15:59;21;19
07/01/2012 19:16:00;21;19
07/01/2012 19:16:02;21;19
07/01/2012 19:16:03;21;19
07/01/2012 19:16:05;21;19
07/01/2012 19:16:06;21;19
07/01/2012 19:16:08;21;19
07/01/2012 19:16:09;21;19
07/01/2012 19:16:10;21;19
07/01/2012 19:16:12;19;19
07/01/2012 19:16:13;21;19
07/01/2012 19:16:15;21;19
07/01/2012 19:16:16;21;19
07/01/2012 19:16:18;19;19
07/01/2012 19:16:19;21;19
07/01/2012 19:16:20;21;19
07/01/2012 19:16:22;21;19
07/01/2012 19:16:23;19;19
07/01/2012 19:16:25;21;19
07/01/2012 19:16:26;21;19
07/01/2012 19:16:28;21;19
07/01/2012 19:16:29;21;19
07/01/2012 19:16:30;21;19
07/01/2012 19:16:32;21;19
07/01/2012 19:16:33;21;19
07/01/2012 19:16:35;21;19
07/01/2012 19:16:36;21;19
07/01/2012 19:16:37;21;19
07/01/2012 19:16:39;21;19
07/01/2012 19:16:40;21;19
07/01/2012 19:16:42;21;19
07/01/2012 19:16:43;21;19
07/01/2012 19:16:45;21;19
07/01/2012 19:16:46;21;19
07/01/2012 19:16:47;21;19
07/01/2012 19:16:49;19;19
07/01/2012 19:16:50;21;19
07/01/2012 19:16:52;21;19
07/01/2012 19:16:53;21;19
07/01/2012 19:16:55;21;19
07/01/2012 19:16:56;19;19
07/01/2012 19:16:58;21;19
07/01/2012 19:16:59;21;19
07/01/2012 19:17:00;21;19
07/01/2012 19:17:02;21;19
07/01/2012 19:17:03;19;19
07/01/2012 19:17:05;21;19
07/01/2012 19:17:06;21;19
07/01/2012 19:17:08;21;19
07/01/2012 19:17:09;21;19
07/01/2012 19:17:11;21;19
07/01/2012 19:17:12;21;19
07/01/2012 19:17:13;21;19
07/01/2012 19:17:15;21;19
07/01/2012 19:17:16;21;19
07/01/2012 19:17:18;21;19
07/01/2012 19:17:19;21;19
07/01/2012 19:17:21;21;19
07/01/2012 19:17:22;19;19
07/01/2012 19:17:23;21;19
07/01/2012 19:17:25;21;19
07/01/2012 19:17:26;21;19
07/01/2012 19:17:28;21;19
07/01/2012 19:17:29;19;19
07/01/2012 19:17:31;21;19
07/01/2012 19:17:32;21;19
07/01/2012 19:17:33;21;19
07/01/2012 19:17:35;19;19
07/01/2012 19:17:36;21;19
07/01/2012 19:17:37;21;19
07/01/2012 19:17:39;21;19
07/01/2012 19:17:41;19;19
07/01/2012 19:17:42;21;19
07/01/2012 19:17:43;21;19
07/01/2012 19:17:45;21;19
07/01/2012 19:17:46;21;19
07/01/2012 19:17:48;19;19
07/01/2012 19:17:49;21;19
07/01/2012 19:17:51;21;19
07/01/2012 19:17:52;21;19
07/01/2012 19:17:54;19;19
07/01/2012 19:17:55;21;19
07/01/2012 19:17:57;21;19
07/01/2012 19:17:58;21;19
07/01/2012 19:17:59;21;19
07/01/2012 19:18:01;19;19
07/01/2012 19:18:02;21;19
07/01/2012 19:18:04;21;19
07/01/2012 19:18:05;21;19
07/01/2012 19:18:07;21;19
07/01/2012 19:18:08;19;19
07/01/2012 19:18:10;21;19
07/01/2012 19:18:11;21;19
07/01/2012 19:18:12;21;19
07/01/2012 19:18:14;19;19
07/01/2012 19:18:15;21;19
07/01/2012 19:18:17;21;19
07/01/2012 19:18:18;21;19
07/01/2012 19:18:20;21;19
07/01/2012 19:18:21;21;19
07/01/2012 19:18:22;21;19
07/01/2012 19:18:24;21;19
07/01/2012 19:18:25;21;19
07/01/2012 19:18:27;21;19
07/01/2012 19:18:28;21;19
07/01/2012 19:18:30;21;19
07/01/2012 19:18:31;21;19
07/01/2012 19:18:33;21;19
07/01/2012 19:18:34;19;19
07/01/2012 19:18:35;21;19
07/01/2012 19:18:37;21;19
07/01/2012 19:18:38;21;19
07/01/2012 19:18:40;21;19
07/01/2012 19:18:41;21;19
07/01/2012 19:18:43;21;19
07/01/2012 19:18:44;21;19
07/01/2012 19:18:45;21;19
07/01/2012 19:18:47;21;19
07/01/2012 19:18:48;21;19
07/01/2012 19:18:50;21;19
07/01/2012 19:18:51;21;19
07/01/2012 19:18:53;21;19
07/01/2012 19:18:54;21;19
07/01/2012 19:18:56;19;19
07/01/2012 19:18:57;21;19
07/01/2012 19:18:58;21;19
07/01/2012 19:19:00;21;19
07/01/2012 19:19:01;21;19
07/01/2012 19:19:03;21;19
07/01/2012 19:19:04;21;19
07/01/2012 19:19:06;21;19
07/01/2012 19:19:07;21;19
07/01/2012 19:19:08;21;19
07/01/2012 19:19:10;21;19
07/01/2012 19:19:11;19;19
07/01/2012 19:19:13;21;19
07/01/2012 19:19:14;21;19
07/01/2012 19:19:16;21;19
07/01/2012 19:19:17;21;19
07/01/2012 19:19:19;21;19
07/01/2012 19:19:20;21;21
07/01/2012 19:19:21;21;19
07/01/2012 19:19:23;21;19
07/01/2012 19:19:24;21;19
07/01/2012 19:19:26;21;19
07/01/2012 19:19:27;21;19
07/01/2012 19:19:29;19;19
07/01/2012 19:19:30;21;19
07/01/2012 19:19:31;21;19
07/01/2012 19:19:33;21;19
07/01/2012 19:19:34;21;19
07/01/2012 19:19:36;19;19
07/01/2012 19:19:37;21;19
07/01/2012 19:19:39;21;19
07/01/2012 19:19:40;21;19
07/01/2012 19:19:41;21;19
07/01/2012 19:19:43;21;19
07/01/2012 19:19:44;19;19
07/01/2012 19:19:46;21;19
07/01/2012 19:19:47;21;19
07/01/2012 19:19:48;21;19
07/01/2012 19:19:50;21;19
07/01/2012 19:19:51;21;19
07/01/2012 19:19:53;21;19
07/01/2012 19:19:54;21;19
07/01/2012 19:19:56;21;19
07/01/2012 19:19:57;21;19
07/01/2012 19:19:59;21;19
07/01/2012 19:20:00;21;19
07/01/2012 19:20:01;21;19
07/01/2012 19:20:03;21;19
07/01/2012 19:20:04;21;19
07/01/2012 19:20:06;21;19
07/01/2012 19:20:07;21;19
07/01/2012 19:20:09;21;19
07/01/2012 19:20:10;21;19
07/01/2012 19:20:11;21;19
07/01/2012 19:20:13;21;21
07/01/2012 19:20:14;19;19
07/01/2012 19:20:16;21;19
07/01/2012 19:20:17;21;19
07/01/2012 19:20:19;21;19
07/01/2012 19:20:20;21;19
07/01/2012 19:20:21;19;19
07/01/2012 19:20:23;21;19
07/01/2012 19:20:24;21;19
07/01/2012 19:20:26;21;19
07/01/2012 19:20:27;21;19
07/01/2012 19:20:28;21;19
07/01/2012 19:20:30;21;21
07/01/2012 19:20:31;19;19
07/01/2012 19:20:33;21;19
07/01/2012 19:20:34;21;19
07/01/2012 19:20:36;21;19
07/01/2012 19:20:37;21;19
07/01/2012 19:20:38;21;21
07/01/2012 19:20:40;19;19
07/01/2012 19:20:41;21;19
07/01/2012 19:20:43;21;19
07/01/2012 19:20:44;21;19
07/01/2012 19:20:46;21;19
07/01/2012 19:20:47;21;19
07/01/2012 19:20:49;21;19
07/01/2012 19:20:50;21;19
07/01/2012 19:20:52;21;19
07/01/2012 19:20:53;21;19
07/01/2012 19:20:54;21;19
07/01/2012 19:20:56;21;21
07/01/2012 19:20:57;21;21
07/01/2012 19:20:59;21;19
07/01/2012 19:21:00;21;19
07/01/2012 19:21:02;21;19
07/01/2012 19:21:03;21;19
07/01/2012 19:21:05;21;19
07/01/2012 19:21:06;21;21
07/01/2012 19:21:08;21;21
07/01/2012 19:21:09;21;19
07/01/2012 19:21:10;21;19
07/01/2012 19:21:12;21;19
07/01/2012 19:21:13;21;19
07/01/2012 19:21:15;21;19
07/01/2012 19:21:16;21;21
07/01/2012 19:21:18;21;21
07/01/2012 19:21:19;21;19
07/01/2012 19:21:21;21;19
07/01/2012 19:21:22;21;19
07/01/2012 19:21:23;21;19
07/01/2012 19:21:25;21;19
07/01/2012 19:21:26;21;21
07/01/2012 19:21:28;21;21
07/01/2012 19:21:29;19;19
07/01/2012 19:21:31;21;19
07/01/2012 19:21:32;21;19
07/01/2012 19:21:33;21;19
07/01/2012 19:21:35;21;19
07/01/2012 19:21:36;21;19
07/01/2012 19:21:38;21;21
07/01/2012 19:21:39;19;19
07/01/2012 19:21:41;21;19
07/01/2012 19:21:42;21;19
07/01/2012 19:21:43;21;19
07/01/2012 19:21:45;21;19
07/01/2012 19:21:46;21;19
07/01/2012 19:21:48;21;21
07/01/2012 19:21:49;21;21
07/01/2012 19:21:51;21;21
07/01/2012 19:21:52;19;19
07/01/2012 19:21:53;21;19
07/01/2012 19:21:55;21;19
07/01/2012 19:21:56;21;19
07/01/2012 19:21:58;21;19
07/01/2012 19:21:59;21;19
07/01/2012 19:22:01;21;21
07/01/2012 19:22:02;21;21
07/01/2012 19:22:03;21;21
07/01/2012 19:22:05;21;21
07/01/2012 19:22:06;21;21
07/01/2012 19:22:08;21;21
07/01/2012 19:22:09;21;21
07/01/2012 19:22:11;21;21
07/01/2012 19:22:12;21;21
07/01/2012 19:22:13;21;21
07/01/2012 19:22:15;21;21
07/01/2012 19:22:16;21;21
07/01/2012 19:22:18;21;21
07/01/2012 19:22:19;21;21
07/01/2012 19:22:21;21;21
07/01/2012 19:22:22;21;21
07/01/2012 19:22:24;21;21
07/01/2012 19:22:25;21;21
07/01/2012 19:22:27;21;21
07/01/2012 19:22:28;21;21
07/01/2012 19:22:29;21;21
07/01/2012 19:22:31;21;21
07/01/2012 19:22:32;21;21
07/01/2012 19:22:34;19;19
07/01/2012 19:22:35;21;19
07/01/2012 19:22:36;21;19
07/01/2012 19:22:38;21;19
07/01/2012 19:22:39;21;19
07/01/2012 19:22:41;21;19
07/01/2012 19:22:42;21;21
07/01/2012 19:22:44;19;19
07/01/2012 19:22:45;21;19
07/01/2012 19:22:46;21;19
07/01/2012 19:22:48;21;19
07/01/2012 19:22:49;21;19
07/01/2012 19:22:51;21;19
07/01/2012 19:22:52;21;21
07/01/2012 19:22:54;21;21
07/01/2012 19:22:55;21;21
07/01/2012 19:22:56;21;21
07/01/2012 19:22:58;21;19
07/01/2012 19:22:59;21;19
07/01/2012 19:23:01;21;19
07/01/2012 19:23:02;21;19
07/01/2012 19:23:04;21;19
07/01/2012 19:23:05;21;21
07/01/2012 19:23:07;21;21
07/01/2012 19:23:08;21;21
07/01/2012 19:23:09;21;21
07/01/2012 19:23:11;21;21
07/01/2012 19:23:12;21;21
07/01/2012 19:23:14;21;21
07/01/2012 19:23:15;21;21
07/01/2012 19:23:17;21;21
07/01/2012 19:23:18;21;21
07/01/2012 19:23:19;21;21
07/01/2012 19:23:21;21;21
07/01/2012 19:23:22;21;21
07/01/2012 19:23:24;21;21
07/01/2012 19:23:25;21;21
07/01/2012 19:23:27;21;21
07/01/2012 19:23:28;21;21
07/01/2012 19:23:30;21;21
07/01/2012 19:23:31;21;21
07/01/2012 19:23:33;21;21
07/01/2012 19:23:34;21;21
07/01/2012 19:23:35;21;21
07/01/2012 19:23:37;19;19
07/01/2012 19:23:38;21;19
07/01/2012 19:23:40;21;19
07/01/2012 19:23:41;21;19
07/01/2012 19:23:43;21;19
07/01/2012 19:23:44;21;21
07/01/2012 19:23:45;21;21
07/01/2012 19:23:47;21;21
07/01/2012 19:23:48;21;21
07/01/2012 19:23:50;21;21
07/01/2012 19:23:51;21;21
07/01/2012 19:23:53;21;21
07/01/2012 19:23:54;21;21
07/01/2012 19:23:55;21;21
07/01/2012 19:23:57;21;21
07/01/2012 19:23:58;21;21
07/01/2012 19:24:00;21;21
07/01/2012 19:24:01;21;21
07/01/2012 19:24:03;21;21
07/01/2012 19:24:04;21;21
07/01/2012 19:24:05;21;21
07/01/2012 19:24:07;21;21
07/01/2012 19:24:08;21;21
07/01/2012 19:24:10;21;21
07/01/2012 19:24:11;19;19
07/01/2012 19:24:13;21;19
07/01/2012 19:24:14;21;19
07/01/2012 19:24:15;21;19
07/01/2012 19:24:17;21;19
07/01/2012 19:24:18;21;19
07/01/2012 19:24:20;21;21
07/01/2012 19:24:21;21;21
07/01/2012 19:24:23;21;21
07/01/2012 19:24:24;21;21
07/01/2012 19:24:25;21;21
07/01/2012 19:24:27;21;21
07/01/2012 19:24:28;21;21
07/01/2012 19:24:30;21;21
07/01/2012 19:24:31;21;21
07/01/2012 19:24:32;21;21
07/01/2012 19:24:34;21;21
07/01/2012 19:24:35;21;21
07/01/2012 19:24:37;21;21
07/01/2012 19:24:38;21;21
07/01/2012 19:24:40;19;19
07/01/2012 19:24:40;21;19
07/01/2012 19:24:42;21;19
07/01/2012 19:24:45;21;19
07/01/2012 19:24:46;21;19
07/01/2012 19:24:48;21;21
07/01/2012 19:24:49;23;21
07/01/2012 19:24:51;23;21
07/01/2012 19:24:52;21;21
07/01/2012 19:24:54;21;21
07/01/2012 19:24:55;23;21
07/01/2012 19:24:56;21;21
07/01/2012 19:24:58;21;21
07/01/2012 19:24:59;23;21
07/01/2012 19:25:01;23;21
07/01/2012 19:25:02;21;21
07/01/2012 19:25:04;21;21
07/01/2012 19:25:05;21;21
07/01/2012 19:25:06;21;21
07/01/2012 19:25:08;21;21
07/01/2012 19:25:09;21;19
07/01/2012 19:25:11;21;19
07/01/2012 19:25:12;21;21
07/01/2012 19:25:14;21;21
07/01/2012 19:25:15;21;21
07/01/2012 19:25:16;19;19
07/01/2012 19:25:18;21;19
07/01/2012 19:25:19;21;19
07/01/2012 19:25:21;21;19
07/01/2012 19:25:22;21;19
07/01/2012 19:25:24;21;19
07/01/2012 19:25:25;21;21
07/01/2012 19:25:26;21;21
07/01/2012 19:25:28;21;19
07/01/2012 19:25:29;21;19
07/01/2012 19:25:31;21;19
07/01/2012 19:25:33;21;19
07/01/2012 19:25:34;21;19
07/01/2012 19:25:35;21;21
07/01/2012 19:25:37;21;21
07/01/2012 19:25:38;21;21
07/01/2012 19:25:39;21;21
07/01/2012 19:25:41;21;21
07/01/2012 19:25:42;19;19
07/01/2012 19:25:44;21;19
07/01/2012 19:25:45;21;19
07/01/2012 19:25:47;21;19
07/01/2012 19:25:48;21;19
07/01/2012 19:25:49;21;19
07/01/2012 19:25:51;21;21
07/01/2012 19:25:52;21;21
07/01/2012 19:25:54;21;21
07/01/2012 19:25:55;19;19
07/01/2012 19:25:57;21;19
07/01/2012 19:25:58;21;19
07/01/2012 19:25:59;21;19
07/01/2012 19:26:01;21;19
07/01/2012 19:26:02;21;19
07/01/2012 19:26:04;21;21
07/01/2012 19:26:05;21;21
07/01/2012 19:26:07;21;21
07/01/2012 19:26:08;21;19
07/01/2012 19:26:10;21;19
07/01/2012 19:26:11;21;19
07/01/2012 19:26:13;21;19
07/01/2012 19:26:14;21;19
07/01/2012 19:26:16;21;21
07/01/2012 19:26:17;19;19
07/01/2012 19:26:18;21;19
07/01/2012 19:26:20;21;19
07/01/2012 19:26:21;21;19
07/01/2012 19:26:23;21;19
07/01/2012 19:26:24;21;19
07/01/2012 19:26:25;19;19
07/01/2012 19:26:27;21;19
07/01/2012 19:26:28;21;19
07/01/2012 19:26:30;21;19
07/01/2012 19:26:31;21;19
07/01/2012 19:26:33;21;19
07/01/2012 19:26:34;21;21
07/01/2012 19:26:35;21;21
07/01/2012 19:26:37;19;19
07/01/2012 19:26:38;21;19
07/01/2012 19:26:40;21;19
07/01/2012 19:26:43;21;19
07/01/2012 19:26:44;21;19
07/01/2012 19:26:46;21;19
07/01/2012 19:26:47;21;19
07/01/2012 19:26:49;21;19
07/01/2012 19:26:50;21;19
07/01/2012 19:26:52;21;19
07/01/2012 19:26:53;21;21
07/01/2012 19:26:55;19;19
07/01/2012 19:26:56;21;19
07/01/2012 19:26:58;21;19
07/01/2012 19:26:59;21;19
07/01/2012 19:27:01;21;19
07/01/2012 19:27:02;21;19
07/01/2012 19:27:03;21;21
07/01/2012 19:27:05;21;21
07/01/2012 19:27:06;21;21
07/01/2012 19:27:08;19;19
07/01/2012 19:27:09;21;19
07/01/2012 19:27:11;21;19
07/01/2012 19:27:12;21;19
07/01/2012 19:27:13;21;19
07/01/2012 19:27:15;21;21
07/01/2012 19:27:16;21;21
07/01/2012 19:27:18;21;21
07/01/2012 19:27:19;21;21
07/01/2012 19:27:21;21;21
07/01/2012 19:27:22;21;21
07/01/2012 19:27:23;21;21
07/01/2012 19:27:25;21;21
07/01/2012 19:27:26;21;21
07/01/2012 19:27:28;21;21
07/01/2012 19:27:29;21;21
07/01/2012 19:27:31;21;21
07/01/2012 19:27:32;21;21
07/01/2012 19:27:34;21;21
07/01/2012 19:27:35;21;21
07/01/2012 19:27:36;21;21
07/01/2012 19:27:38;21;21
07/01/2012 19:27:39;21;21
07/01/2012 19:27:41;21;21
07/01/2012 19:27:42;21;21
07/01/2012 19:27:44;21;21
07/01/2012 19:27:45;21;21
07/01/2012 19:27:46;21;21
07/01/2012 19:27:48;21;21
07/01/2012 19:27:49;21;21
07/01/2012 19:27:51;21;21
07/01/2012 19:27:52;21;21
07/01/2012 19:27:54;21;21
07/01/2012 19:27:55;21;21
07/01/2012 19:27:57;21;21
07/01/2012 19:27:58;21;21
07/01/2012 19:27:59;21;21
07/01/2012 19:28:01;21;21
07/01/2012 19:28:02;21;21
07/01/2012 19:28:04;21;21
07/01/2012 19:28:05;21;21
07/01/2012 19:28:07;21;21
07/01/2012 19:28:08;21;21
07/01/2012 19:28:09;21;21
07/01/2012 19:28:11;21;21
07/01/2012 19:28:12;21;21
07/01/2012 19:28:14;21;21
07/01/2012 19:28:15;21;21
07/01/2012 19:28:17;21;21
07/01/2012 19:28:18;21;21
07/01/2012 19:28:19;21;19
07/01/2012 19:28:21;21;19
07/01/2012 19:28:22;21;19
07/01/2012 19:28:24;21;19
07/01/2012 19:28:25;21;19
07/01/2012 19:28:27;21;21
07/01/2012 19:28:28;21;21
07/01/2012 19:28:30;21;21
07/01/2012 19:28:31;21;21
07/01/2012 19:28:32;21;21
07/01/2012 19:28:34;21;21
07/01/2012 19:28:35;21;21
07/01/2012 19:28:37;21;21
07/01/2012 19:28:38;21;21
07/01/2012 19:28:40;21;19
07/01/2012 19:28:41;21;19
07/01/2012 19:28:42;21;19
07/01/2012 19:28:44;21;19
07/01/2012 19:28:45;21;19
07/01/2012 19:28:47;21;21
07/01/2012 19:28:48;21;21
07/01/2012 19:28:50;21;21
07/01/2012 19:28:51;19;19
07/01/2012 19:28:52;21;19
07/01/2012 19:28:54;21;19
07/01/2012 19:28:55;21;19
07/01/2012 19:28:57;21;19
07/01/2012 19:28:58;21;19
07/01/2012 19:28:59;21;21
07/01/2012 19:29:01;21;21
07/01/2012 19:29:02;21;21
07/01/2012 19:29:04;21;21
07/01/2012 19:29:05;21;21
07/01/2012 19:29:07;21;21
07/01/2012 19:29:08;21;21
07/01/2012 19:29:10;21;21
07/01/2012 19:29:11;21;21
07/01/2012 19:29:13;21;21
07/01/2012 19:29:14;21;21
07/01/2012 19:29:16;21;21
07/01/2012 19:29:18;21;21
07/01/2012 19:29:19;21;21
07/01/2012 19:29:21;21;21
07/01/2012 19:29:22;21;21
07/01/2012 19:29:24;21;21
07/01/2012 19:29:25;21;21
07/01/2012 19:29:27;21;21
07/01/2012 19:29:28;21;21
07/01/2012 19:29:30;21;21
07/01/2012 19:29:31;21;21
07/01/2012 19:29:33;21;21
07/01/2012 19:29:35;21;21
07/01/2012 19:29:36;21;21
07/01/2012 19:29:38;21;21
07/01/2012 19:29:39;21;21
07/01/2012 19:29:41;21;21
07/01/2012 19:29:42;21;21
07/01/2012 19:29:44;21;21
07/01/2012 19:29:45;21;21
07/01/2012 19:29:47;21;21
07/01/2012 19:29:48;21;21
07/01/2012 19:29:50;21;21
07/01/2012 19:29:51;21;21
07/01/2012 19:29:53;21;21
07/01/2012 19:29:54;21;21
07/01/2012 19:29:56;21;21
07/01/2012 19:29:57;21;21
07/01/2012 19:29:59;21;21
07/01/2012 19:30:00;21;21
07/01/2012 19:30:02;21;21
07/01/2012 19:30:03;21;21
07/01/2012 19:30:04;19;19
07/01/2012 19:30:06;21;19
07/01/2012 19:30:07;21;19
07/01/2012 19:30:09;21;19
07/01/2012 19:30:10;21;19
07/01/2012 19:30:12;21;19
07/01/2012 19:30:13;21;21
07/01/2012 19:30:14;21;21
07/01/2012 19:30:16;21;21
07/01/2012 19:30:17;21;21
07/01/2012 19:30:19;21;21
07/01/2012 19:30:20;21;21
07/01/2012 19:30:22;21;21
07/01/2012 19:30:23;21;21
07/01/2012 19:30:25;21;21
07/01/2012 19:30:26;21;21
07/01/2012 19:30:27;21;21
07/01/2012 19:30:29;21;21
07/01/2012 19:30:30;21;21
07/01/2012 19:30:32;21;21
07/01/2012 19:30:33;21;21
07/01/2012 19:30:35;21;21
07/01/2012 19:30:36;21;21
07/01/2012 19:30:37;21;21
07/01/2012 19:30:39;21;21
07/01/2012 19:30:40;21;21
07/01/2012 19:30:42;21;21
07/01/2012 19:30:43;21;21
07/01/2012 19:30:44;21;21
07/01/2012 19:30:46;21;21
07/01/2012 19:30:47;21;21
07/01/2012 19:30:49;21;21
07/01/2012 19:30:50;21;21
07/01/2012 19:30:52;21;21
07/01/2012 19:30:53;21;21
07/01/2012 19:30:55;21;21
07/01/2012 19:30:56;21;21
07/01/2012 19:30:57;21;21
07/01/2012 19:30:59;21;21
07/01/2012 19:31:00;21;21
07/01/2012 19:31:02;21;21
07/01/2012 19:31:03;21;21
07/01/2012 19:31:04;21;21
07/01/2012 19:31:06;21;21
07/01/2012 19:31:07;21;21
07/01/2012 19:31:09;21;21
07/01/2012 19:31:10;21;21
07/01/2012 19:31:12;21;21
07/01/2012 19:31:13;21;21
07/01/2012 19:31:15;21;21
07/01/2012 19:31:16;21;21
07/01/2012 19:31:18;21;21
07/01/2012 19:31:19;21;21
07/01/2012 19:31:20;21;21
07/01/2012 19:31:22;21;21
07/01/2012 19:31:23;21;21
07/01/2012 19:31:25;21;21
07/01/2012 19:31:26;21;21
07/01/2012 19:31:28;21;21
07/01/2012 19:31:29;21;21
07/01/2012 19:31:31;21;21
07/01/2012 19:31:32;21;21
07/01/2012 19:31:34;21;21
07/01/2012 19:31:35;21;21
07/01/2012 19:31:37;21;21
07/01/2012 19:31:38;21;21
07/01/2012 19:31:39;21;21
07/01/2012 19:31:41;21;21
07/01/2012 19:31:42;21;21
07/01/2012 19:31:44;21;21
07/01/2012 19:31:45;21;21
07/01/2012 19:31:47;21;21
07/01/2012 19:31:48;21;21
07/01/2012 19:31:49;21;21
07/01/2012 19:31:51;21;21
07/01/2012 19:31:52;21;21
07/01/2012 19:31:54;21;21
07/01/2012 19:31:55;21;21
07/01/2012 19:31:57;21;21
07/01/2012 19:31:58;21;21
07/01/2012 19:32:00;21;21
07/01/2012 19:32:01;21;21
07/01/2012 19:32:03;21;21
07/01/2012 19:32:04;21;21
07/01/2012 19:32:06;21;21
07/01/2012 19:32:07;21;21
07/01/2012 19:32:09;21;21
07/01/2012 19:32:14;21;21
07/01/2012 19:32:15;21;21
07/01/2012 19:32:17;21;21
07/01/2012 19:32:18;21;21
07/01/2012 19:32:20;21;21
07/01/2012 19:32:21;21;21
07/01/2012 19:32:23;21;21
07/01/2012 19:32:24;21;21
07/01/2012 19:32:26;21;21
07/01/2012 19:32:27;21;21
07/01/2012 19:32:28;23;21
07/01/2012 19:32:30;21;21
07/01/2012 19:32:31;21;21
07/01/2012 19:32:33;21;21
07/01/2012 19:32:34;21;21
07/01/2012 19:32:36;21;21
07/01/2012 19:32:37;21;21
07/01/2012 19:32:38;21;21
07/01/2012 19:32:40;23;21
07/01/2012 19:32:41;21;21
07/01/2012 19:32:43;21;21
07/01/2012 19:32:44;21;21
07/01/2012 19:32:46;21;21
07/01/2012 19:32:47;21;21
07/01/2012 19:32:48;21;21
07/01/2012 19:32:50;21;21
07/01/2012 19:32:51;21;21
07/01/2012 19:32:53;21;21
07/01/2012 19:32:54;21;21
07/01/2012 19:32:56;21;21
07/01/2012 19:32:57;21;21
07/01/2012 19:32:59;21;21
07/01/2012 19:33:00;21;21
07/01/2012 19:33:02;21;21
07/01/2012 19:33:03;21;21
07/01/2012 19:33:05;21;21
07/01/2012 19:33:06;23;21
07/01/2012 19:33:08;21;21
07/01/2012 19:33:09;23;21
07/01/2012 19:33:11;21;21
07/01/2012 19:33:12;21;21
07/01/2012 19:33:14;23;21
07/01/2012 19:33:15;21;21
07/01/2012 19:33:17;21;21
07/01/2012 19:33:18;23;21
07/01/2012 19:33:20;23;21
07/01/2012 19:33:21;23;21
07/01/2012 19:33:23;23;21
07/01/2012 19:33:24;23;21
07/01/2012 19:33:26;21;21
07/01/2012 19:33:27;23;21
07/01/2012 19:33:29;23;21
07/01/2012 19:33:30;21;21
07/01/2012 19:33:32;23;21
07/01/2012 19:33:33;23;21
07/01/2012 19:33:35;21;21
07/01/2012 19:33:36;23;21
07/01/2012 19:33:38;23;21
07/01/2012 19:33:39;21;21
07/01/2012 19:33:41;23;21
07/01/2012 19:33:42;23;21
07/01/2012 19:33:43;23;21
07/01/2012 19:33:45;21;21
07/01/2012 19:33:46;21;21
07/01/2012 19:33:48;21;21
07/01/2012 19:33:49;21;21
07/01/2012 19:33:50;21;21
07/01/2012 19:33:52;21;21
07/01/2012 19:33:53;23;21
07/01/2012 19:33:55;23;21
07/01/2012 19:33:57;21;21
07/01/2012 19:33:59;21;21
07/01/2012 19:33:59;21;21
07/01/2012 19:34:00;23;21
07/01/2012 19:34:02;21;21
07/01/2012 19:34:03;21;21
07/01/2012 19:34:05;21;21
07/01/2012 19:34:06;21;21
07/01/2012 19:34:07;21;21
07/01/2012 19:34:09;21;21
07/01/2012 19:34:10;21;21
07/01/2012 19:34:12;21;21
07/01/2012 19:34:13;21;21
07/01/2012 19:34:15;21;21
07/01/2012 19:34:16;21;21
07/01/2012 19:34:17;21;21
07/01/2012 19:34:19;23;21
07/01/2012 19:34:20;21;21
07/01/2012 19:34:22;21;21
07/01/2012 19:34:23;21;21
07/01/2012 19:34:25;21;21
07/01/2012 19:34:26;21;21
07/01/2012 19:34:28;21;21
07/01/2012 19:34:29;21;21
07/01/2012 19:34:30;21;21
07/01/2012 19:34:32;21;21
07/01/2012 19:34:33;21;21
07/01/2012 19:34:35;21;21
07/01/2012 19:34:36;21;21
07/01/2012 19:34:38;21;21
07/01/2012 19:34:39;21;21
07/01/2012 19:34:40;21;21
07/01/2012 19:34:42;23;21
07/01/2012 19:34:43;21;21
07/01/2012 19:34:45;21;21
07/01/2012 19:34:46;21;21
07/01/2012 19:34:48;21;21
07/01/2012 19:34:49;21;21
07/01/2012 19:34:51;21;21
07/01/2012 19:34:52;23;21
07/01/2012 19:34:54;21;21
07/01/2012 19:34:55;21;21
07/01/2012 19:34:56;21;21
07/01/2012 19:34:58;21;21
07/01/2012 19:34:59;21;21
07/01/2012 19:35:01;21;21
07/01/2012 19:35:03;23;21
07/01/2012 19:35:04;21;21
07/01/2012 19:35:06;23;21
07/01/2012 19:35:07;21;21
07/01/2012 19:35:09;21;21
07/01/2012 19:35:10;23;21
07/01/2012 19:35:12;21;21
07/01/2012 19:35:13;21;21
07/01/2012 19:35:15;21;21
07/01/2012 19:35:16;21;21
07/01/2012 19:35:18;23;21
07/01/2012 19:35:19;21;21
07/01/2012 19:35:20;21;21
07/01/2012 19:35:22;21;21
07/01/2012 19:35:23;21;21
07/01/2012 19:35:25;21;21
07/01/2012 19:35:26;21;21
07/01/2012 19:35:28;21;21
07/01/2012 19:35:29;21;21
07/01/2012 19:35:31;21;21
07/01/2012 19:35:32;23;21
07/01/2012 19:35:33;21;21
07/01/2012 19:35:35;21;21
07/01/2012 19:35:36;21;21
07/01/2012 19:35:38;21;21
07/01/2012 19:35:39;21;21
07/01/2012 19:35:41;21;21
07/01/2012 19:35:42;23;21
07/01/2012 19:35:43;21;21
07/01/2012 19:35:45;21;21
07/01/2012 19:35:46;21;21
07/01/2012 19:35:48;21;21
07/01/2012 19:35:49;21;21
07/01/2012 19:35:51;21;21
07/01/2012 19:35:52;23;21
07/01/2012 19:35:53;21;21
07/01/2012 19:35:55;21;21
07/01/2012 19:35:56;21;21
07/01/2012 19:35:58;21;21
07/01/2012 19:35:59;21;21
07/01/2012 19:36:01;21;21
07/01/2012 19:36:02;23;21
07/01/2012 19:36:03;21;21
07/01/2012 19:36:05;21;21
07/01/2012 19:36:06;21;21
07/01/2012 19:36:08;21;21
07/01/2012 19:36:09;21;21
07/01/2012 19:36:10;21;21
07/01/2012 19:36:12;21;21
07/01/2012 19:36:13;21;21
07/01/2012 19:36:15;21;21
07/01/2012 19:36:16;21;21
07/01/2012 19:36:18;21;21
07/01/2012 19:36:19;21;21
07/01/2012 19:36:21;21;21
07/01/2012 19:36:22;21;21
07/01/2012 19:36:23;21;21
07/01/2012 19:36:25;21;21
07/01/2012 19:36:27;21;21
07/01/2012 19:36:28;21;21
07/01/2012 19:36:30;21;21
07/01/2012 19:36:31;21;21
07/01/2012 19:36:33;21;21
07/01/2012 19:36:34;21;21
07/01/2012 19:36:36;21;21
07/01/2012 19:36:37;21;21
07/01/2012 19:36:39;23;21
07/01/2012 19:36:40;21;21
07/01/2012 19:36:42;21;21
07/01/2012 19:36:43;21;21
07/01/2012 19:36:45;21;21
07/01/2012 19:36:46;21;21
07/01/2012 19:36:48;21;21
07/01/2012 19:36:49;21;21
07/01/2012 19:36:51;21;21
07/01/2012 19:36:52;21;21
07/01/2012 19:36:54;21;21
07/01/2012 19:36:56;21;21
07/01/2012 19:36:57;21;21
07/01/2012 19:36:59;21;21
07/01/2012 19:37:00;21;21
07/01/2012 19:37:02;21;21
07/01/2012 19:37:03;23;21
07/01/2012 19:37:05;21;21
07/01/2012 19:37:06;21;21
07/01/2012 19:37:08;21;21
07/01/2012 19:37:09;21;21
07/01/2012 19:37:11;19;21
07/01/2012 19:37:12;23;21
07/01/2012 19:37:14;19;19
07/01/2012 19:37:15;23;21
07/01/2012 19:37:17;21;21
07/01/2012 19:37:18;21;21
07/01/2012 19:37:20;21;21
07/01/2012 19:37:21;21;21
07/01/2012 19:37:23;21;21
07/01/2012 19:37:24;21;21
07/01/2012 19:37:25;21;21
07/01/2012 19:37:27;21;21
07/01/2012 19:37:28;21;21
07/01/2012 19:37:30;21;21
07/01/2012 19:37:31;21;21
07/01/2012 19:37:32;21;21
07/01/2012 19:37:34;21;21
07/01/2012 19:37:35;21;21
07/01/2012 19:37:37;23;21
07/01/2012 19:37:38;23;21
07/01/2012 19:37:40;21;21
07/01/2012 19:37:41;23;21
07/01/2012 19:37:42;23;21
07/01/2012 19:37:44;21;21
07/01/2012 19:37:45;21;21
07/01/2012 19:37:47;23;21
07/01/2012 19:37:48;23;21
07/01/2012 19:37:50;21;21
07/01/2012 19:37:51;23;21
07/01/2012 19:37:52;23;21
07/01/2012 19:37:54;21;21
07/01/2012 19:37:55;23;21
07/01/2012 19:37:57;21;21
07/01/2012 19:37:58;21;21
07/01/2012 19:38:00;23;21
07/01/2012 19:38:01;21;21
07/01/2012 19:38:02;21;21
07/01/2012 19:38:04;23;21
07/01/2012 19:38:05;23;21
07/01/2012 19:38:07;21;21
07/01/2012 19:38:08;21;21
07/01/2012 19:38:10;23;21
07/01/2012 19:38:11;21;21
07/01/2012 19:38:12;23;21
07/01/2012 19:38:14;21;21
07/01/2012 19:38:15;21;21
07/01/2012 19:38:17;23;21
07/01/2012 19:38:18;23;21
07/01/2012 19:38:20;21;21
07/01/2012 19:38:21;23;21
07/01/2012 19:38:22;23;21
07/01/2012 19:38:24;21;21
07/01/2012 19:38:25;21;21
07/01/2012 19:38:27;21;21
07/01/2012 19:38:28;21;21
07/01/2012 19:38:30;23;21
07/01/2012 19:38:31;21;21
07/01/2012 19:38:32;21;21
07/01/2012 19:38:34;23;21
07/01/2012 19:38:35;23;21
07/01/2012 19:38:37;21;21
07/01/2012 19:38:38;21;21
07/01/2012 19:38:40;23;21
07/01/2012 19:38:41;21;21
07/01/2012 19:38:42;21;21
07/01/2012 19:38:44;23;21
07/01/2012 19:38:45;23;21
07/01/2012 19:38:47;21;21
07/01/2012 19:38:48;23;21
07/01/2012 19:38:50;23;21
07/01/2012 19:38:51;21;21
07/01/2012 19:38:53;21;21
07/01/2012 19:38:54;21;21
07/01/2012 19:38:55;21;21
07/01/2012 19:38:57;23;21
07/01/2012 19:38:58;21;21
07/01/2012 19:39:00;21;21
07/01/2012 19:39:01;23;21
07/01/2012 19:39:03;23;21
07/01/2012 19:39:04;21;21
07/01/2012 19:39:05;21;21
07/01/2012 19:39:07;23;21
07/01/2012 19:39:08;21;21
07/01/2012 19:39:10;21;21
07/01/2012 19:39:11;23;21
07/01/2012 19:39:13;23;21
07/01/2012 19:39:14;21;21
07/01/2012 19:39:15;21;21
07/01/2012 19:39:17;21;21
07/01/2012 19:39:18;23;21
07/01/2012 19:39:20;23;21
07/01/2012 19:39:21;21;21
07/01/2012 19:39:23;21;21
07/01/2012 19:39:24;23;21
07/01/2012 19:39:25;21;21
07/01/2012 19:39:27;21;21
07/01/2012 19:39:28;21;21
07/01/2012 19:39:30;21;21
07/01/2012 19:39:31;23;21
07/01/2012 19:39:33;23;21
07/01/2012 19:39:34;21;21
07/01/2012 19:39:35;23;21
07/01/2012 19:39:37;23;21
07/01/2012 19:39:38;21;21
07/01/2012 19:39:40;21;21
07/01/2012 19:39:41;23;21
07/01/2012 19:39:43;21;21
07/01/2012 19:39:45;21;21
07/01/2012 19:39:45;23;21
07/01/2012 19:39:47;23;21
07/01/2012 19:39:48;21;21
07/01/2012 19:39:50;21;21
07/01/2012 19:39:51;23;21
07/01/2012 19:39:52;21;21
07/01/2012 19:40:21;21;21
07/01/2012 19:40:23;23;21
07/01/2012 19:40:24;23;21
07/01/2012 19:40:26;23;21
07/01/2012 19:40:27;23;21
07/01/2012 19:40:29;23;21
07/01/2012 19:40:30;23;21
07/01/2012 19:40:31;23;21
07/01/2012 19:40:33;23;21
07/01/2012 19:40:34;21;21
07/01/2012 19:40:36;21;21
07/01/2012 19:40:37;23;21
07/01/2012 19:40:39;21;21
07/01/2012 19:40:40;23;21
07/01/2012 19:40:42;21;21
07/01/2012 19:40:43;23;21
07/01/2012 19:40:44;21;21
07/01/2012 19:40:46;23;21
07/01/2012 19:40:47;21;21
07/01/2012 19:40:49;23;21
07/01/2012 19:40:50;21;21
07/01/2012 19:40:52;21;21
07/01/2012 19:40:53;23;21
07/01/2012 19:40:54;23;21
07/01/2012 19:40:56;23;21
07/01/2012 19:40:57;23;21
07/01/2012 19:40:59;23;21
07/01/2012 19:41:01;23;21
07/01/2012 19:41:03;21;21
07/01/2012 19:41:05;23;21
07/01/2012 19:41:06;21;21
07/01/2012 19:41:08;23;21
07/01/2012 19:41:09;21;21
07/01/2012 19:41:11;23;21
07/01/2012 19:41:12;21;21
07/01/2012 19:41:13;23;21
07/01/2012 19:41:15;21;21
07/01/2012 19:41:16;23;21
07/01/2012 19:41:18;21;21
07/01/2012 19:41:19;23;21
07/01/2012 19:41:21;21;21
07/01/2012 19:41:22;23;21
07/01/2012 19:41:24;21;21
07/01/2012 19:41:25;23;21
07/01/2012 19:41:26;23;21
07/01/2012 19:41:28;23;21
07/01/2012 19:41:29;23;21
07/01/2012 19:41:31;23;21
07/01/2012 19:41:32;23;21
07/01/2012 19:41:34;21;21
07/01/2012 19:41:35;23;21
07/01/2012 19:41:37;21;21
07/01/2012 19:41:38;23;21
07/01/2012 19:41:40;21;21
07/01/2012 19:41:41;23;21
07/01/2012 19:41:42;21;21
07/01/2012 19:41:44;23;21
07/01/2012 19:41:45;23;21
07/01/2012 19:41:47;23;21
07/01/2012 19:41:48;23;21
07/01/2012 19:41:50;23;21
07/01/2012 19:41:51;15;21
07/01/2012 19:41:53;0;15
07/01/2012 19:41:54;0;13
07/01/2012 19:41:55;2;11
07/01/2012 19:41:57;0;4
07/01/2012 19:41:58;0;2
 
